ARTNUM,ORIGINAL_ART_NO,MANUFACTURER,STOCK_QTY
70ct,JP-70CT001-00,GLANCETRON,116
70ctu,JP-70CTU01-01,GLANCETRON,21
8005-1,JO-8005001-00,JARLTECH,842
8005-u,JO-8005002-01,GLANCETRON,537
8070fuss,"JT-387 Z1TNR33-1461",METAPACE,0
8070key,Z1N260-313L/K,METAPACE,0
8070keys,8070keys,METAPACE,0
8070kit4,"JT-803 8070KIT4",METAPACE,0
8070kit8,"JT-846 8070KIT8",METAPACE,693
8070mount,K1-MT-B,METAPACE,158
8070rolle,Z1DR-19-B1,METAPACE,0
8070zaech,"38001153009100 + 18070081007539 CHF",INKIESS,0
8070zaecz,"JT-XXX 38001153009100 + 18070081007561",METAPACE,0
8070zaedk,"JT-XXX 38001153009100 + 18070081007508",METAPACE,0
8070zaehl,"3 8001 03 100 91 99",INKIESS,8
8070zaehu,"JT-XXX 38001153009100 + 18070081007564",METAPACE,0
8070zaeno,"JT-XXX 38001153009100 + 18070081007528",METAPACE,0
8070zaeru,"JT-XXX 38001153009100 + 18070081007575",METAPACE,0
8070zaese,"JT-XXX 38001153009100 + 18070081007530",INKIESS,0
8090kab5,EXTDRSW20,METAPACE,91
acab3mone,16400.247-0003,ANKER,0
ads4616-2,16500.226-0027,ANKER,0
ads4616base2,16500.016-0000,ANKER,0
ads4616casnew,16500.226-0020,ANKER,4
adsaus12v,08512.550-0020,ANKER,0
adsbasis,16101.185-0000,ANKER,32
adsbasis4,16101.151-0000,ANKER,0
adsbasis9,16101.256-6210,ANKER,0
adscabibm,16102.003-1000,ANKER,0
adscabibm2,16102.003-1005,ANKER,60
adsccb1,29102.042-0001,ANKER,0
adsccbr,29102.042-0000,ANKER,0
adsccc,16101.700-0001,ANKER,0
adsccc1,29102.047-0001,ANKER,0
adscccr,29102.047-0000,ANKER,2
adsceeur,29102.010-0000,ANKER,0
adscep,29102.020-0100,ANKER,0
adscetsp,29102.020-0200,ANKER,0
adscetstouch,29102.015-0000,ANKER,0
adscontrolu,42700.002-0000,ANKER,0
adscup2,08512.580-0020,ANKER,0
adscupeccset,16101.900-0000,ANKER,24
adscupeccset2,16101.901-0000,ANKER,0
adscupuccset,16400.385-0020,ANKER,8
adsecclg,16101.341-0150,ANKER,11
adseftpadb,15160.314-0521,ANKER,0
adseftpadb-2,15160.314-0522,ANKER,0
adseinsatz,08512.457-0020,ANKER,0
adseinsatz-9,29101.102-0907,ANKER,0
adseinsw2,16101.274-0520,ANKER,1
adseuro,16101.150-0150,ANKER,0
adseuronlsw,16101.276-0120,ANKER,0
adseurosw,16101.150-0120,ANKER,65
adseuroswmix,16101.150-0121,ANKER,29
adseuroswmix-2,16101.150-0151,ANKER,0
adsh5000,15100.435-0023,ANKER,0
adsict250,15100.435-0025,ANKER,0
adsipp350,15100.435-0021,ANKER,0
adskabel2,16102.001-1001,ANKER,0
adskabelsw,16102.001-1003,ANKER,0
adskabelsw2m,16102.001-1002,ANKER,0
adslade212,08512.620-0020,ANKER,0
adslade2cup,08512.571-0020,ANKER,0
adslade2ei,08512.435-0020,ANKER,14
adslade2ph,08512.621-0020,ANKER,0
adslade2wph,08512.621-0050,ANKER,17
adslade3,08512.623-0020,ANKER,33
adslock2,99019.165-1000,ANKER,19
adslockkey,99019.164-1001,ANKER,0
adsmag36v,09725.178-3100,ANKER,18
adsmdcab,29101.090-0020,ANKER,0
adsmds45,29101.053-0020,ANKER,0
adsmds45deck-2,29101.058-0020,ANKER,0
adsmdx13,29101.101-0020,ANKER,12
adsmdx13-2,29101.101-0080,ANKER,0
adsmdx13-3,29101.101-0320,ANKER,0
adsmdx16-2,29101.102-0320,ANKER,0
adsmdx16-3,29101.102-0025,ANKER,0
adsmdx1639deck-2,29101.102-0904,ANKER,8
adsmdx18,29101.103-0020,ANKER,0
adsmdx18-2,29101.103-0320,ANKER,0
adsmdx18mount,29101.103-0905,ANKER,0
adsmdx32,29101.023-0020,ANKER,0
adsmdx32deck,29101.028-0021,ANKER,0
adsmdx32deck-2,29101.028-0020,ANKER,4
adsmdx39,29101.013-0020,ANKER,2
adsmdz13,29101.210-0020,ANKER,0
adsmdz14,29101.220-0020,ANKER,0
adsmdz16,29101.230-0020,ANKER,0
adsmount2,29101.101-0906,ANKER,0
adsmx925,15100.432-0025,ANKER,1
adsnoteholds,08031.003-0020,ANKER,48
adsnoteholds-2,08031.003-0050,ANKER,19
adsnoteholdst,56100.050-0100,ANKER,79
adsopen,16101.420-0000,ANKER,0
adspluglock,99019.156-0000,ANKER,0
adsrelease,08512.551-0020,ANKER,0
adsrelease2,08512.562-0020,ANKER,0
adsrelease3,08512.855-0020,ANKER,0
adsreleasew,08512.551-0050,ANKER,0
adsrk10s,60100.060-0010,ANKER,0
adsrk10s-2,60100.060-0040,ANKER,0
adsrk10s-3,60100.060-0011,ANKER,0
adsrk10s-4,60100.060-0041,ANKER,0
adsrk10s-5,60100.060-0012,ANKER,0
adsrk10s-6,60100.060-0042,ANKER,0
adsrk10s-7,60100.060-0013,ANKER,0
adsrk10s-8,60100.060-0043,ANKER,0
adssccneo,16104.110-0155,ANKER,0
adssccneo-10,16104.321-0123,ANKER,0
adssccneo-11,16104.321-0150,ANKER,0
adssccneo-2,16104.110-0123,ANKER,0
adssccneo-3,16104.110-0121,ANKER,0
adssccneo-4,16104.400-0020,ANKER,0
adssccneo-5,16104.110-9120,ANKER,0
adssccneo-6,16104.110-0150,ANKER,0
adssccneo-7,16104.110-0120,ANKER,38
adssccneo-9,16104.321-0120,ANKER,0
adsscco,16101.221-0000,ANKER,0
adssco,58400.010-0070,ANKER,0
adssco2,58400.000-0070,ANKER,0
adssco3,58400.010-0030,ANKER,0
adssco4,58400.000-0030,ANKER,0
adsscostand,58500.001-0070,ANKER,0
adsstabase2,16101.277-5000,ANKER,0
adsstalid,16102.059-0020,ANKER,10
adsucc2,16400.502-0020,ANKER,0
adsucc24b,16400.507-0020,ANKER,0
adsucc3,16400.725-0020,ANKER,0
adsuccein,16400.350-0020,ANKER,0
adsuccein2,16400.350-0021,ANKER,0
adsuccsw,16400.700-0020,ANKER,0
adsucd,08512.500-0050,ANKER,0
adsucdlock,08512.497-0000,ANKER,0
adsvx820,15100.435-0022,ANKER,0
adsyomani,15100.435-0026,ANKER,0
adv96dlkeybrd-1,96DL-KW2122,ADVANTECH,0
adv96dlkeybrd-2,96DL-KW2119,ADVANTECH,0
adv96dlkeybrd-3,96DL-KG27606,ADVANTECH,0
advdlmtkt14,DL-MTKT014,ADVANTECH,0
advdlmtkt15,DL-MTKT015,ADVANTECH,0
advdlmtkt16,DL-MTKT016,ADVANTECH,0
advdltv73-10,DLV7310-2PQ110W00,ADVANTECH,33
advdltv73-12,DLV7312-2PQ110W00,ADVANTECH,3
advdltv73-121,DLV7312-9QH1G0W000,ADVANTECH,0
advdltv73-13,DLV7312-2PQ120WC0,ADVANTECH,2
advdltv73-14,DLV7310-2PQ120WC0,ADVANTECH,1
advdlv7310-5p,DLV7310-5PQ120WC0,ADVANTECH,0
advdlv7310ap,DLV7310-9PH1G0W000,ADVANTECH,0
advdlv7310r,DLV7310-2VQ110W00,ADVANTECH,0
advdlv7312ap,DLV7312-9PH1G0W000,ADVANTECH,0
advdlv7312p-2,DLV7312-2QQ110W00,ADVANTECH,0
advdlv7312p-3,DLV7312-4QQ110W00,ADVANTECH,0
advps90,96DL-FSP090-AAAN3,ADVANTECH,1
advram-003,DL-MTRM003,ADVANTECH,0
advram-004,DL-MTRM004,ADVANTECH,0
advutc100,UTC-115GP-WEU1F,ADVANTECH,2
advutc100-2,UTC-120GP-WEU1E,ADVANTECH,6
advutc100pb11e,UTC-100P-B11E,ADVANTECH,0
advutc100pc10e,UTC-100P-C10E,ADVANTECH,0
advutc100pf10e,UTC-100P-F10E,ADVANTECH,0
advutc100pl10e,UTC-100P-L10E,ADVANTECH,0
advutc100pm10e,UTC-100P-M10E,ADVANTECH,0
advutc100pr10e,UTC-100P-R10E,ADVANTECH,0
advutc100ps10e,UTC-100P-S10E,ADVANTECH,0
advutc100pt10e,UTC-100P-T10E,ADVANTECH,0
advutc110h,UBX-110H-BEU00,ADVANTECH,0
advutc110k,UBX-110K-BEU00,ADVANTECH,0
advutc110k-2,UBX-110K-BEU01,ADVANTECH,1
advutc115ip,UTC-115IP-WWW1F,ADVANTECH,0
advutc115kp,UTC-115KP-WWW1F,ADVANTECH,0
advutc115kp-2,UTC-115KP-WWF1F,ADVANTECH,7
advutc120ip,UTC-120IP-WWW1E,ADVANTECH,0
advutc120kp,UTC-120KP-WWW1E,ADVANTECH,11
advutc120kp-2,UTC-120KP-WWF1E,ADVANTECH,10
advutc12240,ARES-1204G-AR01101,ADVANTECH,0
advutc12250,ARES-12250-L101000,ADVANTECH,0
advutc124,UTC-124G1P-WWW1E,ADVANTECH,0
advutc124i1p,UTC-124I1P-WWW1E,ADVANTECH,0
advutc124kp,UTC-124KP-WWW1E,ADVANTECH,0
advutc124kp-2,UTC-124KP-WWF1E,ADVANTECH,0
advutc196011499,1960114996N000,ADVANTECH,0
advutc196011499-3,1960114995N000,ADVANTECH,0
advutc196011499-4,1960114993N001,ADVANTECH,0
advutc196011499-5,1960114994N001,ADVANTECH,0
advutc19z0002915n,19Z0002915N001,ADVANTECH,0
advutc210k,UBX-210K-BEU00,ADVANTECH,0
advutc210k-2,UBX-210K-BEU01,ADVANTECH,0
advutc2414x,ARES-2414X-S150201,ADVANTECH,0
advutc2424x,ARES-2424X-S170201,ADVANTECH,0
advutc2424xw,ARES-2424X-S170200,ADVANTECH,4
advutc2425x,ARES-2425X-S271001,ADVANTECH,0
advutc300p315,UTC-300P-D10E,ADVANTECH,0
advutc300p318,UTC-300P-D20E,ADVANTECH,0
advutc300pb61e,UTC-300P-B61E,ADVANTECH,0
advutc300pb71e,UTC-300P-B71E,ADVANTECH,0
advutc300pc21e,UTC-300P-C21E,ADVANTECH,0
advutc300pc71e,UTC-300P-C71E,ADVANTECH,0
advutc300pl70e,UTC-300P-L70E,ADVANTECH,0
advutc300pm21e,UTC-300P-M21E,ADVANTECH,0
advutc300pm71e,UTC-300P-M71E,ADVANTECH,0
advutc300pp71e,UTC-300P-P71E,ADVANTECH,0
advutc300pp72e,UTC-300P-P72E,ADVANTECH,0
advutc300pr21e,UTC-300P-R21E,ADVANTECH,0
advutc300pr71e,UTC-300P-R71E,ADVANTECH,0
advutc300ps21e,UTC-300P-S21E,ADVANTECH,0
advutc310jp,UTC-310JP-EUC0E,ADVANTECH,0
advutc315ip,UTC-315IP-EUC0E,ADVANTECH,0
advutc315kp,UTC-315KP-EUC0E,ADVANTECH,0
advutc318ip,UTC-318IP-EUC0E,ADVANTECH,0
advutc320ip,UTC-320IP-EUC0E,ADVANTECH,0
advutc510,UTC-510-STAND0E,ADVANTECH,0
advutc510jp,UTC-510JP-EUC0E,ADVANTECH,0
advutc510pb03e,UTC-510P-B03E,ADVANTECH,0
advutc510pf01e,UTC-510P-F01E,ADVANTECH,0
advutc510pr01e,UTC-510P-R01E,ADVANTECH,0
advutc510sl,UBX-510SL-BEU00,ADVANTECH,0
advutc515ip,UTC-515IP-EUC0E,ADVANTECH,0
advutc515jp,UTC-515JP-EUC0E,ADVANTECH,0
advutc520,UTC-520-STAND1E,ADVANTECH,0
advutc520ip,UTC-520IP-EUC0E,ADVANTECH,0
advutc520jp,UTC-520JP-EUC0E,ADVANTECH,0
advutc532ip,UTC-532IP-EUC0E,ADVANTECH,0
advutc532jp,UTC-532JP-EUC0E,ADVANTECH,0
advutc542ip,UTC-542IP-EUC0E,ADVANTECH,0
advutc542jp,UTC-542JP-EUC0E,ADVANTECH,0
advutc542pb02e,UTC-542P-B02E,ADVANTECH,0
advutc68s,AIM-68S-201000,ADVANTECH,0
advutc68sb,AIM-68S-201B00,ADVANTECH,0
advutc7000d,UTK-7000-DESKTOP,ADVANTECH,0
advutc7000t,UTK-7000-TOWER,ADVANTECH,0
advutca-stand,USC-A-STAND-1,ADVANTECH,0
advutca-stand-2,USC-A-STAND-2,ADVANTECH,0
advutcarm,PPC-ARM-A03,ADVANTECH,0
advutcavalo,UTC-AVALO-STAND0E,ADVANTECH,0
advutcext0,AIM-EXT0-0040,ADVANTECH,0
advutch01,UTC-H01-STANDE,ADVANTECH,0
advutcofd0,AIM-OFD0-0481,ADVANTECH,0
advutcp01,UTC-P01-A1E,ADVANTECH,0
advutcp02,UTC-P02-A0E,ADVANTECH,0
advutcp03a1,UTC-P03-A1E,ADVANTECH,4
advutcp06,UTC-P06-A2E,ADVANTECH,0
advutcp07,UTC-P07-A4E,ADVANTECH,0
advutcp07-2,UPOS-P07-A100,ADVANTECH,0
advutcpanel2e,UTC-PANEL-MOUNT2E,ADVANTECH,0
advutcpanel3e,UTC-PANEL-MOUNT3E,ADVANTECH,0
advutcpanel4e,UTC-PANEL-MOUNT4E,ADVANTECH,0
advutcpanel5e,UTC-PANEL-MOUNT5E,ADVANTECH,0
advutcpanel6e,UTC-PANEL-MOUNT6E,ADVANTECH,0
advutcsrp0,AIM-SRP0-0000,ADVANTECH,0
advutctable,UTC-TABLE-STAND0E,ADVANTECH,0
advutctable-2,UTC-TABLE-STAND1E,ADVANTECH,1
advutcupos,UTC-UPOS-STAND0E,ADVANTECH,0
advutcved0,AIM-VED0-0422,ADVANTECH,1
advutcved0-2,AIM-VED0-0423,ADVANTECH,0
advutcwall,UTC-WALL-MOUNT5E,ADVANTECH,0
advw11iot24ltsce-inst,968TW1124EL0XE,ADVANTECH,0
advwlkitex,9768ANTN001,ADVANTECH,0
aeccanth,16101.341-0120,ANKER,0
ajaantenna,104117.290.NC,AJAX,50
ajabat,121874.313.NC,AJAX,0
ajabat72b,127879.324.BL,AJAX,5
ajabpd,98614.126.NC,AJAX,0
ajabuth,38214.82.BL,AJAX,0
ajabuthw,38215.82.WH,AJAX,0
ajacccpb,126129.322.BL,AJAX,0
ajacccpf,126133.322.FG,AJAX,0
ajacccpg,126132.322.GP,AJAX,0
ajacccpgr,126131.322.GR,AJAX,0
ajacccpi,126130.322.IV,AJAX,0
ajacccpol,126135.322.OL,AJAX,0
ajacccpoy,126134.322.OY,AJAX,0
ajacccpw,126128.322.WH,AJAX,0
ajach,126118.320.NC,AJAX,0
ajachv,126119.320.NC,AJAX,0
ajadinhold,51170.132.BL,AJAX,48
ajafp,9549.10.WH,AJAX,10
ajafpb,9548.10.BL,AJAX,10
ajaframe5s,52348.141.NC,AJAX,0
ajagbox,125717.314.WH,AJAX,37
ajahub26vps,38213.78.NC,AJAX,0
ajahub2ps,59359.94.NC,AJAX,20
ajahubps,38212.54.NC,AJAX,0
ajajbox,88882.234.BL,AJAX,120
ajajboxw,88881.234.WH,AJAX,194
ajanvrpsu,112255.305.NC,AJAX,20
ajapass1,38217.89.BL-1,AJAX,0
ajapass10,38218.89.BL,AJAX,0
ajapass100,38217.89.BL,AJAX,0
ajapass100w,38221.89.WH,AJAX,0
ajapass10w,38222.89.WH,AJAX,0
ajapass1w,38221.89.WH-1,AJAX,0
ajapass3,38220.89.BL,AJAX,0
ajapass3w,38224.89.WH,AJAX,0
ajasb,107589.293.WH,AJAX,18
ajasbdp,9521.03.WH,AJAX,20
ajasbdpb,9520.03.BL,AJAX,20
ajasbh,9627.01.WH,AJAX,10
ajasbhb,9626.01.BL,AJAX,10
ajasbhs,9567.11.WH,AJAX,10
ajasbhsb,9566.11.BL,AJAX,10
ajasbkp,9585.12.WH,AJAX,10
ajasbkpb,9584.12.BL,AJAX,10
ajasbkpp,33600.83.WH,AJAX,10
ajasbkppb,33599.83.BL,AJAX,10
ajasbkpt,89038.235.WH,AJAX,10
ajasbkptb,89036.235.BL,AJAX,10
ajasbmc,21573.23.WH,AJAX,20
ajasbmcb,21569.23.BL,AJAX,10
ajasbmco,33598.84.WH,AJAX,10
ajasbmcohm,131619.282.WH,AJAX,10
ajasbmp,9638.09.WH,AJAX,20
ajasbmpb,9637.09.BL,AJAX,10
ajasbmpo,21675.33.WH,AJAX,10
ajasbss,"9679.07. WH",AJAX,10
ajasbssb,9678.07.BL,AJAX,10
ajasccpb,126121.321.BL,AJAX,0
ajasccpf,126125.321.FG,AJAX,0
ajasccpg,126124.321.GP,AJAX,0
ajasccpgr,126123.321.GR,AJAX,0
ajasccpi,126122.321.IV,AJAX,0
ajasccpol,126127.321.OL,AJAX,0
ajasccpoy,126126.321.OY,AJAX,0
ajasccpw,126120.321.WH,AJAX,0
ajasiccpb,126137.323.BL,AJAX,0
ajasiccpf,126141.323.FG,AJAX,0
ajasiccpg,126140.323.GP,AJAX,0
ajasiccpgr,126139.323.GR,AJAX,0
ajasiccpi,126138.323.IV,AJAX,0
ajasiccpol,126143.323.OL,AJAX,0
ajasiccpoy,126142.323.OY,AJAX,0
ajasiccpw,126136.323.WH,AJAX,0
ajatag1,38225.90.BL-1,AJAX,64
ajatag10,38226.90.BL,AJAX,0
ajatag100,38225.90.BL,AJAX,7
ajatag100w,38229.90.WH,AJAX,7
ajatag10w,38230.90.WH,AJAX,0
ajatag1w,38229.90.WH-1,AJAX,100
ajatag3,38228.90.BL,AJAX,0
ajatag3w,38232.90.WH,AJAX,0
ameschld,29101.102-0020,ANKER,0
ancashb,13300.217-0070,ANKER,0
ancashw,13300.217-0030,ANKER,0
ankeft479,15100.479-0520,ANKER,0
ankeft480,15100.480-0020,ANKER,0
ankeft482,15100.482-0020,ANKER,0
apg16bx,VPK-27B-16-BX,APG,0
apg330b,ECD330B-BLK,APG,139
apg330bw,ECD330B-WHT,APG,0
apg330mount,ECD330-UCMB,APG,0
apg405b,ECD405-BLK,APG,0
apg410b,ECD410-BLK,APG,0
apg410b-2,ECD410-BLK-8C5N,APG,0
apg410b-blk,ECD410B-BLK,APG,0
apg410lock,ECD410-LOCK,APG,0
apg460b,ECD460B-BLK,APG,3
apg460bss,ECD460B-BLK-SS,APG,3
apg671bl300,NV671-BL300-EUR,APG,15
apg671bl300-2,NV671-BL300-GBP,APG,5
apg671bl600,NV671-BL600-EUR,APG,0
apgcashdints,MIDI-0041,APG,0
apgcd101a,CD-101A,APG,0
apgcd102a,CD-102A,APG,0
apgcups,EPK-460-15J-03-BX,APG,3
apge3000,SL3000-0997,APG,0
apge395,EPK-DG459-C10,APG,0
apge395b,EPK-560-459,APG,0
apge395b2,EPK-560-482,APG,233
apge396,EPK-DG460-C1,APG,0
apge396b,EPK-620-460,APG,0
apge398,EPK-DG482-C20,APG,209
apge398b,EPK-585-482,APG,13
apge398kit,ECE560-DG482-C20,APG,0
apge520b,EB520-EG4541,APG,0
apgjb520,JB520-BL1816-M1,APG,0
apgm237b,MIC237A-BL4522,APG,0
apgm237b-2,MIC237A-BL4522-K041,APG,0
apgrj45adap,22803BK-030,APG,0
apgs237b,STD237A-BL4142,APG,1
apgs237w,STD237A-WH4142,APG,0
apgs2insert,20466PAC,APG,0
apgs4nlay8,PK-15TA-M1-BX,APG,0
apgs4nlay8-uk,PK-15TA-M5-BX,APG,0
apgs4tillcov,PK-14L-M1-R-BX,APG,0
apgt5201,T520-BL1616-M1,APG,0
apgt5205,T520-BL1616-M5,APG,0
apgt520e1,T480-1A-BL1616-M1-E2,APG,0
apgt520w1,T520-CW1616-M1,APG,0
apgvb320,VB320-BL1313-B26,APG,0
apgvb320-5,VB320-BL1616-B13,APG,0
apgvb470,VB470-BL1616-B5-E2,APG,0
asccb,16102.144-0000,ANKER,0
aucdmpm,08517.020-0020,ANKER,0
aucdmpm-2,08517.020-0021,ANKER,0
aucdmst,08517.010-0020,ANKER,0
bbs20,S20-A5LAW,BLUEBIRD,30
bix2000aug,BCD-2000AUG/BEGK,BIXOLON,73
bix2000dsg,BCD-2000DSG/BEXK,BIXOLON,10
bix2003iak,SPP-R200IIIiaK/BEGe,BIXOLON,199
bix2003iakl,SPP-R200IIIiaKL,BIXOLON,0
bix2003wdak,SPP-R200IIIWDaK/BEGe,BIXOLON,4
bix2003wdakl,SPP-R200IIIWDaKL,BIXOLON,2
bix2753aoesg,SRP-275IIIAOESG/BEG,BIXOLON,0
bix2753aopg,SRP-275IIIAOPG,BIXOLON,0
bix2753aosg,SRP-275IIIV2AOSG/BEG,BIXOLON,13
bix2753copg,SRP-275IIICOPG/BEG,BIXOLON,0
bix2753cosg,SRP-275IIICOSG/BEG,BIXOLON,4
bix275cover,RSC-275,BIXOLON,0
bix275wmnt,RWM-275,BIXOLON,0
bix3000k,BCD-3000K/BEG,BIXOLON,10
bix300ll,SRP-S300IIK/BEG,BIXOLON,0
bix300ll-10,SRP-S300IIXWDaK/BEG,BIXOLON,0
bix300ll-2,SRP-S300IIBAK/BEG,BIXOLON,0
bix300ll-3,SRP-S300IIPWK/BEG,BIXOLON,0
bix300ll-4,SRP-S300IISK/BEG,BIXOLON,0
bix300ll-5,SRP-S300IIWDAK/BEG,BIXOLON,0
bix300ll-6,SRP-S300IIXK/BEG,BIXOLON,0
bix300ll-7,SRP-S300IIXSK/BEG,BIXOLON,0
bix300ll-8,SRP-S300IIXPWK/BEG,BIXOLON,0
bix300ll-9,SRP-S300IIXBaK/BEG,BIXOLON,0
bix3322coesk,SRP-332IICOESK/BEG,BIXOLON,0
bix3323sk,SRP-330IIISK/BEG,BIXOLON,44
bix350cover,"RSC-350PLUS V2",BIXOLON,0
bix350pv,SRP-350plusVBaK/BEG,BIXOLON,0
bix350pv-2,SRP-350PLUSVK/BEG,BIXOLON,69
bix350pv-3,SRP-350PlusVPWK,BIXOLON,0
bix350pv-4,SRP-350plusVSK/BEG,BIXOLON,75
bix350pv-5,SRP-350PLUSVWDAK/BEG,BIXOLON,5
bix350pv-6,SRP-350VSK/BEG,BIXOLON,9
bix350pv-7,SRP-350VK/BEG,BIXOLON,0
bix350vstand,RVS-350G,BIXOLON,7
bix352pv,SRP-352plusVBaK/BEG,BIXOLON,0
bix352pv-4,SRP-352plusVSK/BEG,BIXOLON,0
bix352pv-5,SRP-352plusVWDaK/BEG,BIXOLON,0
bix352pvk,SRP-352plusVK/BEG,BIXOLON,1
bix352v,SRP-352VK/BEG,BIXOLON,0
bix352v-2,SRP-352VSK/BEG,BIXOLON,0
bix380,SRP-380BiK,BIXOLON,0
bix380-2,SRP-380EK,BIXOLON,0
bix380-3,SRP-380K,BIXOLON,0
bix380-4,SRP-380PWK,BIXOLON,0
bix380-5,SRP-380SK,BIXOLON,0
bix380-6,SRP-380WK,BIXOLON,0
bix382,SRP-382BiK,BIXOLON,0
bix382-2,SRP-382EK/BEG,BIXOLON,0
bix382-3,SRP-382K/BEG,BIXOLON,3
bix382-4,SRP-382PWK,BIXOLON,0
bix382-5,SRP-382SK,BIXOLON,0
bix382-6,SRP-382WK,BIXOLON,0
bixassycut-2,AU04-00039A-AS,BIXOLON,0
bixbatc,PBP-C100/STD,BIXOLON,0
bixbclipc,PBL-R210W/STD,BIXOLON,0
bixbk3-31ac,BK3-31AC/BEG,BIXOLON,0
bixbk3-31zc,BK3-31zC/BEG,BIXOLON,0
bixbk3p-31aa,BK3P-31aA/BEG,BIXOLON,0
bixbk3p-31ab,BK3P-31aB/BEG,BIXOLON,0
bixbk3p-31ac,BK3P-31aC/BEG,BIXOLON,2
bixbk3p-31ad,BK3P-31aD,BIXOLON,0
bixbk3p-31za,BK3P-31zA/BEG,BIXOLON,0
bixbk3p-31zc,BK3P-31zC/BEG,BIXOLON,0
bixbk3p-31zd,BK3P-31zD,BIXOLON,0
bixbk5t,BK5T-31aB/BEG,BIXOLON,0
bixbuzzer2,RMB-100G,BIXOLON,0
bixc200,SPP-C200iK/BEG,BIXOLON,5
bixc300ik,SPP-C300IK/BEG,BIXOLON,0
bixcabpar2,PAR-KAB-180,BIXOLON,0
bixcabpu,K604-252B,BIXOLON,0
bixcabser2,SER-KAB-9-25,BIXOLON,0
bixcabser4,K610-00017A,BIXOLON,0
bixcabser7,PIC-R300S/STD,BIXOLON,0
bixcabser9,SER-KAB-9-9,BIXOLON,0
bixcabu,PIC-R300U/STD,BIXOLON,34
bixcabu2,USB-KAB-G,BIXOLON,0
bixcabu3,PIC-3000U/STD,BIXOLON,0
bixchgusb,PUC-1000/STD,BIXOLON,13
bixdl410ek,SLP-DL410EK/beg,BIXOLON,0
bixdl410ph8,TPH-DL410,BIXOLON,0
bixdl413ph8,TPH-DL413,BIXOLON,0
bixdx220bg,SLP-DX220BG,BIXOLON,0
bixdx220cut,CUTTER-DX220-DG,BIXOLON,0
bixdx220deg,SLP-DX220DEG,BIXOLON,0
bixdx220eg,SLP-DX220EG/BEG,BIXOLON,65
bixdx220g,SLP-DX220G/BEG,BIXOLON,25
bixdx220peel,PEELER-DX220-DG,BIXOLON,0
bixdx220ph8,TPH-DX220,BIXOLON,0
bixdx223bg,SLP-DX223BG,BIXOLON,5
bixdx223eg,SLP-DX223EG/BEG,BIXOLON,0
bixdx223g,SLP-DX223G/BEG,BIXOLON,0
bixdx223ph12,TPH-DX223,BIXOLON,0
bixdx420ph8,TPH-DX420,BIXOLON,0
bixdx423ph12,TPH-DX423,BIXOLON,0
bixe300esk,SRP-E300ESK/BEG,BIXOLON,0
bixe300esk-mea,SRP-E300ESK/MEA,BIXOLON,0
bixe300k,SRP-E300K,BIXOLON,1
bixe302esk,SRP-E302ESK/BEG,BIXOLON,0
bixe302k,SRP-E302K/BEG,BIXOLON,9
bixf3102cok,SRP-F310IICOK/BEG,BIXOLON,0
bixf3102cosk,SRP-F310IICOSK,BIXOLON,0
bixf3102cowdk,SRP-F310IICOWDK,BIXOLON,0
bixf3122cok,SRP-F312IICOK,BIXOLON,0
bixf3122cosk,SRP-F312IICOSK,BIXOLON,0
bixgrc220b,GRC-220B,BIXOLON,78
bixgrc220br,GRC-220B/R,BIXOLON,2
bixifbgt,IFJ-BGT/TYPE,BIXOLON,0
bixifbig,IFJ-BIG/TYPE,BIXOLON,0
bixife2,IFJ-EL/TYPE,BIXOLON,79
bixifp,IFJ-P/TYPE,BIXOLON,0
bixifs,IFJ-S/TYPE,BIXOLON,0
bixl3000ik,SPP-L3000iK,BIXOLON,0
bixl3000ikl,SPP-L3000iKL,BIXOLON,0
bixl3000iwk,SPP-L3000iWK/BEG,BIXOLON,0
bixl3000iwkl,SPP-L3000IAWDAKL/BEG,BIXOLON,0
bixl3000lcase,PLC-L3000/STD,BIXOLON,0
bixl3000ram,PVH-L3000R/STD,BIXOLON,0
bixl3000vhold,PVH-L3000P1/STD,BIXOLON,0
bixl3000wk,SPP-L3000WK,BIXOLON,0
bixl3000wkl,SPP-L3000WKL,BIXOLON,0
bixl310ik5,SPP-L310IAK5/BEG,BIXOLON,0
bixl310ik5l,SPP-L310IKL5/BEG,BIXOLON,0
bixl310k5,SPP-L310K5,BIXOLON,0
bixl310k5l,SPP-L310K5L,BIXOLON,0
bixl410ik5,SPP-L410IK5/BEG,BIXOLON,264
bixl410ik5l,SPP-L410iK5L,BIXOLON,0
bixl410k5,SPP-L410K5,BIXOLON,0
bixl410k5l,SPP-L410K5L/BEG,BIXOLON,0
bixl410wk5,SPP-L410WK5,BIXOLON,0
bixl410wk5l,SPP-L410WK5L,BIXOLON,0
bixles400g,LES-400G,BIXOLON,2
bixpbc1000,PBC-1000/STD,BIXOLON,42
bixpbc2000,PBC-2000/STD,BIXOLON,0
bixpbdr2002,PBD-R200II/STD,BIXOLON,2
bixpbdr300,PBD-R300/STD,BIXOLON,0
bixpblr210,PBL-R210/STD,BIXOLON,0
bixpbpr200,PBP-R200/STD,BIXOLON,79
bixpbps300,PBP-S300/STD,BIXOLON,0
bixpbps400,PBP-S400/STD,BIXOLON,0
bixpbs2000,PBS-2000/STD,BIXOLON,0
bixpbsr210,PBS-R210/STD,BIXOLON,3
bixpcab,FIG8EURO,BIXOLON,13
bixpcab-ch,SWISSPWRCRD,BIXOLON,0
bixpcab-uk,FIG8UK,BIXOLON,0
bixpcab2,JE39-00060A,BIXOLON,2
bixpcab2-uk,JE39-00064H,BIXOLON,0
bixpcc1000,PCC-1000/STD,BIXOLON,47
bixpcc2000,PCC-2000/STD,BIXOLON,0
bixpcpr2002,PCP-R200II/STD,BIXOLON,0
bixpsu11,SMPS-LABEL-5,BIXOLON,0
bixpsu2,SMPS-POS-4,BIXOLON,23
bixpsu3,AZ04-00063A,BIXOLON,0
bixpsu4,SMPS-POS-3,BIXOLON,0
bixpsu5,K404-00056A,BIXOLON,0
bixpsu9,SMPS-LABEL-2,BIXOLON,0
bixpsucover,RSB-350G,BIXOLON,0
bixq200ewdk,SRP-Q200EWDK,BIXOLON,0
bixq200sk,SRP-Q200SK,BIXOLON,0
bixq300,SRP-Q300K/BEG,BIXOLON,0
bixq300iib,SRP-Q300IIK/BEG,BIXOLON,100
bixq300iibakbeg,SRP-Q300IIBaK/BEG,BIXOLON,0
bixq300iiwdakbeg,SRP-Q300IIWDaK/BEG,BIXOLON,0
bixq300wk,SRP-Q300WaK/BEG,BIXOLON,0
bixqe300k,SRP-QE300K/BEG,BIXOLON,3
bixqe300stand,RTS-Q300,BIXOLON,0
bixqe302k,SRP-QE302K/BEG,BIXOLON,0
bixr200chg4,PQC-R200/STD,BIXOLON,0
bixr200lcase,PLC-R200_V3/STD,BIXOLON,41
bixr200strap,PSS-R200/STD,BIXOLON,40
bixr200vcrd,PVH-R200P1,BIXOLON,0
bixr200vhold,PVH-R200,BIXOLON,0
bixr210case,PPC-R210/STD,BIXOLON,0
bixr210crd,PSD-R210/STD,BIXOLON,0
bixr210crd4,PQD-R210/STD,BIXOLON,17
bixr210iak,SPP-R210iaK/BEGE,BIXOLON,18
bixr210k,SPP-R210K,BIXOLON,0
bixr210kl,SPP-R210KL,BIXOLON,1
bixr210km,SPP-R210KM,BIXOLON,0
bixr210kml,SPP-R210KML,BIXOLON,0
bixr210lcase,PLC-R210/STD,BIXOLON,0
bixr210vcrd,PVH-R210P1/STD,BIXOLON,0
bixr210vhold,PVH-R210/STD,BIXOLON,1
bixr300chg4,PQC-R300/STD,BIXOLON,0
bixr310,Spp-r310/MEA,BIXOLON,0
bixr310case,PPC-R310/STD,BIXOLON,0
bixr310hold2,PVH-R310P1/STD,BIXOLON,0
bixr310iak5,SPP-R310iak5/BEG,BIXOLON,110
bixr310lcase,PLC-R310/STD,BIXOLON,19
bixr310ram,PVH-R310R/STD,BIXOLON,0
bixr310vhold,PVH-R310/STD,BIXOLON,0
bixr410iak5,SPP-R410IAK5/BEG,BIXOLON,26
bixr410k5,SPP-R410K5/BEG,BIXOLON,0
bixr410lcase,PLC-R410/STD,BIXOLON,30
bixr410ram,PVH-R410R/STD,BIXOLON,22
bixr410vhold,PVH-R410P1/STD,BIXOLON,0
bixr410wk,SPP-R410WK5/BEG,BIXOLON,0
bixs320,SRP-S320K/BEG,BIXOLON,0
bixspare,AE04-00043A-AS,BIXOLON,0
bixspare2,AE04-00043B-AS,BIXOLON,0
bixspare3,AE04-00043C-AS,BIXOLON,0
bixsrp330,SRP-330IIIESK/BEG,BIXOLON,46
bixtph203dpi,AK04-00066A-AS,BIXOLON,0
bixtph300dpi,AK04-00068A-AS,BIXOLON,0
bixtx220bg,SLP-TX220BG,BIXOLON,0
bixtx220cut,CUTTER-TX220-DG,BIXOLON,0
bixtx220eg,SLP-TX220EG,BIXOLON,0
bixtx220g,SLP-TX220G,BIXOLON,0
bixtx220peel,PEELER-TX220-DG,BIXOLON,0
bixtx220ph8,TPH-TX220,BIXOLON,0
bixtx223bg,SLP-TX223BG,BIXOLON,0
bixtx223eg,SLP-TX223EG/BEG,BIXOLON,0
bixtx223g,SLP-TX223G,BIXOLON,1
bixtx223ph12,TPH-TX223,BIXOLON,0
bixtx400cut,CUTTER-TX400-DG,BIXOLON,0
bixtx400eg,SLP-TX400EG,BIXOLON,11
bixtx400g,SLP-TX400G/BEG,BIXOLON,10
bixtx400ph8,TPH-TX400,BIXOLON,0
bixtx403eg,SLP-TX403EG/BEG,BIXOLON,0
bixtx403g,SLP-TX403G,BIXOLON,0
bixtx403ph12,TPH-TX403,BIXOLON,0
bixtx420bg,SLP-TX420BG,BIXOLON,0
bixtx420eg,SLP-TX420EG/BEG,BIXOLON,9
bixtx420g,SLP-TX420G/BEG,BIXOLON,0
bixtx420peel,PEELER-TX420-DG,BIXOLON,0
bixtx420ph8,TPH-TX420,BIXOLON,0
bixtx423bg,SLP-TX423BG,BIXOLON,0
bixtx423eg,SLP-TX423EG,BIXOLON,0
bixtx423g,SLP-TX423G,BIXOLON,0
bixtx423ph12,AK04-00026B-AS,BIXOLON,0
bixxd340dek,XD3-40dEK/BEG,BIXOLON,94
bixxd340dk,XD3-40DK/BEG,BIXOLON,55
bixxd340dph8,TPH-XD3-40D,BIXOLON,0
bixxd340tek,XD3-40tEK/BEG,BIXOLON,0
bixxd340tk,XD3-40tK/BEG,BIXOLON,8
bixxd340tph8,TPH-XD3-40T,BIXOLON,0
bixxd3peel-5,Peeler-XD3/5-Black,BIXOLON,0
bixxd5-40tebk,XD5-40tEBK,BIXOLON,0
bixxd5-40tek,XD5-40TEK,BIXOLON,0
bixxd5-40tewk,XD5-40TEWK,BIXOLON,0
bixxd5-40tk,XD5-40tk/BEG,BIXOLON,0
bixxd5-40toebk,XD5-40tOEBK,BIXOLON,0
bixxd5-40toek,XD5-40tOEK,BIXOLON,0
bixxd5-40toewk,XD5-40tOEWK,BIXOLON,0
bixxd5-40tr,XD5-40tREK,BIXOLON,0
bixxd5-40trmea,XD5-40tREK/MEA,BIXOLON,0
bixxd5-43tebk,XD5-43tEBK/BEG,BIXOLON,0
bixxd5-43tek,XD5-43TEK/BEG,BIXOLON,0
bixxd5-43tewk,XD5-43tEWK/BEG,BIXOLON,0
bixxd5-43tk,XD5-43tK/BEG,BIXOLON,0
bixxd5-43toebk,XD5-43tOEBK,BIXOLON,0
bixxd5-43toek,XD5-43tOEK/BEG,BIXOLON,0
bixxd5-43toewk,XD5-43tOEWK,BIXOLON,0
bixxd540dcut,Cutter-XD5-40d-DG,BIXOLON,2
bixxd540debk,XD5-40dEBK,BIXOLON,0
bixxd540dek,XD5-40DEK/BEG,BIXOLON,34
bixxd540dk,XD5-40dK/BEG,BIXOLON,12
bixxd540doebk,XD5-40dOEBK,BIXOLON,0
bixxd540doek,XD5-40DOEK,BIXOLON,20
bixxd540doewk,XD5-40DOEWK/BEG,BIXOLON,45
bixxd540dph8,TPH-XD5-40d,BIXOLON,0
bixxd540ii-10,XD5-40IItEK/BEG,BIXOLON,0
bixxd540ii-11,XD5-40IItEBK/BEG,BIXOLON,0
bixxd540ii-12,XD5-40IItEWK/BEG,BIXOLON,0
bixxd540ii-13,XD5-40IItOEK/BEG,BIXOLON,0
bixxd540ii-14,XD5-40IItOEBK/BEG,BIXOLON,0
bixxd540ii-15,XD5-40IItOEWK/BEG,BIXOLON,0
bixxd540ii-16,XD5-43IIdK/BEG,BIXOLON,0
bixxd540ii-17,XD5-43IIdEK/BEG,BIXOLON,0
bixxd540ii-18,XD5-43IIdEBK/BEG,BIXOLON,0
bixxd540ii-19,XD5-43IIdEWK/BEG,BIXOLON,0
bixxd540ii-20,XD5-43IIdOEK/BEG,BIXOLON,0
bixxd540ii-21,XD5-43IIdOEBK/BEG,BIXOLON,0
bixxd540ii-22,XD5-43IIdOEWK/BEG,BIXOLON,0
bixxd540ii-23,XD5-43IItK/BEG,BIXOLON,0
bixxd540ii-24,XD5-43IItEK/BEG,BIXOLON,0
bixxd540ii-25,XD5-43IItEBK/BEG,BIXOLON,0
bixxd540ii-26,XD5-43IItEWK/BEG,BIXOLON,0
bixxd540ii-27,XD5-43IItOEK/BEG,BIXOLON,0
bixxd540ii-28,XD5-43IItOEBK/BEG,BIXOLON,0
bixxd540ii-29,XD5-43IItOEWK/BEG,BIXOLON,0
bixxd540ii-7,XD5-40IIdOEWK/BEG,BIXOLON,0
bixxd540ii-9,XD5-40IItK/BEG,BIXOLON,0
bixxd540tcut,CUTTER-XD5-40T-DG,BIXOLON,0
bixxd543debk,XD5-43dEBK,BIXOLON,0
bixxd543dek,XD5-43DEK/BEG,BIXOLON,0
bixxd543dewk,XD5-43dEWK,BIXOLON,0
bixxd543dk,XD5-43dK,BIXOLON,0
bixxd543doebk,XD5-43dOEBK,BIXOLON,0
bixxd543doek,XD5-43dOEK,BIXOLON,0
bixxd543doewk,XD5-43dOEWK,BIXOLON,0
bixxd543dph12,TPH-XD5-43d,BIXOLON,0
bixxd5peel,Peeler-XD5-40d-DG,BIXOLON,0
bixxl540ct,XL5-40CTOG/BEG,BIXOLON,0
bixxl540ctobg,XL5-40CTOBG/BEG,BIXOLON,0
bixxl540ctoebg,XL5-40CTOEBG/BEG,BIXOLON,0
bixxl540ctowg,XL5-40CTOWG/BEG,BIXOLON,0
bixxl540ctset,XL5-40CTOEG/BEG,BIXOLON,2
bixxl540ctset-2,XL5-40CTOEWG/BEG,BIXOLON,0
bixxl543ct-2,XL5-43CTOEG,BIXOLON,0
bixxl543ct-3,XL5-43CTOG/BEG,BIXOLON,0
bixxl543ct-4,XL5-43CTOBG/BEG,BIXOLON,0
bixxl543ct-5,XL5-43CTOEWG/BEG,BIXOLON,0
bixxl543ct-6,XL5-43CTOWG/BEG,BIXOLON,0
bixxm7-20wdak,XM7-20WDAK/BEG,BIXOLON,0
bixxm720ik,XM7-20IaK/BEG,BIXOLON,0
bixxm720iwk,XM7-20IWK/BEG,BIXOLON,0
bixxm730,XM7-30iaK/beg,BIXOLON,0
bixxm730i,XM7-30iaWDaKL,BIXOLON,0
bixxm730ia,XM7-30iaKL,BIXOLON,0
bixxm730iaw,XM7-30IAWDAK/BEG,BIXOLON,0
bixxm730w,XM7-30WDaKL,BIXOLON,0
bixxm730wd,XM7-30WDaK/BEG,BIXOLON,0
bixxm740bwfmea,XM7-40REIaWDaK/MEA,BIXOLON,0
bixxm740ik,XM7-40IK/BEG,BIXOLON,0
bixxm740ikl,XM7-40iKL,BIXOLON,0
bixxm740iwk,XM7-40IWK/BEG,BIXOLON,9
bixxm740iwkl,XM7-40iWKL/BEG,BIXOLON,0
bixxm740wk,XM7-40WK/BEG,BIXOLON,0
bixxm740wkl,XM7-40WKL/BEG,BIXOLON,0
bixxq840iig,XQ-840IIG/BEG,BIXOLON,0
bixxt340,XT3-40/BEG,BIXOLON,0
bixxt3409,XT3-409,BIXOLON,0
bixxt340mea,XT3-40/MEA,BIXOLON,0
bixxt343,XT3-43,BIXOLON,0
bixxt3439,XT3-439,BIXOLON,0
bixxt5409s,XT5-409S,BIXOLON,0
bixxt540nd9s,XT5-40ND9S,BIXOLON,0
bixxt540nres,XT5-40NRES,BIXOLON,0
bixxt540ns,XT5-40NS,BIXOLON,2
bixxt540smea,XT5-40S/MEA,BIXOLON,0
bixxt543nd9s,XT5-43ND9S,BIXOLON,0
bixxt543nres,XT5-43NRES/BEG,BIXOLON,0
bixxt543ns,XT5-43NS,BIXOLON,2
bixxt546nd9s,XT5-46ND9S,BIXOLON,0
bixxt546nres,XT5-46NRES/BEG,BIXOLON,0
bixxt546ns,XT5-46NS,BIXOLON,0
bluan970,421060019,BLUEBIRD,0
bluan971,421060016,BLUEBIRD,0
blucabu,602010023,BLUEBIRD,52
blucabu-2,602010024,BLUEBIRD,0
blucabu-3,602010025,BLUEBIRD,2
bludr900,DR900-USX,BLUEBIRD,0
bludr900-2,DR900-UST,BLUEBIRD,0
bludr901-5,DR901-USW,BLUEBIRD,0
bludr901-6,DR901-EUW,BLUEBIRD,0
bluef550,EF550-A4LGW,BLUEBIRD,0
bluef550-2,EF550-A4LQW,BLUEBIRD,0
bluef550-4,EF550-ANLH,BLUEBIRD,0
bluef550holst,622020004,BLUEBIRD,9
bluef550pen,626010005,BLUEBIRD,0
bluef550prot,624010018,BLUEBIRD,0
bluef550prot-2,624010017,BLUEBIRD,0
bluef550r-2,EF550R-A4LGW,BLUEBIRD,0
bluef550r-5,EF550R-ANLB,BLUEBIRD,0
bluef550r-8,EF550R-ANLJ,BLUEBIRD,0
bluef550rtrigger-2,210080020,BLUEBIRD,0
bluef550rwear,210120005,BLUEBIRD,0
bluef550rwear-2,210120007,BLUEBIRD,0
bluef550strap,621010025,BLUEBIRD,0
bluef550strap-2,621040003,BLUEBIRD,0
bluef550trigger-2,210080018,BLUEBIRD,0
bluef550wear,210080006,BLUEBIRD,0
bluef550wear-2,603080003,BLUEBIRD,0
bluef550wear-3,210120004,BLUEBIRD,0
bluef550wear-4,210120006,BLUEBIRD,0
bluef551,EF551-A5LAW,BLUEBIRD,0
bluef551-11,EF551-ANLM,BLUEBIRD,0
bluef551-3,EF551-A5LEW,BLUEBIRD,0
bluef551-6,EF551-A5LIW,BLUEBIRD,0
bluef551-7,EF551-ANLB,BLUEBIRD,0
bluef551-8,EF551-ANLF,BLUEBIRD,0
bluef551r,EF551-A5LAWR,BLUEBIRD,0
bluef551r-10,EF551-ANLFR,BLUEBIRD,0
bluef551r-2,EF551-A5LEWR,BLUEBIRD,0
bluef551r-9,EF551-ANLBR,BLUEBIRD,0
bluef55xbtry,355040070,BLUEBIRD,4
bluef55xbtry-e,355040080,BLUEBIRD,0
bluef55xcrd,204020030,BLUEBIRD,6
bluef55xcrd4,204010063,BLUEBIRD,0
bluef55xscrd,204010086,BLUEBIRD,0
bluek430,EK430-A4LAW,BLUEBIRD,0
bluek430-11,EK430-ANLF,BLUEBIRD,0
bluek430-12,EK430-ANLCT,BLUEBIRD,0
bluek430-13,EK430-ANLFT,BLUEBIRD,0
bluek430-14,EK430-ANLGT,BLUEBIRD,0
bluek430-3,EK430-A4LEW,BLUEBIRD,0
bluek430-4,EK430-A4LAWT,BLUEBIRD,0
bluek430-5,EK430-A4LEWT,BLUEBIRD,0
bluek430-6,EK430-A4LFW,BLUEBIRD,0
bluek430-7,EK430-A4LGW,BLUEBIRD,0
bluek430-8,EK430-A4LGWT,BLUEBIRD,0
bluek430boot,629010006,BLUEBIRD,0
bluek430btry,355040073,BLUEBIRD,0
bluek430ccrd,204020020,BLUEBIRD,0
bluek430ccrd4,204010058,BLUEBIRD,0
bluek430crd,204020031,BLUEBIRD,0
bluek430crd4,204010078,BLUEBIRD,0
bluek430strap,621010014,BLUEBIRD,0
bluek430vcrd,204010074,BLUEBIRD,0
blufr900,FR900-LNNEU,BLUEBIRD,0
blufr900-2,FR900-LNNUS,BLUEBIRD,0
blufr900ant10,415010019,BLUEBIRD,0
blufr900ant3,415010017,BLUEBIRD,0
blufr900ant7,415010018,BLUEBIRD,0
blufr900strap,621020002,BLUEBIRD,0
blufr901,FR901-NLLA,BLUEBIRD,0
blufr901-2,FR901-WLLA,BLUEBIRD,0
blufr901-3,FR901-NLNA,BLUEBIRD,0
blufr901-4,FR901-WLNA,BLUEBIRD,0
bluhf550x-3,HF550X-RWANLH,BLUEBIRD,0
bluhf550x-4,HF550X-RNANLH,BLUEBIRD,0
bluhf550x-5,HF550X-RNANLI,BLUEBIRD,0
bluhf550xbtrc-2,351020048,BLUEBIRD,0
bluhf550xbtry,355040105,BLUEBIRD,0
bluhf550xpen,626010007,BLUEBIRD,0
bluhf550xscrd,204020037,BLUEBIRD,33
bluhf550xscrd4,204010001,BLUEBIRD,0
bluhf550xstrap,621040006,BLUEBIRD,0
bluhf550xtether,621060003,BLUEBIRD,0
blupadap3,602020025,BLUEBIRD,10
blupower-ch,602010035,BLUEBIRD,0
blupower-eu,602010019,BLUEBIRD,0
blupower-uk,602010013,BLUEBIRD,21
blupplug52-2eu,602020024,BLUEBIRD,26
blupplug52-eu,602010041,BLUEBIRD,4
blupplug53-uk,603010012,BLUEBIRD,0
blupsu1210,204020040,BLUEBIRD,0
blupsu53,602010012,BLUEBIRD,22
blupsu54,501260118,BLUEBIRD,26
blupsupoe,204020036,BLUEBIRD,0
blurfr900-22,RFR971-WA4SE,BLUEBIRD,0
blurfr900-23,RFR971-WAH5X,BLUEBIRD,0
blurfr900-24,RFR971-NAH5X,BLUEBIRD,0
blurfr900-25,RFR971-NX4S,BLUEBIRD,0
blurfr900-26,RFR971-WA4S,BLUEBIRD,0
blurfr900-27,RFR971-WX4S,BLUEBIRD,0
blurfr900btry,355040053,BLUEBIRD,0
blurfr900btry-e,355040055,BLUEBIRD,0
blurfr901-2,RFR901-WCAUN,BLUEBIRD,0
blurfr901-3,RFR901-NCASA,BLUEBIRD,0
blurfr901-4,RFR901-WCASA,BLUEBIRD,0
blurfr901-5,RFR901-NCAUNS,BLUEBIRD,0
blurfr901toast,204010094,BLUEBIRD,0
blurfr90xcrd,204020029,BLUEBIRD,0
blurfr90xcrd-2,204020028,BLUEBIRD,0
blus10-2,S10-ANLD,BLUEBIRD,13
blus10-3,S10-ANLJ,BLUEBIRD,0
blus10-5,S10-A4LCW,BLUEBIRD,0
blus10crd-3,204020041,BLUEBIRD,0
blus10r,S10-ANLJRN,BLUEBIRD,0
blus10r-2,S10-ANLJRW,BLUEBIRD,0
blus10rfidbtry,355040127,BLUEBIRD,0
blus10strap,357010006,BLUEBIRD,0
blus10tether,19346,BLUEBIRD,0
blus10tether-2,626010004,BLUEBIRD,0
blus10toast,204020019,BLUEBIRD,1
blus20,S20-ANLB,BLUEBIRD,2
blus20-2,S20-A5LGW,BLUEBIRD,0
blus20-3,S20-ANLI,BLUEBIRD,0
blus20-7,S50-ANLB,BLUEBIRD,5
blus20btry-e,355040099,BLUEBIRD,0
blus20case,351120049,BLUEBIRD,273
blus20crd4,204010064,BLUEBIRD,0
blus20prot,624010029,BLUEBIRD,242
blus20scrd,204020022,BLUEBIRD,0
blus20toast,204010076,BLUEBIRD,0
blus20trigger,210080024,BLUEBIRD,0
blus2xbtry,355040097,BLUEBIRD,0
blus2xscrd,204010080,BLUEBIRD,0
blus2xscrd4,204010059,BLUEBIRD,0
blus50,S50-A5LAW,BLUEBIRD,4
blus50-11,S50-ANLC,BLUEBIRD,0
blus50-2,S50-A5LCW,BLUEBIRD,0
blus50-3,S50-A5LDW,BLUEBIRD,0
blus50-5,S50-A5LBW,BLUEBIRD,0
blus50-8,S50-ANLF,BLUEBIRD,0
blus50-9,S50-ANLG,BLUEBIRD,0
blus50trigger,210080025,BLUEBIRD,0
blus50wear,210120015,BLUEBIRD,0
blus50wear-2,210120018,BLUEBIRD,0
blus5xbtry,355040090,BLUEBIRD,19
blus70,S70-A5LAW,BLUEBIRD,0
blus70-10,S70-ANLG,BLUEBIRD,0
blus70-12,S70-ANLC,BLUEBIRD,5
blus70-14,S70-A5LJWEX,BLUEBIRD,0
blus70-2,S70-A5LCW,BLUEBIRD,0
blus70-3,S70-A5LDW,BLUEBIRD,0
blus70-5,S70-A5LHW,BLUEBIRD,0
blus70-6,S70-A5LBW,BLUEBIRD,5
blus70-8,S70-ANLB,BLUEBIRD,0
blus70-9,S70-ANLF,BLUEBIRD,0
blus70strap,357010002,BLUEBIRD,0
blus70trigger,210080023,BLUEBIRD,0
blus70wear,210120016,BLUEBIRD,0
blus70wear-2,210120019,BLUEBIRD,0
blusf650,SF650-A4LAW,BLUEBIRD,0
blusf650btrc,351020049,BLUEBIRD,0
blusf650btrc-2,351020050,BLUEBIRD,0
blusf650btry,355040087,BLUEBIRD,0
blusx0btry-e,355040098,BLUEBIRD,0
blusx0sccrd,204010081,BLUEBIRD,30
blusx0sccrd4,14948,BLUEBIRD,2
blusx0scrd,204020023,BLUEBIRD,0
blut10-3,T10-A4LFW,BLUEBIRD,0
blut30,T30-A5LAW,BLUEBIRD,20
blut30-2,T30-ANLB,BLUEBIRD,23
blut30boot,351120036,BLUEBIRD,20
blut30btry,355040109,BLUEBIRD,0
blut30crd4,204010079,BLUEBIRD,40
bon2220,39443810,"STAR MICRONICS EUROP",0
bon2245,39442300,"STAR MICRONICS EUROP",0
bon2248,39442400,"STAR MICRONICS EUROP",0
bon2249,39442310,"STAR MICRONICS EUROP",0
bon2251,39442511,"STAR MICRONICS EUROP",20
bon2252,39442410,"STAR MICRONICS EUROP",20
bon2297,39443610,"STAR MICRONICS EUROP",3
bon2344,39443600,"STAR MICRONICS EUROP",0
bon5286,30781822,"STAR MICRONICS EUROP",0
bon617,C32C824131,EPSON,40
bon705,C43S015362,EPSON,0
bon725,30980115,"STAR MICRONICS EUROP",0
bon737,30980731,"STAR MICRONICS EUROP",146
bon738,30980721,"STAR MICRONICS EUROP",54
bon744,30980742,"STAR MICRONICS EUROP",91
bop238af,55001-90002,HEIPA,0
bop239,55076-60304,HEIPA,0
brd171224,171224,BRODIT,0
brd171225,171225,BRODIT,0
brd172424,172424,BRODIT,4
brd172425,172425,BRODIT,0
brd174824,174824,BRODIT,0
brd174825,174825,BRODIT,6
brd202010,202010,BRODIT,17
brd202011,202011,BRODIT,57
brd202016,202016,BRODIT,0
brd202018,202018,BRODIT,0
brd202019,202019,BRODIT,2
brd202020,202020,BRODIT,2
brd202024,202024,BRODIT,9
brd202030,202030,BRODIT,0
brd202038,202038,BRODIT,0
brd213457,213457,BRODIT,4
brd213476,213476,BRODIT,0
brd215396,215396,BRODIT,0
brd215497,215497,BRODIT,0
brd215498,215498,BRODIT,0
brd215522,215522,BRODIT,0
brd215524,215524,BRODIT,0
brd215535,215535,BRODIT,0
brd215563,215563,BRODIT,0
brd215564,215564,BRODIT,0
brd215574,215574,BRODIT,0
brd215593,215593,BRODIT,0
brd215670,215670,BRODIT,5
brd215671,215671,BRODIT,0
brd215672,215672,BRODIT,0
brd215675,215675,BRODIT,10
brd215693,215693,BRODIT,0
brd215694,215694,BRODIT,0
brd215728,215728,BRODIT,58
brd215741,215741,BRODIT,0
brd215792,215792,BRODIT,4
brd215794,215794,BRODIT,0
brd215803,215803,BRODIT,0
brd215806,215806,BRODIT,1
brd215836,215836,BRODIT,0
brd215842,215842,BRODIT,79
brd215843,215843,BRODIT,0
brd215847,215847,BRODIT,0
brd215850,215850,BRODIT,0
brd215854,215854,BRODIT,0
brd215855,215855,BRODIT,0
brd215856,215856,BRODIT,0
brd215857,215857,BRODIT,0
brd215864,215864,BRODIT,0
brd215888,215888,BRODIT,0
brd215912,215912,BRODIT,0
brd215918,215918,BRODIT,0
brd215921,215921,BRODIT,0
brd215930,215930,BRODIT,0
brd215944,215944,BRODIT,0
brd215970,215970,BRODIT,0
brd215978,215978,BRODIT,0
brd215979,215979,BRODIT,0
brd215980,215980,BRODIT,0
brd215981,215981,BRODIT,3
brd215985,215985,BRODIT,0
brd215987,215987,BRODIT,0
brd215997,215997,BRODIT,0
brd216004,216004,BRODIT,0
brd216005,216005,BRODIT,0
brd216006,216006,BRODIT,0
brd216007,216007,BRODIT,0
brd216008,216008,BRODIT,0
brd216012,216012,BRODIT,0
brd216013,216013,BRODIT,1
brd216014,216014,BRODIT,0
brd216016,216016,BRODIT,0
brd216017,216017,BRODIT,0
brd216023,216023,BRODIT,5
brd216026,216026,BRODIT,1
brd216040,216040,BRODIT,0
brd216042,216042,BRODIT,0
brd216059,216059,BRODIT,1
brd216072,216072,BRODIT,0
brd216073,216073,BRODIT,1
brd216080,216080,BRODIT,0
brd216085,216085,BRODIT,0
brd216088,216088,BRODIT,3
brd216089,216089,BRODIT,0
brd216096,216096,BRODIT,0
brd216098,216098,BRODIT,0
brd216113,216113,BRODIT,0
brd216122,216122,BRODIT,0
brd216132,216132,BRODIT,0
brd216133,216133,BRODIT,0
brd216134,216134,BRODIT,0
brd216137,216137,BRODIT,1
brd216145,216145,BRODIT,37
brd216180,216180,BRODIT,0
brd216181,216181,BRODIT,0
brd216182,216182,BRODIT,0
brd216188,216188,BRODIT,0
brd216200,216200,BRODIT,2
brd216212,216212,BRODIT,0
brd216213,216213,BRODIT,0
brd216228,216228,BRODIT,87
brd216229,216229,BRODIT,0
brd216230,216230,BRODIT,0
brd216236,216236,BRODIT,0
brd216237,216237,BRODIT,0
brd216239,216239,BRODIT,1
brd216240,216240,BRODIT,2
brd216247,216247,BRODIT,0
brd216248,216248,BRODIT,0
brd216250,216250,BRODIT,0
brd216251,216251,BRODIT,0
brd216258,216258,BRODIT,0
brd216283,216283,BRODIT,228
brd216286,216286,BRODIT,0
brd216287,216287,BRODIT,20
brd216291,216291,BRODIT,0
brd216292,216292,BRODIT,0
brd216294,216294,BRODIT,0
brd216295,216295,BRODIT,0
brd216298,216298,BRODIT,0
brd216302,216302,BRODIT,0
brd216307,216307,BRODIT,68
brd216308,216308,BRODIT,29
brd216312,216312,BRODIT,0
brd216313,216313,BRODIT,0
brd216316,216316,BRODIT,0
brd216317,216317,BRODIT,0
brd216331,216331,BRODIT,0
brd216366,216366,BRODIT,0
brd216367,216367,BRODIT,0
brd216368,216368,BRODIT,0
brd216369,216369,BRODIT,0
brd216370,216370,BRODIT,0
brd216371,216371,BRODIT,0
brd216376,216376,BRODIT,0
brd216377,216377,BRODIT,0
brd216378,216378,BRODIT,0
brd216379,216379,BRODIT,0
brd216380,216380,BRODIT,0
brd216381,216381,BRODIT,0
brd216382,216382,BRODIT,0
brd216383,216383,BRODIT,0
brd216385,216385,BRODIT,0
brd216386,216386,BRODIT,0
brd216387,216387,BRODIT,0
brd216391,216391,BRODIT,100
brd216405,216405,BRODIT,0
brd216406,216406,BRODIT,6
brd216407,216407,BRODIT,0
brd216408,216408,BRODIT,0
brd216409,216409,BRODIT,0
brd216425,216425,BRODIT,0
brd216460,216460,BRODIT,5
brd216461,216461,BRODIT,5
brd216462,216462,BRODIT,4
brd216463,216463,BRODIT,5
brd216466,216466,BRODIT,2
brd216467,216467,BRODIT,8
brd216469,216469,BRODIT,0
brd216480,216480,BRODIT,0
brd216484,216484,BRODIT,0
brd216494,216494,BRODIT,0
brd216498,216498,BRODIT,2
brd216499,216499,BRODIT,0
brd216500,216500,BRODIT,13
brd217014,217014,BRODIT,0
brd217015,217015,BRODIT,0
brd217016,217016,BRODIT,0
brd217017,217017,BRODIT,0
brd217030,217030,BRODIT,0
brd217034,217034,BRODIT,2
brd217035,217035,BRODIT,0
brd217036,217036,BRODIT,2
brd217037,217037,BRODIT,15
brd217038,217038,BRODIT,2
brd217039,217039,BRODIT,0
brd217040,217040,BRODIT,1
brd217042,217042,BRODIT,2
brd217046,217046,BRODIT,0
brd217052,217052,BRODIT,0
brd217053,217053,BRODIT,0
brd217054,217054,BRODIT,0
brd217055,217055,BRODIT,0
brd217056,217056,BRODIT,0
brd217057,217057,BRODIT,0
brd217060,217060,BRODIT,0
brd217065,217065,BRODIT,0
brd217068,217068,BRODIT,0
brd217072,217072,BRODIT,71
brd217080,217080,BRODIT,0
brd217087,217087,BRODIT,0
brd217091,217091,BRODIT,0
brd217095,217095,BRODIT,0
brd217107,217107,BRODIT,1
brd217108,217108,BRODIT,11
brd217116,217116,BRODIT,0
brd217123,217123,BRODIT,0
brd217124,217124,BRODIT,2
brd217134,217134,BRODIT,0
brd217135,217135,BRODIT,0
brd217140,217140,BRODIT,1
brd217151,217151,BRODIT,0
brd217152,217152,BRODIT,0
brd217155,217155,BRODIT,0
brd217156,217156,BRODIT,1
brd217202,217202,BRODIT,0
brd217203,217203,BRODIT,0
brd217206,217206,BRODIT,0
brd217250,217250,BRODIT,0
brd217251,217251,BRODIT,0
brd243570,243570,BRODIT,0
brd510808,510808,BRODIT,0
brd510810,510810,BRODIT,0
brd510813,510813,BRODIT,1
brd510874,510874,BRODIT,0
brd510875,510875,BRODIT,1
brd510876,510876,BRODIT,0
brd510877,510877,BRODIT,0
brd510880,510880,BRODIT,0
brd510883,510883,BRODIT,0
brd510892,510892,BRODIT,3
brd510904,510904,BRODIT,0
brd511013,511013,BRODIT,0
brd511306,511306,BRODIT,0
brd511497,511497,BRODIT,0
brd511534,511534,BRODIT,0
brd511567,511567,BRODIT,0
brd511568,511568,BRODIT,0
brd511707,511707,BRODIT,0
brd511755,511755,BRODIT,3
brd511756,511756,BRODIT,2
brd511777,511777,BRODIT,0
brd511784,511784,BRODIT,95
brd511805,511805,BRODIT,0
brd511833,511833,BRODIT,0
brd511834,511834,BRODIT,0
brd511848,511848,BRODIT,11
brd511849,511849,BRODIT,0
brd511850,511850,BRODIT,0
brd511857,511857,BRODIT,0
brd511893,511893,BRODIT,0
brd511914,511914,BRODIT,4
brd511926,511926,BRODIT,0
brd511927,511927,BRODIT,0
brd511943,511943,BRODIT,0
brd511950,511950,BRODIT,0
brd511959,511959,BRODIT,0
brd511963,511963,BRODIT,0
brd512013,512013,BRODIT,0
brd512497,512497,BRODIT,0
brd512528,512528,BRODIT,0
brd512567,512567,BRODIT,0
brd512568,512568,BRODIT,0
brd512641,512641,BRODIT,0
brd512707,512707,BRODIT,0
brd512755,512755,BRODIT,0
brd512756,512756,BRODIT,0
brd512805,512805,BRODIT,0
brd512833,512833,BRODIT,3
brd512834,512834,BRODIT,3
brd512851,512851,BRODIT,0
brd512862,512862,BRODIT,2
brd512926,512926,BRODIT,6
brd512927,512927,BRODIT,0
brd512943,512943,BRODIT,0
brd512959,512959,BRODIT,0
brd513013,513013,BRODIT,5
brd513497,513497,BRODIT,0
brd513528,513528,BRODIT,0
brd513567,513567,BRODIT,0
brd513568,513568,BRODIT,0
brd513707,513707,BRODIT,0
brd513755,513755,BRODIT,0
brd513756,513756,BRODIT,1
brd513805,513805,BRODIT,0
brd513833,513833,BRODIT,0
brd513834,513834,BRODIT,0
brd513857,513857,BRODIT,2
brd513862,513862,BRODIT,0
brd513926,513926,BRODIT,0
brd513943,513943,BRODIT,0
brd513959,513959,BRODIT,0
brd522706,522706,BRODIT,0
brd522707,522707,BRODIT,2
brd522880,522880,BRODIT,0
brd522883,522883,BRODIT,0
brd526707,526707,BRODIT,0
brd530013,530013,BRODIT,0
brd530180,530180,BRODIT,0
brd530257,530257,BRODIT,0
brd530480,530480,BRODIT,0
brd530534,530534,BRODIT,0
brd531707,531707,BRODIT,9
brd532013,532013,BRODIT,0
brd532180,532180,BRODIT,0
brd532257,532257,BRODIT,0
brd532534,532534,BRODIT,0
brd535480,535480,BRODIT,0
brd539706,539706,BRODIT,0
brd539768,539768,BRODIT,0
brd539777,539777,BRODIT,0
brd539783,539783,BRODIT,0
brd539784,539784,BRODIT,0
brd539860,539860,BRODIT,0
brd539861,539861,BRODIT,0
brd539865,539865,BRODIT,0
brd539892,539892,BRODIT,2
brd539893,539893,BRODIT,13
brd539894,539894,BRODIT,0
brd539960,539960,BRODIT,2
brd539961,539961,BRODIT,0
brd539970,539970,BRODIT,0
brd541609,541609,BRODIT,0
brd541650,541650,BRODIT,0
brd541651,541651,BRODIT,63
brd541706,541706,BRODIT,0
brd541768,541768,BRODIT,0
brd541777,541777,BRODIT,0
brd541783,541783,BRODIT,0
brd541784,541784,BRODIT,0
brd541808,541808,BRODIT,0
brd541860,541860,BRODIT,0
brd541861,541861,BRODIT,0
brd541970,541970,BRODIT,44
brd550888,550888,BRODIT,10
brd560013,560013,BRODIT,0
brd560707,560707,BRODIT,0
brd560753,560753,BRODIT,0
brd560805,560805,BRODIT,0
brd560851,560851,BRODIT,0
brd560857,560857,BRODIT,0
brd563914,563914,BRODIT,0
brd710134,710134,BRODIT,11
brd710147,710147,BRODIT,0
brd710158,710158,BRODIT,4
brd710266,710266,BRODIT,0
brd710267,710267,BRODIT,0
brd710287,710287,BRODIT,0
brd710296,710296,BRODIT,0
brd710297,710297,BRODIT,0
brd710301,710301,BRODIT,0
brd710302,710302,BRODIT,0
brd710320,710320,BRODIT,3
brd710464,710464,BRODIT,2
brd710465,710465,BRODIT,7
brd710871,710871,BRODIT,6
brd711002,711002,BRODIT,0
brd711019,711019,BRODIT,0
brd711027,711027,BRODIT,25
brd711029,711029,BRODIT,0
brd711040,711040,BRODIT,0
brd711044,711044,BRODIT,9
brd711045,711045,BRODIT,0
brd711053,711053,BRODIT,0
brd711056,711056,BRODIT,29
brd711085,711085,BRODIT,0
brd711087,711087,BRODIT,0
brd711099,711099,BRODIT,0
brd711116,711116,BRODIT,0
brd711119,711119,BRODIT,0
brd711133,711133,BRODIT,0
brd711148,711148,BRODIT,0
brd711151,711151,BRODIT,0
brd711155,711155,BRODIT,0
brd711156,711156,BRODIT,0
brd711157,711157,BRODIT,5
brd711159,711159,BRODIT,4
brd711171,711171,BRODIT,0
brd711172,711172,BRODIT,0
brd711178,711178,BRODIT,0
brd711190,711190,BRODIT,0
brd711197,711197,BRODIT,0
brd711215,711215,BRODIT,0
brd711227,711227,BRODIT,13
brd711228,711228,BRODIT,11
brd711242,711242,BRODIT,0
brd711251,711251,BRODIT,0
brd711279,711279,BRODIT,0
brd711283,711283,BRODIT,0
brd711292,711292,BRODIT,0
brd711305,711305,BRODIT,0
brd711306,711306,BRODIT,0
brd711307,711307,BRODIT,0
brd711310,711310,BRODIT,0
brd711328,711328,BRODIT,1
brd711334,711334,BRODIT,4
brd711338,711338,BRODIT,0
brd711347,711347,BRODIT,0
brd711348,711348,BRODIT,0
brd711357,711357,BRODIT,0
brd711359,711359,BRODIT,0
brd711391,711391,BRODIT,0
brd711400,711400,BRODIT,0
brd711402,711402,BRODIT,0
brd711410,711410,BRODIT,4
brd711411,711411,BRODIT,0
brd711412,711412,BRODIT,0
brd711421,711421,BRODIT,0
brd711422,711422,BRODIT,0
brd711423,711423,BRODIT,0
brd711431,711431,BRODIT,0
brd711436,711436,BRODIT,0
brd711438,711438,BRODIT,0
brd711440,711440,BRODIT,0
brd711449,711449,BRODIT,0
brd711462,711462,BRODIT,0
brd711463,711463,BRODIT,0
brd711468,711468,BRODIT,0
brd711470,711470,BRODIT,0
brd712002,712002,BRODIT,0
brd712019,712019,BRODIT,0
brd712027,712027,BRODIT,0
brd712029,712029,BRODIT,4
brd712036,712036,BRODIT,0
brd712040,712040,BRODIT,0
brd712049,712049,BRODIT,0
brd712085,712085,BRODIT,2
brd712099,712099,BRODIT,0
brd712105,712105,BRODIT,0
brd712134,712134,BRODIT,0
brd712135,712135,BRODIT,5
brd712148,712148,BRODIT,0
brd712151,713151,BRODIT,0
brd712157,712157,BRODIT,4
brd712158,712158,BRODIT,5
brd712159,712159,BRODIT,7
brd712197,712197,BRODIT,0
brd712210,712210,BRODIT,1
brd712215,712215,BRODIT,0
brd712268,712268,BRODIT,0
brd712279,712279,BRODIT,3
brd712283,712283,BRODIT,0
brd712292,712292,BRODIT,90
brd712305,712305,BRODIT,0
brd712306,712306,BRODIT,21
brd712307,712307,BRODIT,0
brd712310,712310,BRODIT,14
brd712320,712320,BRODIT,1
brd712321,712321,BRODIT,0
brd712322,712322,BRODIT,0
brd712328,712328,BRODIT,0
brd712329,712329,BRODIT,0
brd712330,712330,BRODIT,0
brd712332,712332,BRODIT,0
brd712347,712347,BRODIT,23
brd712348,712348,BRODIT,0
brd712350,712350,BRODIT,0
brd712356,712356,BRODIT,0
brd712357,712357,BRODIT,0
brd712359,712359,BRODIT,4
brd712391,712391,BRODIT,0
brd712392,712392,BRODIT,79
brd712400,712400,BRODIT,0
brd712401,712401,BRODIT,1
brd712402,712402,BRODIT,0
brd712403,712403,BRODIT,0
brd712419,712419,BRODIT,0
brd712420,712420,BRODIT,0
brd712422,712422,BRODIT,5
brd712423,712423,BRODIT,5
brd712425,712425,BRODIT,4
brd712437,712437,BRODIT,0
brd712439,712439,BRODIT,0
brd712441,712441,BRODIT,0
brd712449,712449,BRODIT,2
brd712454,712454,BRODIT,0
brd712455,712455,BRODIT,0
brd712462,712462,BRODIT,0
brd712463,712463,BRODIT,0
brd712464,712464,BRODIT,0
brd712465,712465,BRODIT,0
brd712468,712468,BRODIT,0
brd712469,712469,BRODIT,0
brd712470,712470,BRODIT,0
brd713027,713027,BRODIT,0
brd713029,713029,BRODIT,3
brd713036,713036,BRODIT,0
brd713040,713040,BRODIT,0
brd713049,713049,BRODIT,0
brd713085,713085,BRODIT,0
brd713099,713099,BRODIT,0
brd713105,713105,BRODIT,0
brd713134,713134,BRODIT,0
brd713135,713135,BRODIT,0
brd713138,713138,BRODIT,58
brd713148,713148,BRODIT,0
brd713151,712151,BRODIT,15
brd713157,713157,BRODIT,5
brd713158,713158,BRODIT,4
brd713159,713159,BRODIT,10
brd713197,713197,BRODIT,0
brd713215,713215,BRODIT,0
brd713266,713266,BRODIT,0
brd713267,713267,BRODIT,0
brd713268,713268,BRODIT,0
brd713279,713279,BRODIT,0
brd713283,713283,BRODIT,0
brd713292,713292,BRODIT,0
brd713305,713305,BRODIT,0
brd713306,713306,BRODIT,0
brd713307,713307,BRODIT,0
brd713310,713310,BRODIT,0
brd713326,713326,BRODIT,0
brd713328,713328,BRODIT,0
brd713329,713329,BRODIT,0
brd713330,713330,BRODIT,1
brd713332,713332,BRODIT,0
brd713338,713338,BRODIT,1
brd713347,713347,BRODIT,1
brd713348,713348,BRODIT,6
brd713350,713350,BRODIT,0
brd713356,713356,BRODIT,0
brd713357,713357,BRODIT,0
brd713359,713359,BRODIT,0
brd713391,713391,BRODIT,0
brd713392,713392,BRODIT,5
brd713400,713400,BRODIT,0
brd713401,713401,BRODIT,0
brd713402,713402,BRODIT,0
brd713403,713403,BRODIT,0
brd713419,713419,BRODIT,0
brd713420,713420,BRODIT,5
brd713422,713422,BRODIT,5
brd713423,713423,BRODIT,0
brd713425,713425,BRODIT,4
brd713437,713437,BRODIT,0
brd713439,713439,BRODIT,0
brd713441,713441,BRODIT,0
brd713449,713449,BRODIT,3
brd713454,713454,BRODIT,0
brd713455,713455,BRODIT,0
brd713462,713462,BRODIT,0
brd713463,713463,BRODIT,0
brd713464,713464,BRODIT,0
brd713465,713465,BRODIT,1
brd713468,713468,BRODIT,0
brd713469,713469,BRODIT,0
brd713470,713470,BRODIT,0
brd714410,714410,BRODIT,2
brd714421,714421,BRODIT,0
brd718228,718228,BRODIT,0
brd718233,718233,BRODIT,0
brd719228,719228,BRODIT,0
brd719233,719233,BRODIT,0
brd721036,721036,BRODIT,8
brd721115,721115,BRODIT,0
brd721116,721116,BRODIT,0
brd721133,721133,BRODIT,0
brd721155,721155,BRODIT,0
brd721156,721156,BRODIT,0
brd721178,721178,BRODIT,0
brd721192,721192,BRODIT,0
brd721207,721207,BRODIT,0
brd721242,721242,BRODIT,0
brd721243,721243,BRODIT,0
brd721334,721334,BRODIT,15
brd721335,721335,BRODIT,10
brd721411,721411,BRODIT,0
brd721412,721412,BRODIT,0
brd721422,721422,BRODIT,0
brd721423,721423,BRODIT,0
brd721436,721436,BRODIT,0
brd721438,721438,BRODIT,0
brd721440,721440,BRODIT,0
brd721462,721462,BRODIT,0
brd721463,721463,BRODIT,0
brd721471,721471,BRODIT,0
brd721472,721472,BRODIT,0
brd721475,721475,BRODIT,0
brd722426,722426,BRODIT,3
brd727133,727133,BRODIT,0
brd727178,727178,BRODIT,0
brd727207,727207,BRODIT,0
brd727214,727214,BRODIT,0
brd727242,727242,BRODIT,0
brd727243,727243,BRODIT,0
brd727334,727334,BRODIT,0
brd727411,727411,BRODIT,0
brd727412,727412,BRODIT,0
brd727422,727422,BRODIT,0
brd727423,727423,BRODIT,0
brd727436,727436,BRODIT,0
brd727438,727438,BRODIT,0
brd727440,727440,BRODIT,0
brd727462,727462,BRODIT,0
brd727463,727463,BRODIT,0
brd727471,727471,BRODIT,0
brd727473,727473,BRODIT,0
brd727475,727475,BRODIT,0
brd735328,735328,BRODIT,0
brd735329,735329,BRODIT,0
brd735454,735454,BRODIT,0
brd735455,735455,BRODIT,0
brd735464,735464,BRODIT,0
brd735465,735465,BRODIT,0
brd735466,735466,BRODIT,0
brd735467,735467,BRODIT,0
brd736266,736266,BRODIT,0
brd736267,736267,BRODIT,2
brd736324,736324,BRODIT,0
brd736326,736326,BRODIT,32
brd736328,736328,BRODIT,0
brd736329,736329,BRODIT,0
brd736333,736333,BRODIT,0
brd736454,736454,BRODIT,0
brd736455,736455,BRODIT,0
brd736464,736464,BRODIT,1
brd736465,736465,BRODIT,0
brd736466,736466,BRODIT,0
brd736467,736467,BRODIT,0
brd739010,739010,BRODIT,0
brd739266,739266,BRODIT,0
brd739267,739267,BRODIT,8
brd739287,739287,BRODIT,3
brd739296,739296,BRODIT,0
brd739297,739297,BRODIT,0
brd739301,739301,BRODIT,0
brd739302,739302,BRODIT,0
brd739317,739317,BRODIT,0
brd739318,739318,BRODIT,0
brd739320,739320,BRODIT,0
brd739332,739332,BRODIT,0
brd739340,739340,BRODIT,0
brd739467,739467,BRODIT,0
brd741010,741010,BRODIT,0
brd741266,741266,BRODIT,0
brd741287,741287,BRODIT,0
brd741296,741296,BRODIT,31
brd741297,741297,BRODIT,0
brd741301,741301,BRODIT,0
brd741302,741302,BRODIT,0
brd741379,741379,BRODIT,0
brd741466,741466,BRODIT,0
brd741467,741467,BRODIT,0
brd746328,746328,BRODIT,0
brd746329,746329,BRODIT,0
brd746466,746466,BRODIT,0
brd746467,746467,BRODIT,0
brd747267,747267,BRODIT,0
brd747328,747328,BRODIT,0
brd747329,747329,BRODIT,0
brd747333,747333,BRODIT,0
brd747466,747466,BRODIT,0
brd747467,747467,BRODIT,0
brd752389,752389,BRODIT,0
brd810721,810721,BRODIT,0
brd855679,855679,BRODIT,0
brd941012,941012,BRODIT,0
brd941017,941017,BRODIT,0
brd941024,941024,BRODIT,0
brd941025,941025,BRODIT,17
brd941026,941026,BRODIT,0
brd945028,945028,BRODIT,0
brd945031,945031,BRODIT,0
brd945084,945084,BRODIT,0
brod215748,215748,BRODIT,0
brod215838,215838,BRODIT,0
cables52,RJ45-USBA-1234-Z001,METAPACE,0
cabsn,NM9/9FF,EVE,33
card15sw,"Black PVC Card, 15 mil",ESEN,22
card30sw,"Black PVC Card, 30 mil",ESEN,0
cat6cab,76103S,INLINE,118
cb81048,PH81048,APG,0
cbadap03,22298CB,APG,0
cbadap1,23133-015,APG,5
cbadap2,21973BK-030,APG,0
cbflex,FLEX-0175,APG,0
cbflex0388,FLEX-0388,APG,0
cbflexhold,17800-665,APG,0
cbflexins,21313PAC,APG,0
cbflexlid,21317PAC-0001,APG,0
cbflexsw,Flex-0268,APG,0
cbmaxbk,MAXI-0590,APG,0
cbmaxhold,17537-665,APG,0
cbmaxhold3,18297-177,APG,0
cbmaxlid,90712PAC-0001,APG,0
cbmic+s,MICRO-0088,APG,0
cbmic-4,MICRO-0224,APG,0
cbmic-5,MICRO-0225,APG,0
cbmicb,MICRO-0021,APG,8
cbmickey,50111,APG,0
cbmiclid,20903-0002,APG,0
cbmicw,MICRO-0017,APG,0
cbmod1s,490MOD03-0086,APG,7
cbmod1w,490MOD03-0044,APG,12
cbmod237w,MOD237A-WH4617,APG,0
cbmod3-0250,490MOD03-0250,APG,0
cbmod3-0761,460MOD03-0761-K801,APG,0
cbmod3-0763,460MOD03-0763,APG,0
cbmod460ff,22778,APG,0
cbmodarm,40474,APG,0
cbmodb,460MOD03-0741,APG,0
cbmodhold,22325PAC,APG,0
cbmodins,21149PAC,APG,0
cbmodins2,21152PAC,APG,0
cbmodlid,90189PAC-0001,APG,1
cbmodlid2,20046PAC-0003,APG,0
cbmodlid4,90746-0001,APG,0
cbmodmins,20266PAC,APG,0
cbmodsil,MODSPEC-0474,APG,0
cbmodw-2,460MOD03-0701,APG,0
cbnano38,NANO-0038,APG,0
cbnano43,NANO-0043,APG,0
cbnano6,NANO-0006,APG,0
cbnano67,NANO-0067,APG,0
cbnano68,NANO-0068,APG,0
cbnslilock,50554-RAN,APG,0
cbphains,21425PAC,APG,0
cbphhold,F02612-665,APG,0
cbprax,SL3000-0082,APG,0
cbs30068,30068,APG,0
cbslhold,18162-963,APG,0
cbsli3891,SL3000-0891,APG,0
cbsli3b,SL3000-0036,APG,6
cbsli3b2,SL3000-0184,APG,0
cbsli3b3,SL3000-0392,APG,1
cbsli3b4,SL3000-0020,APG,0
cbsli3b5,SL3000-0025,APG,0
cbsli3b8,SL3000-0795,APG,0
cbsli3ins,21343PAC,APG,5
cbsli3ins3,40161PAC,APG,2
cbsli3ins7,23113,APG,0
cbsli3lid,21371PAC-0002,APG,23
cbsli3lid4,23045-0002,APG,0
cbsli3s,SL3000-0419,APG,0
cbsli3s3,SL3000-0230,APG,0
cbsli3w1,SL3000-0420,APG,0
cbsli3w2,SL3000-0275,APG,0
cbslilid2,21606PAC-0001,APG,0
cbsslock,5K50554-RAN,APG,0
cbstabcab,22803-015,APG,0
cbstains,21153PAC,APG,3
cbstalid,90063PAC-0003,APG,0
cbstaw-2,STD2000-0419,APG,0
cbstdhold,17565-665,APG,0
cbstdhold2,17565-963,APG,0
cbstinsex,21701,APG,0
cbzaehl,C0113,APG,1
ccd333,90ACC1903,DATALOGIC,0
ccd530,HFSTAND7E,HONEYWELL,0
cfr01,cfr01,ESEN,0
chipka2khu,"JT-217 Plastic Card",ESEN,0
cit09803,TZ09803,CITIZEN,0
cit09803-00,TZ09803-00F,CITIZEN,0
cit09804,TZ09804-00F,CITIZEN,0
cit09806-0,TZ09806-00F,CITIZEN,0
cit14701,TB14701-00F,CITIZEN,12
cit2000447,2000447,CITIZEN,0
cit2000lsuw,CTS2000RSEWHL,CITIZEN,1
cit202,CMP20IIXUXCX,CITIZEN,0
cit202bt,CMP20IIBUXCX,CITIZEN,6
cit202w,CMP20IIWUXCX,CITIZEN,0
cit2030nt,2000444,CITIZEN,0
cit20bat,2000435,CITIZEN,0
cit20case,2000439,CITIZEN,0
cit22701-00f,JM22701-00F,CITIZEN,108
cit25,CMP25XUXZL,CITIZEN,0
cit25bt,CMP25BUXZL,CITIZEN,6
cit25w,CMP25WUXZL,CITIZEN,0
cit28ad,28AD,CITIZEN,0
cit30056,PBM30056-00,CITIZEN,0
cit302,CMP30IIXUXCX,CITIZEN,0
cit302bt,CMP30IIBUXCX,CITIZEN,0
cit302l,CMP30IIXUXCL,CITIZEN,0
cit302lbt,CMP30IIBUXCL,CITIZEN,0
cit302lw,CMP30IIWUXCL,CITIZEN,0
cit302w,CMP30IIWUXCX,CITIZEN,0
cit30bat,2000436,CITIZEN,0
cit30case,2000440,CITIZEN,0
cit30chg,2000438,CITIZEN,0
cit3102eusw,CTS310IIXEEBX,CITIZEN,9
cit3102su2,CTS310IIEPW,CITIZEN,0
cit3102susw,CTS310IIEBK,CITIZEN,380
cit31b,IR31B,CITIZEN,126
cit34710,JM34710,CITIZEN,18
cit4000mount,WALL4000,CITIZEN,0
cit400dt,1000835,CITIZEN,33
cit41rb,IR41R/B,CITIZEN,0
cit4500bbt,CTS4500XTEBX,CITIZEN,17
cit4500bu,CTS4500XNEBX,CITIZEN,7
cit4500wbt,CTS4500XTEWX,CITIZEN,0
cit4500wu,CTS4500XNEWX,CITIZEN,0
cit521sw2,CLS521IINEBXX,CITIZEN,47
cit531,CLS531IINEBXX,CITIZEN,0
cit621sw2,CLS621IINEBXX,CITIZEN,48
cit631sw2,CLS631IINEBXX,CITIZEN,0
cit631sw2kk,CLS631IINEBXX,CITIZEN,0
cit6621,1000836,CITIZEN,14
cit6621cut,2000448,CITIZEN,0
cit6621peel,2000449,CITIZEN,2
cit6621ph,PPM80005-00,CITIZEN,13
cit6621rollhold,2000451,CITIZEN,0
cit6621xl,1000859,CITIZEN,0
cit66855-1,JM66855-10F,CITIZEN,8
cit7003yrwc,730S700,CITIZEN,9999
cit700c,2000429,CITIZEN,0
cit700d5yrwc,750S700,CITIZEN,9999
cit700dt2,CLS700IIDTNEXXX,CITIZEN,0
cit700roll,JN28801-00F,CITIZEN,81
cit751bbt,CTS751XTEBX,CITIZEN,0
cit751bu,CTS751XNEBX,CITIZEN,0
cit751ligh,CTS751XAEBX,CITIZEN,1
cit751wbt,CTS751XTEWX,CITIZEN,0
cit751wu,CTS751XNEWX,CITIZEN,0
cit80016-0,PPM80016-0,CITIZEN,1
cit80034,PPM80053-0,CITIZEN,32
cit800452-00,800452-00,CITIZEN,1
cit801bc,CTS801IIIS3NEBPXX,CITIZEN,18
cit801par,TZ66802-0,CITIZEN,6
cit801ser,TZ66801-0,CITIZEN,8
cit801usb,TZ66803-0,CITIZEN,103
cit801wlan3,IF1-WF5L,CITIZEN,0
cit801wlan4,IF1-WF5S,CITIZEN,0
cit851bc,CTS851IIIS3NEBPXX,CITIZEN,0
cit90029-0,PPK90029-0,CITIZEN,0
cit910p40,CBM91040PF2A,CITIZEN,0
cit910s,CBM91024RF2A,CITIZEN,0
cit910s40,CBM91040RF2A,CITIZEN,5
cit91ade1,91ADE1,CITIZEN,0
cit91adju,91ADJU,CITIZEN,0
cit91b,IR91,CITIZEN,661
cit920p24,CBM920II24PFDC,CITIZEN,0
cit920p40,CBM920II40PFDC,CITIZEN,11
cit920s,CBM920II40RFDC,CITIZEN,7
cit920s24,CBM920II24RFDC,CITIZEN,0
citacadap,PWT20035-0,CITIZEN,0
citacs541,TB29801-00F,CITIZEN,0
citacs631,ACS-631,CITIZEN,0
citcabuk,C6009-300,CITIZEN,490
citcleanpen,3000166,CITIZEN,0
citcls400dt2,CLS400DTIINEBRXN,CITIZEN,0
citcmpcar,2000443,CITIZEN,1
citcmpser,2000441,CITIZEN,0
citcmpusb,2000442,CITIZEN,0
citcordeu,C6009-200,CITIZEN,0
cite300,CLE300XEBXXX,CITIZEN,40
cite300bc,CLE300XEBXCX,CITIZEN,0
cite300c,CLE300XEBXSX,CITIZEN,0
cite300ex,CLE300EXXEBTXX,CITIZEN,0
cite300ex2,CLE300EXXEBNXX,CITIZEN,0
cite300w,CLE300XEWXXX,CITIZEN,0
cite301,CTE301XXEWX,CITIZEN,115
cite301s,CTE301XXEBX,CITIZEN,28
cite301t,CTE301X3EWX,CITIZEN,0
cite301ts,CTE301X3EBX,CITIZEN,0
cite303,CLE303XEBXXX,CITIZEN,0
cite303c,CLE303XEBXSX,CITIZEN,0
cite321,CLE321XEWXXX,CITIZEN,0
cite321-2,CLE321XEBXXX,CITIZEN,17
cite321-3,CLE321XEBXCX,CITIZEN,0
cite321ex,CLE321EXXEBTXX,CITIZEN,0
cite331b,CLE331XEBXXX,CITIZEN,0
cite331bcb,CLE331XEBXCX,CITIZEN,0
cite331w,CLE331XEWXXX,CITIZEN,0
cite351,CTE351XXEWX,CITIZEN,0
cite351e,CTE351XEEWX,CITIZEN,0
cite351es,CTE351XEEBX,CITIZEN,0
cite351ph,PPM80033-00,CITIZEN,0
cite351s,CTE351XXEBX,CITIZEN,0
cite601bt,CTE601XTEBX,CITIZEN,0
cite601lus,CTE601XAEBX,CITIZEN,0
cite601u,CTE601XNEWX,CITIZEN,0
cite601us2,CTE601XNEBX,CITIZEN,0
cite651lan,PPZ60103S,CITIZEN,0
cite651lan2,PPZ60104S,CITIZEN,0
cite651ligh,CTE651XAEBX,CITIZEN,5
cite651u,CTE651XNEWX,CITIZEN,0
cite651ub,CTE651XNEBXL,CITIZEN,0
cite651ubt,CTE651XTEWX,CITIZEN,0
cite651us,CTE651XNEBX,CITIZEN,0
cite651usbt,CTE651XTEBX,CITIZEN,0
cite651wlan,PPZ60094S,CITIZEN,0
cite700wlan,PPZ60108S,CITIZEN,0
cite720dt,1000852,CITIZEN,0
cite720peel,2000454,CITIZEN,1
cite720ph,PPM80015-0,CITIZEN,14
cite720sw,1000853,CITIZEN,23
cite730,1000854,CITIZEN,6
citeth10,PPS00585S,CITIZEN,0
citeth7,PPS00488S,CITIZEN,10
citeth8,IF5-ES04,CITIZEN,85
cith300,CLH300SVXEWNXXA,CITIZEN,23
citifes04,IF1-ES04,CITIZEN,2
citir41b,IR41B,CITIZEN,0
citir51,IR51,CITIZEN,94
citir51rb,IR51R/B,CITIZEN,0
citir71p,IR71P,CITIZEN,19
citlt286,LT286,CITIZEN,40
citlwifi,IF5-WF5L,CITIZEN,3
citmd910ss,MD910SS,CITIZEN,18
citmd911ss,MD911SS,CITIZEN,0
citmlt288v,MLT288V,CITIZEN,0
citmlt389,MLT389,CITIZEN,0
citmlt4280khp1,MLT4280-KHP1,CITIZEN,0
citparcls,2000434,CITIZEN,104
citparcts,TA66811-00F,CITIZEN,0
citpd24strap,2000419,CITIZEN,0
citphu102s,PHU102S,CITIZEN,0
citphu203t,PHU203T,CITIZEN,0
citpmu2300a,PMU2300IIIPBPAU,CITIZEN,0
citpmu2300s,PMU2300IIISBRSU,CITIZEN,0
citpmu2300s2,PMU2300IIIPBRSU,CITIZEN,0
citpmu2300u,PMU2300IIISBUBU,CITIZEN,0
citpmu2300u2,PMU2300IIIPBUBU,CITIZEN,0
citpmu3300,PMU3300U3UXXX,CITIZEN,0
citpmu3300phold,PPM30046-0,CITIZEN,15
citpmu330psu,2000465,CITIZEN,1
citpmu33sensor,PPS90066-0,CITIZEN,0
citppm80001-00,PPM80001-00,CITIZEN,10
citpps00276s,PPS00276S,CITIZEN,0
citps3,PWT20017-00,CITIZEN,0
citps5,PWT20022-00,CITIZEN,0
citps6,PWT20019-00,CITIZEN,0
cits7003,CLS700IIINEXXX,CITIZEN,41
cits7003r,CLS700IIIRNEXXX,CITIZEN,11
cits7033,CLS703IIINEXXX,CITIZEN,11
cits7033r,CLS703IIIRNEXXX,CITIZEN,0
citsercts,TB66832-00F,CITIZEN,0
citwar,3YW-CTS600_800_2000,CITIZEN,9999
citwifi,IF5-WF5S,CITIZEN,0
citwifi-upg,UPG-WF5S,CITIZEN,0
citwifi2,PPZ60112S,CITIZEN,45
cl1500stand,A1500NBA00003,"CIPHERLAB CO., LTD.",0
cl1500stand2,A1500NBAGNN01,"CIPHERLAB CO., LTD.",0
cl1504a-2,A1504ARBKE001,"CIPHERLAB CO., LTD.",0
cl1504a-3,A1504ARBKG001,"CIPHERLAB CO., LTD.",0
cl1504a-4,A1504ARBKU001,"CIPHERLAB CO., LTD.",0
cl1504a-5,A1504ARBSE001,"CIPHERLAB CO., LTD.",0
cl1504a-6,A1504ARBSG001,"CIPHERLAB CO., LTD.",0
cl1504p,A1504P2BKU001,"CIPHERLAB CO., LTD.",15
cl1504pub,A1504P2BSU001,"CIPHERLAB CO., LTD.",1
cl1560,A1560PCBKRE01,"CIPHERLAB CO., LTD.",0
cl1560-2,A1560PCBKRG01,"CIPHERLAB CO., LTD.",0
cl1560-3,A1560PCBKUE01,"CIPHERLAB CO., LTD.",0
cl1560-4,A1560PCBKUG01,"CIPHERLAB CO., LTD.",0
cl1560baser,A3656NBA0R001,"CIPHERLAB CO., LTD.",0
cl1560baseruk,A3656NBA0R003,"CIPHERLAB CO., LTD.",0
cl1560baseu,A3656NBA0H001,"CIPHERLAB CO., LTD.",0
cl1560baseuuk,A3656NBA0H003,"CIPHERLAB CO., LTD.",0
cl1560bat-2,KB1A371800596,"CIPHERLAB CO., LTD.",2
cl1560batchguk,A1560NBAB0301,"CIPHERLAB CO., LTD.",0
cl1564au,A1564ARBKUE01,"CIPHERLAB CO., LTD.",0
cl1600boot,X166X00X01501,"CIPHERLAB CO., LTD.",0
cl1600pcov,X166400X01510,"CIPHERLAB CO., LTD.",0
cl1662,A1662LBKTUN01,"CIPHERLAB CO., LTD.",0
cl1662-2,A1661NBABN201,"CIPHERLAB CO., LTD.",0
cl1662-3,A1662LBSNUN01,"CIPHERLAB CO., LTD.",5
cl1662adap,KT960522000E3,"CIPHERLAB CO., LTD.",0
cl1662adap-uk,BPOWER0000062,"CIPHERLAB CO., LTD.",0
cl1662bat,KB16XX0X00501,"CIPHERLAB CO., LTD.",0
cl1663cab,WSI4010100001,"CIPHERLAB CO., LTD.",0
cl166xbatcha,A1661NBABN301,"CIPHERLAB CO., LTD.",0
cl2000rblm2d,A2200NBEM0201,"CIPHERLAB CO., LTD.",0
cl2200bslm,A2200NBRM0001,"CIPHERLAB CO., LTD.",0
cl2200bslm-2,A2200NBUM0001,"CIPHERLAB CO., LTD.",0
cl2200ub,A2200NBUN0001,"CIPHERLAB CO., LTD.",0
cl2200ub2d,A2200NBUN0201,"CIPHERLAB CO., LTD.",0
cl220rb,A2200NBRN0001,"CIPHERLAB CO., LTD.",0
cl220rblm,A2200NBEM0001,"CIPHERLAB CO., LTD.",0
cl2500,A2500SCBSU001,"CIPHERLAB CO., LTD.",5
cl2500-2,A2500SCBSR001,"CIPHERLAB CO., LTD.",0
cl2500-3,A2500SCWSU001,"CIPHERLAB CO., LTD.",0
cl2500-4,A2500SCWSR001,"CIPHERLAB CO., LTD.",0
cl2500adap,BPOWER0000078,"CIPHERLAB CO., LTD.",1
cl2500adapuk,BPOWER0000068,"CIPHERLAB CO., LTD.",0
cl2500stand,A2500ANBAA001,"CIPHERLAB CO., LTD.",0
cl2504,A2504S2BSU001,"CIPHERLAB CO., LTD.",0
cl2504-2,A2504S2BSR001,"CIPHERLAB CO., LTD.",0
cl2504-3,A2504S2WSU001,"CIPHERLAB CO., LTD.",0
cl2504-4,A2504S2WSR001,"CIPHERLAB CO., LTD.",0
cl2560,A2560SCBKU0E1,"CIPHERLAB CO., LTD.",8
cl2560-2,A2560SCBKR0E1,"CIPHERLAB CO., LTD.",0
cl2560baseu,A2560ANBACUE1,"CIPHERLAB CO., LTD.",0
cl2560batchg,A2560ANBAB0E1,"CIPHERLAB CO., LTD.",0
cl2560batchguk,A2560ANBAB0G1,"CIPHERLAB CO., LTD.",0
cl2564,A2564SSBKU0E3,"CIPHERLAB CO., LTD.",5
cl2564-2,A2564SSBKR0E3,"CIPHERLAB CO., LTD.",0
cl2564-3,A2564S2WKU0E2,"CIPHERLAB CO., LTD.",0
cl2564-4,A2564S2WKR0E2,"CIPHERLAB CO., LTD.",0
cl2565,A2565S3DBKUN1,"CIPHERLAB CO., LTD.",0
cl3610blutr,A3610RS000001,"CIPHERLAB CO., LTD.",0
cl37vbat,KB1B3770000N7,"CIPHERLAB CO., LTD.",0
cl8400bat,KB1A371800BA8,"CIPHERLAB CO., LTD.",0
cla1204sfbku,A1204SFBKU001,"CIPHERLAB CO., LTD.",35
cla1204sfbsu,A1204SFBSU001,"CIPHERLAB CO., LTD.",49
cla1264anbcu,A1264ANBCU001,"CIPHERLAB CO., LTD.",25
cla1264sfbku,A1264SFBKU001,"CIPHERLAB CO., LTD.",14
clbeltholst,X970000X01504,"CIPHERLAB CO., LTD.",0
clbrk96prubboot,BRK96_PAG0001,"CIPHERLAB CO., LTD.",0
clcabu3,WSI40RS300001,"CIPHERLAB CO., LTD.",0
clcabue,KXUSBAE225002,"CIPHERLAB CO., LTD.",0
clcarclphc,ARS38CLIP0001,"CIPHERLAB CO., LTD.",11
clhstraphc,ARS38HS000001,"CIPHERLAB CO., LTD.",10
clrk25-29,AK25NMLDFNSP1,"CIPHERLAB CO., LTD.",0
clrk25strap,XRK2500X01508,"CIPHERLAB CO., LTD.",0
clrk26,AK266A4DFEG41,"CIPHERLAB CO., LTD.",0
clrk26-10,AK266A4DNNG41,"CIPHERLAB CO., LTD.",2
clrk26-16,AK26EM4DNEG41,"CIPHERLAB CO., LTD.",0
clrk26-2,AK266S4DFEG41,"CIPHERLAB CO., LTD.",0
clrk26-3,AK26EA4DFNG41,"CIPHERLAB CO., LTD.",14
clrk26-4,AK26ES4DFEG41,"CIPHERLAB CO., LTD.",0
clrk26-5,AK266M4DFNG41,"CIPHERLAB CO., LTD.",0
clrk26-6,AK26EG4DNNG41,"CIPHERLAB CO., LTD.",1
clrk26acc,ARK25UHFENEE1,"CIPHERLAB CO., LTD.",0
clrk4batchg,ARK254SBNNE01,"CIPHERLAB CO., LTD.",0
clrk95-15,AK95786N3NPG1,"CIPHERLAB CO., LTD.",89
clrk95-16,AK957M6N3NPG1,"CIPHERLAB CO., LTD.",0
clrk95-18,AK95786N3NPS1,"CIPHERLAB CO., LTD.",43
clrk95-19,AK95786N5NPG1,"CIPHERLAB CO., LTD.",1
clrk954batchg,ARK954SBNNE01,"CIPHERLAB CO., LTD.",0
clrk95bat-2,KBCENTGX00506,"CIPHERLAB CO., LTD.",0
clrk95batmod6,KBCENT1300503,"CIPHERLAB CO., LTD.",13
clrk95mbatchcr,ARK95MSCNNE01,"CIPHERLAB CO., LTD.",0
clrk95multichg,ARK95MSCNNG01,"CIPHERLAB CO., LTD.",0
clrk95strap,XRK9500X01584,"CIPHERLAB CO., LTD.",0
clrk95ucab,ARK95CCCNU201,"CIPHERLAB CO., LTD.",0
clrk96-1,AK96N5F63XSG1,"CIPHERLAB CO., LTD.",0
clrk96-2,AK96NMF63XSG1,"CIPHERLAB CO., LTD.",0
clrk96-3,AK96NSF63XSG1,"CIPHERLAB CO., LTD.",0
clrk96-4,AK96N5F64XSG1,"CIPHERLAB CO., LTD.",0
clrk96-5,AK96N5F65XSG1,"CIPHERLAB CO., LTD.",0
clrkpgrip,ARK25PSTNNN01,"CIPHERLAB CO., LTD.",31
clrkucab,ARK25CCCNU201,"CIPHERLAB CO., LTD.",13
clrs35-14,AS35E4RF1NSG1,"CIPHERLAB CO., LTD.",5
clrs35-18,AS3574RF1EUG1,"CIPHERLAB CO., LTD.",0
clrs35chg4,ARS354SBNNE01,"CIPHERLAB CO., LTD.",6
clrs35pgrip,ARS35PSTNNN01,"CIPHERLAB CO., LTD.",0
clrs35uclcab,ARS35SNPNUN01,"CIPHERLAB CO., LTD.",0
clrs36,AS36E4AF4EUG1,"CIPHERLAB CO., LTD.",45
clrs36-19,AS36E4GF4NSU1,"CIPHERLAB CO., LTD.",56
clrs36-2,AS36E4AF4NSG1,"CIPHERLAB CO., LTD.",12
clrs36-3,AS36E4RF4NSG1,"CIPHERLAB CO., LTD.",24
clrs36-4,AS3664RF4NSG1,"CIPHERLAB CO., LTD.",8
clrs38,AS3858RF4NSG1,"CIPHERLAB CO., LTD.",22
clrs38-2,AS38N8RF4NSG1,"CIPHERLAB CO., LTD.",7
clrs38-3,AS3858AF4NSG1,"CIPHERLAB CO., LTD.",20
clrs38-4,AS38N8AF4NSG1,"CIPHERLAB CO., LTD.",0
clrs38-6,ARS38UHFNREE1,"CIPHERLAB CO., LTD.",0
clrs38-7,AS3858SF4NSGH,"CIPHERLAB CO., LTD.",0
clrs38-9,ARS38UHFNREG1,"CIPHERLAB CO., LTD.",0
clrs38bchg-4,ARS384SBHCE01,"CIPHERLAB CO., LTD.",0
clrs38bchguk-5,ARS385SCNNG01,"CIPHERLAB CO., LTD.",0
clrs38cab,WSI0400000001,"CIPHERLAB CO., LTD.",0
clrs38chg,ARS38CHCNNE01,"CIPHERLAB CO., LTD.",36
clrs38chg-2,ARS38CHCNHE01,"CIPHERLAB CO., LTD.",0
clrs38chg-uk,ARS38CHCNNG01,"CIPHERLAB CO., LTD.",0
clrs38crd,ARS38WCCNNE01,"CIPHERLAB CO., LTD.",5
clrs38crd-2,ARS38WCCNHE01,"CIPHERLAB CO., LTD.",0
clrs38crd-uk,ARS38WCCNNG01,"CIPHERLAB CO., LTD.",0
clrs38ewar-5,RS38E00000015,"CIPHERLAB CO., LTD.",9999
clrs38hbat,KBRS381455502,"CIPHERLAB CO., LTD.",0
clrs38pgrip,ARS38PSTNNN11,"CIPHERLAB CO., LTD.",9
clrs38pseu,BPOWER0000142,"CIPHERLAB CO., LTD.",0
clrs38psuk,BPOWER0000144,"CIPHERLAB CO., LTD.",9
clrs38rboot,PRS3800X01507,"CIPHERLAB CO., LTD.",25
clrs38scrprot,XRS3800X01504,"CIPHERLAB CO., LTD.",15
clrs4chg,ARS365CBNNE01,"CIPHERLAB CO., LTD.",20
clrs50chg-eu,ARS50CCCNNE01,"CIPHERLAB CO., LTD.",1
clrs50chg-uk,ARS50CCCNNG01,"CIPHERLAB CO., LTD.",0
clrs50chg2-eu,ARS505CBNNE01,"CIPHERLAB CO., LTD.",0
clrs50chg3-eu,ARS504SBNNE01,"CIPHERLAB CO., LTD.",0
clrs50crd5-eu,ARS505SCNNE01,"CIPHERLAB CO., LTD.",0
clrs50holster,XRS5000X01541,"CIPHERLAB CO., LTD.",0
clrs51-5,AS51E2BE4Q401,"CIPHERLAB CO., LTD.",0
clrs51-6,AS51E2BG4Q401,"CIPHERLAB CO., LTD.",0
clrs51-8,AS51E2BG5Q401,"CIPHERLAB CO., LTD.",0
clrs51-9,AS51E2BECQ401,"CIPHERLAB CO., LTD.",0
clrs51bat,BRS51BAT00009,"CIPHERLAB CO., LTD.",0
clrs51chg,ARS50CCCN5E02,"CIPHERLAB CO., LTD.",0
clrs51chg-uk,ARS50CCCN5G02,"CIPHERLAB CO., LTD.",0
clrs51sprot2,XRS5101X01505,"CIPHERLAB CO., LTD.",0
clrs51sprot5,XRS5101X11506,"CIPHERLAB CO., LTD.",0
clrs5xcabu,ARS50SNPNUN01,"CIPHERLAB CO., LTD.",0
clrs5xpistol,ARS50PSTNNN11,"CIPHERLAB CO., LTD.",0
clrs6bat,BRS36BAT00001,"CIPHERLAB CO., LTD.",10
clrschgcr,ARS36CHCNDN01,"CIPHERLAB CO., LTD.",0
clrshstrap,XRS3500X01504,"CIPHERLAB CO., LTD.",0
clrsrboot,PRS3500X01511,"CIPHERLAB CO., LTD.",0
clrsuchgcab,ARS36CCCNUE01,"CIPHERLAB CO., LTD.",0
clrsuhf,ARS35UHFNNEE1,"CIPHERLAB CO., LTD.",22
clstrap,BAERSTR100003,"CIPHERLAB CO., LTD.",7
clwr30,AR30SRHE00001,"CIPHERLAB CO., LTD.",0
clwr30-2,AR30SAHE00001,"CIPHERLAB CO., LTD.",0
clwr30-3,AR30SRLE00001,"CIPHERLAB CO., LTD.",0
clwr30-4,AR30SALE00001,"CIPHERLAB CO., LTD.",0
clwr30-5,AR30SATE00001,"CIPHERLAB CO., LTD.",0
clwr30-6,AR30SRTE00001,"CIPHERLAB CO., LTD.",0
clwr30bat,KBWR306X11501,"CIPHERLAB CO., LTD.",0
clwr30glove,AWR30AHMGRM01,"CIPHERLAB CO., LTD.",0
clwr30glove2,AWR30AHMGLM01,"CIPHERLAB CO., LTD.",0
clwr30hstrap,XWR3000X01506,"CIPHERLAB CO., LTD.",0
clwr30strap,AWR30AHMT0001,"CIPHERLAB CO., LTD.",0
clwr30trig,AWR30ALYD0001,"CIPHERLAB CO., LTD.",0
clwr30ucab,WSI04VENU0001,"CIPHERLAB CO., LTD.",0
clwr30uchg,AWR30ATCC0001,"CIPHERLAB CO., LTD.",0
cm4500b2,50013-001-104,HID,545
cm4500s2,88003-001-S04,HID,106
cm4500sp3,50013-NC1-104,HID,0
cm5300read,50019-001-102,HID,0
cmtcs1s-3,TCETC1FF022,HID,60
color1000-2d,16D010447B,COLORMETRICS,45
color1000ib2,16D010264B,COLORMETRICS,3
color1000msr,16D010263B,COLORMETRICS,1
color1000sparessd,20D021006-504B,COLORMETRICS,469
color1000stand,16D010387B,COLORMETRICS,2
color2000-15mon,SC2xdisp15,COLORMETRICS,53
color2000-15monw,SC2xdisp15w,COLORMETRICS,2
color2000-2d,SC2x2d,COLORMETRICS,17
color2000-2dr,SC2x2dr,COLORMETRICS,2
color2000-ir,SC2xir,COLORMETRICS,13
color2000-mi,SC2xmi,COLORMETRICS,0
color2000-mis,SC2xmis,COLORMETRICS,9
color2000-miv,SC2xmiV,COLORMETRICS,0
color2000-msr,SC2xmsr,COLORMETRICS,70
color2000-msrw,SC2xmsrw,COLORMETRICS,39
color2000-sta,SC2xstand,COLORMETRICS,23
color2000-staw,SC2xstandw,COLORMETRICS,14
color2000-vfd,SC2xvfd,COLORMETRICS,25
color2000comcab,35D600141-001B,COLORMETRICS,0
color3100-disp15,16D010154B,COLORMETRICS,10
color3100-m,16D010016B,COLORMETRICS,70
color3100ps,16D010441B,COLORMETRICS,0
color3300-vfd,16D010093B,COLORMETRICS,5
color4100-1d,K1D0A0021-00FB,COLORMETRICS,4
color4100-2d,K1D0A0021-00JB,COLORMETRICS,14
color4100-2dw,16D010330B,COLORMETRICS,0
color4100-imsr,16D010134B,COLORMETRICS,2
color4100-msr,16D010124B,COLORMETRICS,72
color4100-msr3,16D010281B,COLORMETRICS,40
color4100-rfid-2,K1D0A0022-00EB,COLORMETRICS,78
color4100comcab3,35D600172-010B,COLORMETRICS,5
color4100exta,K1D0A0004-00EB,COLORMETRICS,178
color4100extb,16D010295B,COLORMETRICS,19
color4100extc2,16D010294B,COLORMETRICS,26
color4100exte,K1D0A0004-00KB,COLORMETRICS,1
color4100exte2,16D010296B,COLORMETRICS,230
color4100wifi,16D010334B,COLORMETRICS,0
color4500-w,16D010338B,COLORMETRICS,0
color4500i5p,P4500i5-PCAP,COLORMETRICS,1
color4x00-2dr,K1D0A0021-00HB,COLORMETRICS,9
color4x00-bio,16D010302B,COLORMETRICS,11
color4x00-msrbio,K1D0A0028-00BB,COLORMETRICS,17
color4x00-stand,16D010136B,COLORMETRICS,311
color5100-disp15-2,16D010475B,COLORMETRICS,0
color5100i3,10D6630AGB,COLORMETRICS,317
color5100i5,10D6630AHB,COLORMETRICS,26
color5100p,10D6610ARB,COLORMETRICS,0
color5500pcapkit,RDD658029B,COLORMETRICS,3
color5500stand,16D010438B,COLORMETRICS,0
color5x00-2d,16D010460B,COLORMETRICS,70
colorc1000-disp15,AM-1015-Pole,COLORMETRICS,6
colorc1000a,"C1000 mPOS-A",COLORMETRICS,31
colorc1000ar,"C1000 mPOS-AR",COLORMETRICS,22
colorc1000crbm,CR-BM,COLORMETRICS,36
colorc1000crbmsi,CR-BMSI,COLORMETRICS,6
colorc1000crbmsl,CR-BMSL,COLORMETRICS,54
colorc1000ifa,ASTRAN0250,COLORMETRICS,37
colorc1000ifb,ASTRAN0260,COLORMETRICS,18
colorc1000ifc,ASTRAN0270,COLORMETRICS,2
colorc1000ifh,ASTRAN1020,COLORMETRICS,36
colorc1000ps150,RD9000PH01D3,COLORMETRICS,3
colorc1000spacer,ASAERP1800,COLORMETRICS,13
colorc1400-2,RDD659006B,COLORMETRICS,16
colorc1400-3,RDD659008B,COLORMETRICS,42
colorc1400-5,RDD659006BWIN,COLORMETRICS,20
colorc1400-ib,16D010373B,COLORMETRICS,1
colorc1400-ib2,16D010444B,COLORMETRICS,212
colorc1400-lte,16D010372B,COLORMETRICS,2
colorc1400-msr,16D010369B,COLORMETRICS,97
colorc1400-rfid,16D010370B,COLORMETRICS,7
colorc1400-vfd2,16D010436B,COLORMETRICS,148
colorc1400l,C1400L,COLORMETRICS,30
colorcdisp,16D010418B,COLORMETRICS,0
colordisp10,16D010430B,COLORMETRICS,0
colordisp10-pole,16D010380B-KIT,COLORMETRICS,0
coloributp55,16D010448B,COLORMETRICS,68
colorp1000n,16D010439,COLORMETRICS,0
colorp1200,10D6650ADB,COLORMETRICS,181
colorp1200scnsd,RDD661034B,COLORMETRICS,0
colorp1200vfd,16D010461B,COLORMETRICS,0
colorp5500-10,10D6660ADB,COLORMETRICS,0
colorp5500-6,P5500i3-5YR,COLORMETRICS,0
colorp5500-7,10D6620AEB,COLORMETRICS,0
colorp5500-8,10D6660ACB,COLORMETRICS,0
colorp5500fpr,16D010412B,COLORMETRICS,15
colorp5500ibut,16D010410B,COLORMETRICS,140
colorp5500lte,RDD658025B,COLORMETRICS,0
colorp5500msr,16D010409B,COLORMETRICS,184
colorp5500rfid,16D010411B,COLORMETRICS,0
colorp5500scr,16D010445B,COLORMETRICS,297
colorp5500scrt,16D010446B,COLORMETRICS,46
colorp5500wifi,16D010482B,COLORMETRICS,0
colorparcab,35D600167-000B,COLORMETRICS,0
colorram11,1823649,JARLTECH,7
colorram12,1840191,JARLTECH,0
colors4300fb,S4300F-B,COLORMETRICS,6
colors4300fw,S4300F-W,COLORMETRICS,8
colors4300s-pcap,S4300S-WP,COLORMETRICS,1
colorslimstand,16D010320B,COLORMETRICS,133
colorssd4,20D021009-61AB,COLORMETRICS,76
colorssd6,3832450,INTENSO,32
colorssd8,3835440,INTENSO,99
colortseip1,16D010357B,COLORMETRICS,63
colortseip13,16D010356B,COLORMETRICS,95
colortseip2,16D010358B,COLORMETRICS,0
colortseip31,16D010359B,COLORMETRICS,100
colortseip4,16D010360B,COLORMETRICS,75
colortsep1,16D010361B,COLORMETRICS,97
colortsep1m,16D010355B,COLORMETRICS,94
colortsep2,16D010362B,COLORMETRICS,97
colortsep4,16D010365B,COLORMETRICS,100
colortsev,16D010366B,COLORMETRICS,100
colortsevm,16D010354B,COLORMETRICS,0
colorv1200,V1200,COLORMETRICS,18
colorv1500,V1500,COLORMETRICS,14
colorviomsrib,VION-MSRIB,COLORMETRICS,4
colorvion1d,VION-1D,COLORMETRICS,3
colorvion2d,VION-2D,COLORMETRICS,16
colorviondisp15,VION-DISP15,COLORMETRICS,0
colorviondisp15-2,16D010148B,COLORMETRICS,4
colorvionib,VION-IB,COLORMETRICS,8
colorvionmsr,VION-MSR,COLORMETRICS,16
colorvionmsrrf,VION-MSRRFID,COLORMETRICS,1
colorvionrfid,VION-RFID,COLORMETRICS,0
colorwar5100-2,77-000014-000B,COLORMETRICS,9999
colorwar5100i3-2,77-000013-000B,COLORMETRICS,9999
colorwar5100i5,77-000010-000B,COLORMETRICS,9999
colorwar5500-2-1,77-000015-000B,COLORMETRICS,9999
colorwar5500i3-2,77-000017-000B,COLORMETRICS,9999
colorwar5500i5-2,77-000018-000B,COLORMETRICS,9999
deckelv,deckelv,METAPACE,0
digiuniscwm,DA-90303-1,"ASSMANN ELECTRONIC G",29
dk234,DK234WE15,ESEN,408
dk2345m,DK234WE50,ESEN,942
dk234sw,DK234SW15,ESEN,241
dk234sw5m,DK234SW50,ESEN,928
dk290,DK234WE30,ESEN,1354
dlarsbmgl15,90ACC0380,DATALOGIC,0
dlarswmgl15,90ACC0381,DATALOGIC,0
dlawmkit,90ACC0382,DATALOGIC,0
dlawmkitw,90ACC0383,DATALOGIC,0
dlaxistboot,94ACC0132,DATALOGIC,39
dlaxistecr,94A150072,DATALOGIC,16
dlbc2090bk,BC2090-BK,DATALOGIC,9
dlbc2090bk-433,BC2090-BK-433,DATALOGIC,25
dlbc9030,BC9030-BT,DATALOGIC,0
dlbc9130,BC9130-BT,DATALOGIC,0
dlbc9130pm,BC9130-433,DATALOGIC,13
dlbc9160,BC9160-433,DATALOGIC,0
dlbc9180,BC9180-BT,DATALOGIC,0
dlbc9180-2,BC9180-433,DATALOGIC,15
dlbc9600,BC9600-433,DATALOGIC,0
dlbc9630,BC9630-433,DATALOGIC,48
dlbc9631,BC9631-433,DATALOGIC,29
dlbc9680433,BC9680-433,DATALOGIC,49
dlbc9680bt,BC9680-BT,DATALOGIC,0
dlbc9681,BC9681-433-N100,DATALOGIC,15
dlbc9681n1,BC9681-BT-N100,DATALOGIC,2
dlbc9681n2,BC9681-433-N200,DATALOGIC,2
dlbc9681n2-2,BC9681-BT-N200,DATALOGIC,0
dlcab0466,94ACC0466,DATALOGIC,0
dlcab0467,94ACC0467,DATALOGIC,0
dlcab0468,94ACC0468,DATALOGIC,0
dlcab135,90A052135,DATALOGIC,324
dlcab327,90G000008,DATALOGIC,153
dlcab350,90A051230,DATALOGIC,361
dlcab362,90A051330,DATALOGIC,156
dlcab362sh2,90G001095,DATALOGIC,25
dlcab389,90A051710,DATALOGIC,10
dlcab408,90A051891,DATALOGIC,27
dlcab412,90A051902,DATALOGIC,42
dlcab412jt,DLCAB412,EQUATOR,136
dlcab413e2,90A052101,DATALOGIC,0
dlcab413sh5,90A052092,DATALOGIC,88
dlcab424e2,90A052100,DATALOGIC,0
dlcab426,90A051945,DATALOGIC,98
dlcab4263,90A052163,DATALOGIC,0
dlcab433,CAB-433,DATALOGIC,1
dlcab434,CAB-434,DATALOGIC,35
dlcab436,CAB-436,DATALOGIC,0
dlcab437,CAB-437,DATALOGIC,0
dlcab438,CAB-438,DATALOGIC,112
dlcab440,CAB-440,DATALOGIC,7
dlcab448,CAB-448,DATALOGIC,1
dlcab456,CAB-456,DATALOGIC,11
dlcab459,CAB-459,DATALOGIC,2
dlcab461,CAB-461,DATALOGIC,0
dlcab462,CAB-462,DATALOGIC,0
dlcab463,CAB-463,DATALOGIC,0
dlcab465,CAB-465,DATALOGIC,5
dlcab471,CAB-471,DATALOGIC,0
dlcab472,CAB-472,DATALOGIC,0
dlcab477,CAB-477,DATALOGIC,0
dlcab479,CAB-479,DATALOGIC,0
dlcab501,CAB-501,DATALOGIC,0
dlcab509,CAB-509,DATALOGIC,0
dlcab512,CAB-512,DATALOGIC,1
dlcab524,CAB-524,DATALOGIC,78
dlcab548,CAB-548,DATALOGIC,24
dlcab549,CAB-549,DATALOGIC,32
dlcab550,CAB-550,DATALOGIC,27
dlcab551,CAB-551,DATALOGIC,0
dlcab552,CAB-552,DATALOGIC,228
dlcab553,CAB-553,DATALOGIC,170
dlcab557,CAB-557,DATALOGIC,20
dlcab558,CAB-558,DATALOGIC,5
dlcab560,CAB-560,DATALOGIC,13
dlcab561,CAB-561,DATALOGIC,0
dlcab562,CAB-562,DATALOGIC,0
dlcab563,CAB-563,DATALOGIC,25
dlcab564,CAB-564,DATALOGIC,51
dlcabeasi,90A052247,DATALOGIC,0
dlcabethxrjf,93A050141,DATALOGIC,0
dlcabextpwr,90A052356,DATALOGIC,11
dlcabgd03,95A900052,DATALOGIC,24
dlcabgd05-2,95A900053,DATALOGIC,10
dlcabibm,90A052212,DATALOGIC,0
dlcabibm2,90A052276,DATALOGIC,40
dlcabibm3,90A052054,DATALOGIC,83
dlcaboem,90A052311,DATALOGIC,0
dlcabrbe,90A052129,DATALOGIC,17
dlcabricl,90A052121,DATALOGIC,664
dlcabrmg,90A052138,DATALOGIC,51
dlcabs4m,90A052086,DATALOGIC,0
dlcabu24m,90A052285,DATALOGIC,295
dlcabu2m,90A052258,DATALOGIC,887
dlcabu2mw,90A052278,DATALOGIC,19
dlcabuextp,90A052292,DATALOGIC,90
dlcabupwr,90A052302,DATALOGIC,0
dlcabusb,90A052065,DATALOGIC,834
dlccsled02,CC-SLED02,DATALOGIC,0
dlcm9680,CM9680,DATALOGIC,34
dlcm96802,CM9680-N200,DATALOGIC,0
dlcm9681,CM9681-N100,DATALOGIC,0
dlcm9681ip,CM9681-N200,DATALOGIC,15
dlcovlt36l,93ACC0274,DATALOGIC,5
dldbt6400b,CHR-DBT60-BK,DATALOGIC,0
dldbt6400bat,RBP-DBT6X,DATALOGIC,10
dldbt64cr,BC6020-BK,DATALOGIC,0
dldbt64hccr,BC6020-HC,DATALOGIC,3
dleoc1500-3,ZSC2M150031,DATALOGIC,9999
dleoc1500-5,ZSC2M150051,DATALOGIC,9999
dleoc1500-6,ZSC2CODIS3B,DATALOGIC,9999
dleoc1500-7,ZSC2CODIS5B,DATALOGIC,9999
dleoc1500-8,ZSC2CODISGW31,DATALOGIC,9999
dleoc1500chg-12s3,ZSC2CODIS12S31,DATALOGIC,9999
dleoc1500chg-3,ZSC2CODIS2S31,DATALOGIC,9999
dleoc1500chg-5,ZSC2CODIS2S51,DATALOGIC,9999
dleoc96xxsr-3,ZSC2PM9631,DATALOGIC,9999
dleocfme-3,ZSCFMEM3031,DATALOGIC,9999
dleocfsk-3,ZSCFSK531,DATALOGIC,9999
dleocgm245-51,ZSC2GM4551,DATALOGIC,9999
dleocgm45-31,ZSC2GM4531,DATALOGIC,9999
dleocgm45-51,ZSC2GM45C51,DATALOGIC,9999
dleocgm45-c31,ZSC2GM45C31,DATALOGIC,9999
dleocjoyt3,ZSC2JOYT31,DATALOGIC,9999
dleocme10-32,ZSC2MEM1031,DATALOGIC,9999
dleocme10-35,ZSN5MEM1031,DATALOGIC,9999
dleocme10-52,ZSC2MEM1051,DATALOGIC,9999
dleocme10-55,ZSN5MEM1051,DATALOGIC,9999
dleocme11-3,ZSN5MEM1131,DATALOGIC,9999
dleocme11-31,ZSC2MEM1131,DATALOGIC,9999
dleocme11-55,ZSN5MEM1151,DATALOGIC,9999
dleocme12,ZSC2MEM0131,DATALOGIC,9999
dleocme12-2,ZSCFMEM3531,DATALOGIC,9999
dleocme12shld-3,ZS0SMEM12SH31,DATALOGIC,9999
dleocme12shld-5,ZS0SMEM12SH51,DATALOGIC,9999
dleocme12shld-a,ZS0SMEM12SHA1,DATALOGIC,9999
dleocme17shld-3,ZS0SMEM17SH31,DATALOGIC,9999
dleocme17shld-5,ZS0SMEM17SH51,DATALOGIC,9999
dleocme17shld-a,ZS0SMEM17SHA1,DATALOGIC,9999
dleocpd96-1r,ZSC1PD96C1,DATALOGIC,9999
dleocpd96-3,ZSC1PD9631,DATALOGIC,9999
dleocpd96-32,ZSC2PD9631,DATALOGIC,9999
dleocpd96-35,ZSN5PD9631,DATALOGIC,9999
dleocpd96-5,ZSC1PD9651,DATALOGIC,9999
dleocpd96-52,ZSC2PD9651,DATALOGIC,9999
dleocpd96-55,ZSN5PD9651,DATALOGIC,9999
dleocpd96-r2,ZSC2PD96C1,DATALOGIC,9999
dleocpd96-r5,ZSN5PD96C1,DATALOGIC,9999
dleocpm915,ZSC2PM91SR51,DATALOGIC,9999
dleocpm95b3,ZSC2PM95B31,DATALOGIC,9999
dleocrh23,ZSC2RH231,DATALOGIC,9999
dleocsd9030-25,ZSC2SD903051,DATALOGIC,9999
dleocskx523,ZSC2SK531,DATALOGIC,9999
dleocskx525,ZSC2SK551,DATALOGIC,9999
dleocskx5sh1,ZS0SSK5SHA1,DATALOGIC,9999
dleocskx5sh2,ZS0SSK5SH21,DATALOGIC,9999
dleocskx5sh3,ZS0SSK5SH31,DATALOGIC,9999
dleocskx5w23,ZSC2SK5WLC31,DATALOGIC,9999
dleocskx5w25,ZSC2SK5WLC51,DATALOGIC,9999
dleopd96-3c,ZSC2PD96DPX31,DATALOGIC,9999
dlfax3bat,94ACC1386,DATALOGIC,512
dlfax3dccon,95ACC1049,DATALOGIC,0
dlfax3psu,94ACC1381,DATALOGIC,1
dlfax3psu2,94ACC1380,DATALOGIC,0
dlfax3strap,94ACC1240,DATALOGIC,0
dlfax60,946600001,DATALOGIC,0
dlfax60-10,946600006,DATALOGIC,0
dlfax60-11,946600008,DATALOGIC,0
dlfax60-12,946600010,DATALOGIC,0
dlfax60-13,946600013,DATALOGIC,0
dlfax60-14,946600014,DATALOGIC,0
dlfax60-2,946600004,DATALOGIC,0
dlfax60-3,946600011,DATALOGIC,0
dlfax60-4,946600002,DATALOGIC,0
dlfax60-5,946600005,DATALOGIC,0
dlfax60-6,946600003,DATALOGIC,0
dlfax60-7,946600007,DATALOGIC,0
dlfax60-8,946600009,DATALOGIC,0
dlfax60-9,946600012,DATALOGIC,0
dlfax6belt,94ACC0444,DATALOGIC,0
dlfax6boot,94ACC0442,DATALOGIC,0
dlfax6handle,94ACC0446,DATALOGIC,0
dlfax6key31,94ACC0459,DATALOGIC,0
dlfax6key41,94ACC0460,DATALOGIC,0
dlfax6key53,94ACC0458,DATALOGIC,0
dlfax6screen,94ACC0452,DATALOGIC,0
dlfbc9080-1,FBC9080-N100,DATALOGIC,69
dlfps18-2,90ACC0350,DATALOGIC,114
dlfpspg2us,90ACC1886,DATALOGIC,0
dlfx3pcase,94ACC0104,DATALOGIC,118
dlgbt4200,GBT4200-WH-WLC,DATALOGIC,0
dlgbt4200-2,GBT4200-BK-WLC,DATALOGIC,0
dlgbt4200kitb,GBT4200-BK-BTK1,DATALOGIC,96
dlgbt4200kitw,GBT4200-WH-BTK1,DATALOGIC,1
dlgd4220kitb,GD4220-BKK1,DATALOGIC,843
dlgd4220kitw,GD4220-WHK1,DATALOGIC,0
dlgd4290b,GD4290-BK,DATALOGIC,290
dlgd4290w,GD4290-WH,DATALOGIC,22
dlgfcabb,90A052354,DATALOGIC,0
dlgfcabb-2,90A052352,DATALOGIC,0
dlgfcabb-3,90A052361,DATALOGIC,18
dlgfcabw,90A052353,DATALOGIC,0
dlgfe4590,GFE4590-RED,DATALOGIC,0
dlgfs44ma,MA-4500-BK,DATALOGIC,89
dlgfs4520,GFS4520-BK-WHT,DATALOGIC,0
dlgfs4520kit,GFS4520-BKK1-RED,DATALOGIC,244
dlgfs4520r,GFS4520-BK-RED,DATALOGIC,12
dlgfs4550,GFS4550-BKK2-RED,DATALOGIC,0
dlgfs4590,GFS4590-BK-RED,DATALOGIC,4
dlgm4200,GM4200-WH-433-WLC,DATALOGIC,0
dlgm4200-2,GM4200-BK-433-WLC,DATALOGIC,17
dlgm4200kitb,GM4200-BK-433K1,DATALOGIC,198
dlgm4200kitw,GM4200-WH-433K1,DATALOGIC,12
dlgr4190,CC-4190-BK,DATALOGIC,0
dlgr42crwc,WLC4190-HC-433,DATALOGIC,0
dlgr42crwc2,WLC4190-WH-433,DATALOGIC,5
dlgr42crwc3,WLC4190-BK-433,DATALOGIC,71
dlgr42crwc4,WLC4190-HC-BT,DATALOGIC,0
dlgr42crwc5,WLC4190-WH-BT,DATALOGIC,0
dlgr42crwc6,WLC4190-BK-BT,DATALOGIC,6
dlgr42crwc7,WLC4190-BK-BT-SCO,DATALOGIC,1
dlgr4400ucab,90A052066,DATALOGIC,61
dlgr4500,GBT4500-WH-WLC,DATALOGIC,0
dlgr4500cclip,CC-G045-HC,DATALOGIC,0
dlgr4500dgm,GBT4500-BK-DGM-WLC,DATALOGIC,0
dlgr4500hc,GBT4500-HC-WLC,DATALOGIC,0
dlgr4500hck,GBT4500-HC-BTK1,DATALOGIC,34
dlgr4500hck10,GBT4500-HCK10-BPOC,DATALOGIC,6
dlgr4500hdsw,GBT4500-BK-HD-WLC,DATALOGIC,49
dlgr4500hhc,GBT4500-HC-HD-WLC,DATALOGIC,0
dlgr4500sw,GBT4500-BK-WLC,DATALOGIC,11
dlgr4500usw,GBT4500-BK-BTK1,DATALOGIC,94
dlgr4500usw-dra,GBT4500-BK-BTK1DRA,DATALOGIC,0
dlgr4500usw-hdd,GBT4500-BK-BTK1HDD,DATALOGIC,0
dlgr45bat,RBP-GM45,DATALOGIC,71
dlgr4600,GBT4600-BK-HP,DATALOGIC,8
dlgr4600hc,GBT4600-HC-HP,DATALOGIC,0
dlgr4600hcu,GBT4600-HC-BTK1-HP,DATALOGIC,0
dlgr4600u,GBT4600-BK-BTK1-HP,DATALOGIC,0
dlgr4600usc,GBT4600-BK-BTK1-SC,DATALOGIC,0
dlgr4620,GD4620-BK-HD,DATALOGIC,87
dlgr4620hcu,GD4620-HCK1-HD,DATALOGIC,31
dlgr4620pu,GD4620-BKK1B-HD,DATALOGIC,172
dlgr4620u,GD4620-BKK1-HD,DATALOGIC,64
dlgr4620u2,GD4620-BKK1S-HD,DATALOGIC,0
dlgr4690,GD4690-BK-HP,DATALOGIC,250
dlgr4690hcu,GD4690-HCK1-HP,DATALOGIC,14
dlgr4690pu,GD4690-BKK1B-HP,DATALOGIC,18
dlgr4690u,GD4690-BKK1-HP,DATALOGIC,0
dlgr4690u2,GD4690-BKK1S-HP,DATALOGIC,0
dlgr46crwc,WLC4690-BK-BT,DATALOGIC,19
dlgr46crwc2,WLC4690-HC-BT,DATALOGIC,0
dlgr46crwc3,WLC4690-BK-433,DATALOGIC,0
dlgr46crwc4,WLC4690-HC-433,DATALOGIC,0
dlgrbtcrwc,WLC4090-BK-BT,DATALOGIC,53
dlgrbtcrwc2,WLC4090-WH-BT,DATALOGIC,0
dlgrbtcrwc3,WLC4090-HC-BT,DATALOGIC,0
dlgrholster2,PC-G041,DATALOGIC,0
dlgri41bat,RBP-GM40,DATALOGIC,120
dlgri42bat,RBP-GM4200,DATALOGIC,38
dlgri4430hold,11-0362,DATALOGIC,0
dlgri4520-dra,GD4520-BKK1-DRA,DATALOGIC,8
dlgri4520hd,GD4520-BKK1-HD,DATALOGIC,31
dlgri4520hd-dra,GD4520-BKK1-HD-DRA,DATALOGIC,0
dlgri4520hduhc,GD4520-HCK1-HD,DATALOGIC,117
dlgri4520holds,HLD-G041-BK,DATALOGIC,161
dlgri4520holdw,HLD-G041-WH,DATALOGIC,0
dlgri4520s,GD4520-BK-USB,DATALOGIC,15
dlgri4520sb,GD4520-BK-B-USB,DATALOGIC,0
dlgri4520stands,STD-G041-BK,DATALOGIC,559
dlgri4520standw,STD-G041-WH,DATALOGIC,28
dlgri4520uhc,GD4520-HCK1,DATALOGIC,265
dlgri4520us,GD4520-BKK1,DATALOGIC,572
dlgri4520usb,GD4520-BKK1B,DATALOGIC,109
dlgri4520usst,GD4520-BKK1S,DATALOGIC,120
dlgri4590bp,GD4590-HCK10-BPOC,DATALOGIC,0
dlgri4590dgm,GD4590-BK-DGM,DATALOGIC,1
dlgri4590hdbp,GD4590-HCK10-HD-BP,DATALOGIC,0
dlgri4590hdr,GD4590-WH,DATALOGIC,0
dlgri4590hdrs,GD4590-BK-HD,DATALOGIC,0
dlgri4590rs,GD4590-BK,DATALOGIC,603
dlgri4590rsb,GD4590-BK-B,DATALOGIC,0
dlgri4590rsbhd,GD4590-BK-B-HD,DATALOGIC,0
dlgri45ucab,90A052289,DATALOGIC,64
dlgri45usw,GM4500-BK-433K1,DATALOGIC,181
dlgricrwc,WLC4090-BK-433,DATALOGIC,78
dlgricrwc2,WLC4090-WH-433,DATALOGIC,96
dlgricrwc3,WLC4090-HC-433,DATALOGIC,0
dlgrismstsw,STD-AUTO-G040-BK,DATALOGIC,12
dlgrm4500,GM4500-WH-433-WLC,DATALOGIC,128
dlgrm4500hc,GM4500-HC-433-WLC,DATALOGIC,0
dlgrm4500hck,GM4500-HC-433K1,DATALOGIC,0
dlgrm4500hckhd,GM4500-HC-433K1-HD,DATALOGIC,46
dlgrm4500hsw,GM4500-BK-HD-433,DATALOGIC,30
dlgrm4500sw,GM4500-BK-433-WLC,DATALOGIC,18
dlgrm4600,GM4600-BK-433-HP,DATALOGIC,0
dlgrm4600hc,GM4600-HC-433-HP,DATALOGIC,0
dlgrm4600hcu,GM4600-HC-433K1-HP,DATALOGIC,3
dlgrm4600u,GM4600-BK-433K1-HP,DATALOGIC,0
dlhd3430,HD3430-BK,DATALOGIC,19
dlhd3430flex,HD3430-BKK1S,DATALOGIC,0
dlhd3430u,HD3430-BKK1B,DATALOGIC,19
dlhd3430uw,HD3430-WHK1B,DATALOGIC,0
dlhd3430w,HD3430-WH,DATALOGIC,0
dlhd3430w1s,HD3430-WHK1S,DATALOGIC,50
dlhehd3100,HD3130-BK,DATALOGIC,165
dlhehd3100stand,STD-AUTO-H030-BK,DATALOGIC,0
dlhehd3100standw,STD-AUTO-H030-WH,DATALOGIC,0
dlhehd3100us,HD3130-BKK1B,DATALOGIC,109
dlhs12chg,MC-12HS7600,DATALOGIC,1
dlhs2chg,MC-HS7600,DATALOGIC,38
dlhs7600mr,HS7600MR,DATALOGIC,56
dlhs7600rt,HS7600RT,DATALOGIC,1
dlhs7600sr,HS7600SR,DATALOGIC,1
dlhschg10,MC-10HS7500,DATALOGIC,5
dlhschg2,MC-HS7500,DATALOGIC,2
dlhschgps,PS-MCHS7500,DATALOGIC,2
dlhsgate,GWU-HS7600,DATALOGIC,5
dlhslanyard,LH-HS7600,DATALOGIC,0
dlhslfab,SG5-HS7600KL,DATALOGIC,0
dlhslhtri,HT1-HS7600KL,DATALOGIC,35
dlhslhtri5,HT5-HS7600KL,DATALOGIC,11
dlhsrfab,SG5-HS7600KR,DATALOGIC,8
dlhsrhtri,HT1-HS7600KR,DATALOGIC,62
dlhsrhtri5,HT5-HS7600KR,DATALOGIC,38
dlhsstraps,SS5-HS7600K,DATALOGIC,0
dlhstrg10sl,TR10-HS7500KSL,DATALOGIC,2
dlhstrisys,ST1-HS7600K,DATALOGIC,3
dlhstrisys5,ST5-HS7600K,DATALOGIC,0
dlhsuchg,SC-HS7600,DATALOGIC,24
dlhswsled02,HSW-SLED02,DATALOGIC,0
dljoyabelt,91ACC0080,DATALOGIC,89
dljoyaboot,91ACC0079,DATALOGIC,0
dljoyaboot2,91ACC0085,DATALOGIC,0
dljoyaconkit,91ACC0052,DATALOGIC,4
dljoyacrd3,91ACC0049,DATALOGIC,3
dljoyas,911450001,DATALOGIC,20
dljoyas3crd,94A150138,DATALOGIC,4
dljoyasbat,94ACC0433,DATALOGIC,8
dljoyasbelt,94ACC0432,DATALOGIC,0
dljoyasboot,94ACC0431,DATALOGIC,13
dljoyasbrack,94ACC0428,DATALOGIC,5
dljoyasbrack-2,94ACC0429,DATALOGIC,0
dljoyassprot,94ACC0434,DATALOGIC,5
dljoyastrhold,94ACC0427,DATALOGIC,0
dljoyat-21,911400002,DATALOGIC,0
dljoyat-23,911400001,DATALOGIC,0
dljoyat-28,911400008,DATALOGIC,0
dljoyat-30,ZS0SJOYT22SHA1,DATALOGIC,9999
dljoyat-35,911400030,DATALOGIC,0
dljoyat-36,911400029,DATALOGIC,0
dljoyat-37,911400028,DATALOGIC,0
dljoyat-38,911400027,DATALOGIC,0
dljoyat-39,911400026,DATALOGIC,0
dljoyat3crd,91ACC0043,DATALOGIC,0
dljoyat3crd2,91ACC0069,DATALOGIC,0
dljoyatbrack,91ACC0050,DATALOGIC,360
dljoyatcrd,91ACC0045,DATALOGIC,0
dljoyatcrd2,91ACC0072,DATALOGIC,0
dljoyatps,91ACC0048,DATALOGIC,532
dljoyatrhold,91ACC0047,DATALOGIC,0
dljoyatsprot,91ACC0046,DATALOGIC,10
dljoybat,94ACC0333,DATALOGIC,0
dllynxveh,94ACC0075,DATALOGIC,0
dlmcgm45,MC-GM45,DATALOGIC,3
dlmcp090,MC-P090,DATALOGIC,11
dlme10-10,94ACC0263,DATALOGIC,83
dlme10-11,944350038,DATALOGIC,0
dlme10bat2,94ACC0191,DATALOGIC,150
dlme10cla,94A050048,DATALOGIC,275
dlme10crg,94ACC0192,DATALOGIC,41
dlme10eth,94ACC0297,DATALOGIC,0
dlme10eth3,94ACC0288,DATALOGIC,0
dlme10hckit,944350025,DATALOGIC,43
dlme10holder,94ACC0194,DATALOGIC,0
dlme10holst,94ACC0195,DATALOGIC,18
dlme10hs,94ACC0200,DATALOGIC,0
dlme10pgrip,94ACC0201,DATALOGIC,240
dlme10prot,94ACC0259,DATALOGIC,98
dlme10psdc,94ACC0197,DATALOGIC,193
dlme10psu,94ACC0196,DATALOGIC,34
dlme10rboot,94ACC0193,DATALOGIC,733
dlme10rboothc,94ACC0204,DATALOGIC,0
dlme10sled,AH-SLED01,DATALOGIC,0
dlme10sslot,94A150095,DATALOGIC,278
dlme10sslothc,94A150098,DATALOGIC,0
dlme10strap10,94ACC0203,DATALOGIC,0
dlme10tslot,94A150096,DATALOGIC,40
dlme10uccab,94A050044,DATALOGIC,1203
dlme10vdock,94A150097,DATALOGIC,166
dlme11,944900001,DATALOGIC,255
dlme11-2,944900003,DATALOGIC,186
dlme11-5,944900008,DATALOGIC,11
dlme11-8,944900017,DATALOGIC,24
dlme11bat,94ACC0370,DATALOGIC,1131
dlme11bat2,94ACC0387,DATALOGIC,0
dlme11bat3,94ACC0374,DATALOGIC,539
dlme11bat4,94ACC0388,DATALOGIC,29
dlme11bat5,94ACC0373,DATALOGIC,150
dlme11bat6,94ACC0380,DATALOGIC,551
dlme12,944950001,DATALOGIC,713
dlme1217c,AH-SLED03,DATALOGIC,0
dlme12adpt,94ACC0395,DATALOGIC,11
dlme12adpt-2,94ACC0398,DATALOGIC,52
dlme12arm,94ACC0393,DATALOGIC,18
dlme12bat,94ACC0410,DATALOGIC,210
dlme12batch,94ACC0392,DATALOGIC,9
dlme12boot,94ACC0404,DATALOGIC,1202
dlme12chdock,94A150123,DATALOGIC,19
dlme12chr,94A150126,DATALOGIC,133
dlme12chr-2,94A150127,DATALOGIC,42
dlme12dock,94A150133,DATALOGIC,0
dlme12prot,94ACC0391,DATALOGIC,168
dlme12scan,94ACC0406,DATALOGIC,339
dlme12strap,94ACC0408,DATALOGIC,224
dlme17,944950003,DATALOGIC,611
dlme17-2,944950006,DATALOGIC,32
dlme17adp,94ACC0394,DATALOGIC,106
dlme17adp-2,94ACC0397,DATALOGIC,0
dlme17bat,94ACC0414,DATALOGIC,0
dlme17boot,94ACC0405,DATALOGIC,2
dlme17chdock,94A150129,DATALOGIC,253
dlme17chdock-2,94A150131,DATALOGIC,6
dlme17hstrap,94ACC0409,DATALOGIC,28
dlme1chgcrd,94ACC0208,DATALOGIC,44
dlme1crd,94ACC0207,DATALOGIC,0
dlme1prub,94ACC0210,DATALOGIC,26
dlme1rub,94ACC0209,DATALOGIC,0
dlme20bat,94ACC0245,DATALOGIC,61
dlme20chrg4,94ACC0246,DATALOGIC,15
dlme20docks-b,94A150099,DATALOGIC,76
dlme20docks-w,94A150101,DATALOGIC,4
dlme20docksf-b,94A150100,DATALOGIC,20
dlme20docksf-w,94A150102,DATALOGIC,25
dlme20mount1,94ACC0304,DATALOGIC,19
dlme20mount3,94ACC0303,DATALOGIC,20
dlme20ps,94ACC0250,DATALOGIC,19
dlme20psq,94ACC0249,DATALOGIC,0
dlme20vdock,94A150105,DATALOGIC,4
dlme30,944850001,DATALOGIC,113
dlme304mbchg,94ACC0372,DATALOGIC,50
dlme30adap,94ACC0400,DATALOGIC,100
dlme30adap-2,94ACC0402,DATALOGIC,30
dlme30bat,94ACC0386,DATALOGIC,139
dlme30bh,94ACC0377,DATALOGIC,119
dlme30chdock,94A150112,DATALOGIC,38
dlme30chdock-2,94A150128,DATALOGIC,305
dlme30chdock-3,94A150130,DATALOGIC,54
dlme30chdock-4,94A150132,DATALOGIC,0
dlme30cladap,94ACC0382,DATALOGIC,4
dlme30fhold,94ACC0378,DATALOGIC,0
dlme30full,944850011,DATALOGIC,0
dlme30hs5,94ACC0375,DATALOGIC,85
dlme30pwakit,94ACC0383,DATALOGIC,388
dlme30wchgdock,94A150115,DATALOGIC,31
dlme30x,944850004,DATALOGIC,204
dlme30xfull,944850014,DATALOGIC,0
dlme35,944850002,DATALOGIC,30
dlme35full,944850012,DATALOGIC,0
dlme35x,944850005,DATALOGIC,0
dlme35xfull,944850015,DATALOGIC,0
dlme3ssdspbat,94A150114,DATALOGIC,1
dlme4sddock,94A150118,DATALOGIC,0
dlmedeskdock,94A150116,DATALOGIC,29
dlmek20,946200001,DATALOGIC,279
dlmek20batcov,94ACC0422,DATALOGIC,20
dlmek20boot,94ACC0418,DATALOGIC,366
dlmek20chg,94ACC0419,DATALOGIC,80
dlmek20dock,94A150137,DATALOGIC,239
dlmek20hstrap,94ACC0417,DATALOGIC,45
dlmek20prscreen,94ACC0421,DATALOGIC,330
dlmek25,946250001,DATALOGIC,47
dlmek25bat,94ACC0420,DATALOGIC,121
dlmekbat,94ACC0311,DATALOGIC,246
dlmekbatcov,94ACC0320,DATALOGIC,0
dlmekbelth,94ACC0312,DATALOGIC,57
dlmekeoc23,ZSC2MEMK31,DATALOGIC,9999
dlmekpsusb,94ACC0316,DATALOGIC,0
dlmekrub,94ACC0313,DATALOGIC,12
dlmeksdock,94A150111,DATALOGIC,40
dlmem11,ZSC2MEM1151,DATALOGIC,9999
dlmem30-33,ZSC3MEM3031,DATALOGIC,9999
dlmem30-35,ZSC3MEM3051,DATALOGIC,9999
dlmem30-53,ZSN5MEM3031,DATALOGIC,9999
dlmem30-55,ZSN5MEM3051,DATALOGIC,9999
dlmem30-r1,ZSN5MEM30R1,DATALOGIC,9999
dlmem30b-3,ZSC2MEM303B,DATALOGIC,9999
dlmem30b-5,ZSC2MEM305B,DATALOGIC,9999
dlmem30sh31,ZS0SMEM30SH31,DATALOGIC,9999
dlmem30sh51,ZS0SMEM30SH51,DATALOGIC,9999
dlmem30sha1,ZS0SMEM30SHA1,DATALOGIC,9999
dlmesmadock,94A150113,DATALOGIC,4
dlmewichgdock,94A150135,DATALOGIC,0
dlmewirech-2,94A150119,DATALOGIC,5
dlmex3cr,94A150058,DATALOGIC,17
dlmg0903,MG0903-10000-0200,DATALOGIC,0
dlmg0903-2,MG0903-10001-0200,DATALOGIC,0
dlmg355mount,90ACC0355,DATALOGIC,200
dlmg900i,MG0902-11000,DATALOGIC,1
dlmg900i-10,MG0901-10000,DATALOGIC,4
dlmg900i-11,MG0902-11000-0200,DATALOGIC,5
dlmg900i-2,MG0902-11010-0204,DATALOGIC,0
dlmg900i-3,MG0902-11010-0200,DATALOGIC,0
dlmg900i-4,MG0902-11000-0204,DATALOGIC,29
dlmg900i-6,MG0901-10001-2100,DATALOGIC,0
dlmg900i-7,MG0901-10000-0200,DATALOGIC,0
dlmg900i-8,MG0901-10001-1100,DATALOGIC,0
dlmg900i-9,MG0901-10001-0200,DATALOGIC,13
dlmg9400,90ACC0169,DATALOGIC,0
dlmg9550i-12,957011001,DATALOGIC,0
dlmg9550i-14,957011001-00053,DATALOGIC,0
dlmg9550i-15,957011001-00351,DATALOGIC,0
dlmg9550i-19,957013101,DATALOGIC,0
dlmg9550i-20,957022201-00050,DATALOGIC,15
dlmg9550i-23,957022201-00361,DATALOGIC,43
dlmg9550i-29,957022201-00312,DATALOGIC,0
dlmg9600,96101001000-000100,DATALOGIC,0
dlmg9600-2,96101001000-004210,DATALOGIC,0
dlmg9600-3,96116001000-004530,DATALOGIC,0
dlmg9800-4,9810210221-04321,DATALOGIC,0
dlmg9800read12,90ACC0079,DATALOGIC,0
dlmg9800read7-2,90ACC0403,DATALOGIC,3
dlmg9900,99111001000-000100,DATALOGIC,0
dlmgltilris,90ACC0323,DATALOGIC,0
dlmgps2,90ACC0196,DATALOGIC,39
dlpbt9100,PBT9100-RB,DATALOGIC,0
dlpbt9100r,PBT9100-RBK20EU,DATALOGIC,0
dlpbt9100u,PBT9100-RBK10EU,DATALOGIC,61
dlpbt9501dpm,PBT9501-DPMRB,DATALOGIC,0
dlpbt9501dpmr,PBT9501-DPMRBK20EU,DATALOGIC,0
dlpbt9501dpmu,PBT9501-DPMRBK10EU,DATALOGIC,27
dlpbt9501r2,PBT9501-WH-RTK20,DATALOGIC,0
dlpbt95veh,VMK-P090,DATALOGIC,0
dlpbt9600,PBT9600-SRRB,DATALOGIC,71
dlpbt9600-2,PBT9600-SRRFEU,DATALOGIC,0
dlpbt9600-3,PBT9600-SRRFK10EU,DATALOGIC,0
dlpbt9600-4,PBT9600-DKDCRFEU,DATALOGIC,0
dlpbt9600-5,PBT9600-DKDCRK10EU,DATALOGIC,3
dlpbt9600-6,PBT9600-DKHPRK10EU,DATALOGIC,2
dlpbt9600ar,PBT9600-ARRB,DATALOGIC,7
dlpbt9600aru,PBT9600-ARRBK10EU,DATALOGIC,0
dlpbt9600aruus,PBT9600-ARRBK10US,DATALOGIC,0
dlpbt9600dc,PBT9600-DCRB,DATALOGIC,0
dlpbt9600dcu,PBT9600-DCRBK10EU,DATALOGIC,0
dlpbt9600dpx,PBT9600-DPXRB,DATALOGIC,0
dlpbt9600dpx-2,PBT9600-DPXRBK10EU,DATALOGIC,0
dlpbt9600dpx-3,PBT9600-DPXRBK20EU,DATALOGIC,5
dlpbt9600dpx-4,PBT9600-DPXRBK30EU,DATALOGIC,0
dlpbt9600hp,PBT9600-HPRB,DATALOGIC,0
dlpbt9600hpr,PBT9600-HPRBK20EU,DATALOGIC,0
dlpbt9600hpu,PBT9600-HPRBK10EU,DATALOGIC,12
dlpbt9600r,PBT9600-SRRBK20EU,DATALOGIC,0
dlpbt9600u,PBT9600-SRRBK10EU,DATALOGIC,64
dlpbt9630bs,BC9630-BT,DATALOGIC,0
dlpbt9631bs,BC9631-BT,DATALOGIC,9
dlpbtcr9500,CHR-P090,DATALOGIC,0
dlpc9000,PC-P090,DATALOGIC,0
dlpca,90ACC0307,DATALOGIC,0
dlpceu,90ACC1885,DATALOGIC,1561
dlpceu2,95A051041,DATALOGIC,1567
dlpcuk,90ACC1887,DATALOGIC,0
dlpd9130,PD9130,DATALOGIC,27
dlpd9130r,PD9130-K2,DATALOGIC,8
dlpd9130u,PD9130-K1,DATALOGIC,27
dlpd9531dpm2,PD9531-DPM,DATALOGIC,5
dlpd9600dpx,PD9630-DPXK2,DATALOGIC,0
dlpd9600dpx-2,PD9630-DPXK1,DATALOGIC,12
dlpd9600dpx-3,PD9630-DPX,DATALOGIC,5
dlpd9630,PD9630-DC,DATALOGIC,7
dlpd9630-2,PD9630-DCK1,DATALOGIC,0
dlpd9630-3,PD9630-HP,DATALOGIC,33
dlpd9630-4,PD9630-HPK1,DATALOGIC,70
dlpd9630-5,PD9630-HPK2,DATALOGIC,215
dlpd9630-6,PD9630-SR,DATALOGIC,15
dlpd9630-7,PD9630-SRK1,DATALOGIC,146
dlpd9630-8,PD9630-SRK2,DATALOGIC,42
dlpd9630-9,PD9630-AR,DATALOGIC,1
dlpd9630arr,PD9630-ARK2,DATALOGIC,0
dlpd9630aru,PD9630-ARK1,DATALOGIC,18
dlpm9100,PM9100-433RB,DATALOGIC,9
dlpm9100d16,PM9100-DK433RB,DATALOGIC,0
dlpm9100d4,PM9100-D433RB,DATALOGIC,3
dlpm9100d4r,PM9100-D433RBK20,DATALOGIC,0
dlpm9100d4u,PM9100-D433RBK10,DATALOGIC,1
dlpm9100r,PM9100-433RBK20,DATALOGIC,1
dlpm9100u,PM9100-433RBK10,DATALOGIC,31
dlpm91bat,RBP-PM91,DATALOGIC,24
dlpm91lk,RBP-PM91-LK,DATALOGIC,0
dlpm9501batf,FBP-PM91,DATALOGIC,0
dlpm9501batr,RBP-PM91-BK,DATALOGIC,1192
dlpm9501dpm,PM9501-DPM433RB,DATALOGIC,20
dlpm9501dpm4,PM9501-DDPM433RB,DATALOGIC,0
dlpm9501dpme,PM9501-DPM433RBK30,DATALOGIC,0
dlpm9501dpmr,PM9501-DPM433RBK20,DATALOGIC,0
dlpm9501dpmu,PM9501-DPM433RBK10,DATALOGIC,44
dlpm9600,PM9600-SR433RB,DATALOGIC,32
dlpm9600-10,PM9600-HP910RB,DATALOGIC,0
dlpm9600-11,PM9600-HP910RBK10,DATALOGIC,0
dlpm9600-12,PM9600-HP910RBK20,DATALOGIC,0
dlpm9600-13,PM9600-DHP433RB,DATALOGIC,83
dlpm9600-14,PM9600-DHP433RBK10,DATALOGIC,209
dlpm9600-15,PM9600-DHP433RBK20,DATALOGIC,16
dlpm9600-16,PM9600-DHP910RB,DATALOGIC,0
dlpm9600-17,PM9600-DHP910RBK10,DATALOGIC,0
dlpm9600-18,PM9600-DHP910RBK20,DATALOGIC,0
dlpm9600-19,PM9600-DKHP433RB,DATALOGIC,22
dlpm9600-2,PM9600-SR433RBK10,DATALOGIC,60
dlpm9600-20,PM9600-DKHP433RK10,DATALOGIC,90
dlpm9600-21,PM9600-DKHP433RK20,DATALOGIC,0
dlpm9600-22,PM9600-DKHP910RB,DATALOGIC,0
dlpm9600-23,PM9600-DKHP910RK10,DATALOGIC,0
dlpm9600-24,PM9600-DKHP910RK20,DATALOGIC,0
dlpm9600-27,PM9600-SR433RBK12,DATALOGIC,3
dlpm9600-3,PM9600-SR433RBK20,DATALOGIC,1
dlpm9600-4,PM9600-SR910RB,DATALOGIC,0
dlpm9600-5,PM9600-SR910RBK10,DATALOGIC,0
dlpm9600-6,PM9600-SR910RBK20,DATALOGIC,0
dlpm9600-7,PM9600-HP433RB,DATALOGIC,96
dlpm9600-8,PM9600-HP433RBK10,DATALOGIC,98
dlpm9600-9,PM9600-HP433RBK20,DATALOGIC,29
dlpm9600ar,PM9600-AR433RB,DATALOGIC,23
dlpm9600ar16,PM9600-DKAR433RB,DATALOGIC,0
dlpm9600ar16u,PM9600-DKAR433RK10,DATALOGIC,10
dlpm9600aru,PM9600-AR433RBK10,DATALOGIC,49
dlpm9600bat,RBP-PM96,DATALOGIC,314
dlpm9600batchg,MC-P096-M2,DATALOGIC,13
dlpm9600batchg2,MC-P096-E2,DATALOGIC,12
dlpm9600batchg3,MC-P096-M4,DATALOGIC,43
dlpm9600cm,CM9630,DATALOGIC,0
dlpm9600cm2,CM9631,DATALOGIC,0
dlpm9600dpx,PM9600-DDPX433RK30,DATALOGIC,0
dlpm9600dpx-2,PM9600-DDPX433RK20,DATALOGIC,0
dlpm9600dpx-3,PM9600-DDPX433RK10,DATALOGIC,18
dlpm9600dpx-4,PM9600-DDPX433RB,DATALOGIC,6
dlpm9600dwhold,HLD-P096,DATALOGIC,169
dlpm9600holst,PC-P096,DATALOGIC,0
dlpm9600stand,STD-P096,DATALOGIC,29
dlpm9600vehm,VMK-P096,DATALOGIC,0
dlpowcabuk,95ACC1213,DATALOGIC,15
dlps1-2,90ACC0194,DATALOGIC,255
dlps8300ho,HLD-P080,DATALOGIC,45
dlpsaa18u,90ACC0193,DATALOGIC,12
dlpscr9030,BC9030-433,DATALOGIC,67
dlpscr9030-910,BC9030-910,DATALOGIC,0
dlpsu12v18ra,90ACC0358,DATALOGIC,23
dlpsu5v2,90ACC0287,DATALOGIC,441
dlpsuk,6003-0923,DATALOGIC,15
dlpwrsup,90ACC0430,DATALOGIC,0
dlqbt2101u,QBT2101-WH-BTK+,DATALOGIC,0
dlqbt2101us,QBT2101-BK-BTK+,DATALOGIC,98
dlqbt2131s,QBT2131-BK,DATALOGIC,0
dlqbt2131ss,QBT2131-BK-BTK2,DATALOGIC,0
dlqbt2131us,QBT2131-BK-BTK1,DATALOGIC,870
dlqbt2131w,QBT2131-WH,DATALOGIC,0
dlqbt2500bk,QBT2500-BK,DATALOGIC,64
dlqbt2500bk+,QBT2500-BK-BTK1,DATALOGIC,1644
dlqbt2500bk-2,QBT2500-BK-BTK+,DATALOGIC,10
dlqbt25bat,RBP-QBT25-BK,DATALOGIC,60
dlqd2220,QD2220-BK,DATALOGIC,0
dlqd2220u,QD2220-BKK1,DATALOGIC,272
dlqd2220us,QD2220-BKK1S,DATALOGIC,1984
dlqd2430ass,STD-AUTO-QD24-BK,DATALOGIC,0
dlqd2430asw,STD-AUTO-QD24-WH,DATALOGIC,0
dlqd2430holds,STD-QD24-BK,DATALOGIC,4
dlqd2430holdw,STD-QD24-WH,DATALOGIC,0
dlqd24std,STD-AUTFLX-QD24-BK,DATALOGIC,0
dlqd2590,QD2590-BK,DATALOGIC,406
dlqd2590u,QD2590-BKK1,DATALOGIC,1448
dlqd2590us,QD2590-BKK1S,DATALOGIC,2623
dlqd2590us2,QD2590-BKK1B,DATALOGIC,183
dlqd2590w,QD2590-WH,DATALOGIC,0
dlqd2590wu,QD2590-WHK1,DATALOGIC,79
dlqdholds,HLD-Q040-BK,DATALOGIC,182
dlqdstandc,STD-QW25-BK,DATALOGIC,18
dlqdstands,STD-AUTFLX-QD25-BK,DATALOGIC,207
dlqdstands2,STD-AUTO-QD25-BK,DATALOGIC,20
dlqdstandw,STD-AUTFLX-QD25-WH,DATALOGIC,13
dlqm2131s,QM2131-BK-433,DATALOGIC,16
dlqm2131ss,QM2131-BK-433K2,DATALOGIC,40
dlqm2131us,QM2131-BK-433K1,DATALOGIC,114
dlqm2131w,QM2131-WH-433,DATALOGIC,0
dlqm2500k,QM2500-BK-433,DATALOGIC,48
dlqm2500uk,QM2500-BK-433K1,DATALOGIC,281
dlqsholdsw,11-0360,DATALOGIC,410
dlqslitesta,STD-QW20-BK,DATALOGIC,550
dlqsm24bats,RBP-QMBT2X-BK,DATALOGIC,195
dlqsm24batw,RBP-QMBT2X-WH,DATALOGIC,0
dlqsm24crd,BC2030-WH-433,DATALOGIC,0
dlqsm24crds,BC2030-BK-433,DATALOGIC,4
dlqsmbt24crd,BC2030-WH-BT,DATALOGIC,0
dlqsmbt24crds,BC2030-BK-BT,DATALOGIC,16
dlqssta,STD-QWG20-BK,DATALOGIC,0
dlqw2520,QW2520-BK,DATALOGIC,0
dlqw2520su,QW2520-BKK1S,DATALOGIC,455
dlqw2520su2,QW2520-BKK11S,DATALOGIC,49
dlqw2520u,QW2520-BKK1,DATALOGIC,414
dlqw2520u2,QW2520-BKK11,DATALOGIC,11
dlr10key1,94ACC1374,DATALOGIC,0
dlramm,95ACC3420,DATALOGIC,0
dlrbase,94ACC0035,DATALOGIC,0
dlrbpbattp,RBP-SLED01,DATALOGIC,0
dlrbpsled02,RBP-SLED02,DATALOGIC,0
dlrbpsled03,RBP-SLED03,DATALOGIC,0
dlrexkey,95ACC1331,DATALOGIC,0
dlrhino-12,94R110100,DATALOGIC,0
dlrhino-13,94R510100,DATALOGIC,0
dlrhino-14,94R515437,DATALOGIC,0
dlrhino-6,94R111225,DATALOGIC,0
dlrhino-7,94R511225,DATALOGIC,0
dlrhinocab,94ACC0160,DATALOGIC,0
dlrhinodccab,94ACC0165,DATALOGIC,0
dlrhinokeybr,94ACC0155,DATALOGIC,0
dlrhinomountbr,94ACC0172,DATALOGIC,29
dlrhinops,94ACC0161,DATALOGIC,0
dlrhinoshold,94ACC0156,DATALOGIC,30
dlrhinoupgr,94ACC0293,DATALOGIC,3
dlrhinovbrckt,94ACC0154,DATALOGIC,0
dlrhinovmount,94ACC0175,DATALOGIC,39
dlrkey,95ACC1330,DATALOGIC,0
dlrmount,94ACC0034,DATALOGIC,0
dlrwb9000,RWD-P090-PL,DATALOGIC,44
dlrwb9300,RWD-P093-PL,DATALOGIC,0
dlsdme11-1,ZS0SMEM11SHA1,DATALOGIC,9999
dlsh15-3,94S151233,DATALOGIC,1
dlsh15-4,94S151235,DATALOGIC,0
dlsh15-5,94S151243,DATALOGIC,0
dlsh15-7,94S111233,DATALOGIC,0
dlsh15-8,94S111235,DATALOGIC,0
dlsh15backup,94ACC0164,DATALOGIC,4
dlsh15brackkey,94ACC0183,DATALOGIC,1
dlsh15exca,94ACC0264,DATALOGIC,0
dlsh21,94S351233,DATALOGIC,0
dlsh21-2,94S351235,DATALOGIC,0
dlsh21-3,94S351243,DATALOGIC,0
dlsh21brackkey,94ACC0184,DATALOGIC,0
dlshbracketfix,94ACC0182,DATALOGIC,0
dlshbracketveh,94ACC0181,DATALOGIC,0
dlshconv,94ACC0041,DATALOGIC,8
dlshkey24,94ACC0158,DATALOGIC,0
dlskorpiox4-25,942600023,DATALOGIC,0
dlskorpiox4scase,94ACC0153,DATALOGIC,4
dlskorpiox5-11,943500013,DATALOGIC,17
dlskorpiox5-12,943500014,DATALOGIC,0
dlskorpiox5-13,943500018,DATALOGIC,0
dlskorpiox5-15-64gb,943500031,DATALOGIC,15
dlskorpiox5-16,943500035,DATALOGIC,98
dlskorpiox5-17,943500036,DATALOGIC,93
dlskorpiox5-18,943500037,DATALOGIC,0
dlskorpiox5-19-64gb,943500041,DATALOGIC,18
dlskorpiox5-2,943500002,DATALOGIC,0
dlskorpiox5-20,943500042,DATALOGIC,0
dlskorpiox5-21,943500043,DATALOGIC,0
dlskorpiox5-24,943500056,DATALOGIC,0
dlskorpiox5-26,943500058,DATALOGIC,1
dlskorpiox5-28,943500048,DATALOGIC,5
dlskorpiox5-29,943500047,DATALOGIC,71
dlskorpiox5-3,943500003,DATALOGIC,0
dlskorpiox5-30,943500046,DATALOGIC,18
dlskorpiox5-31,943500045,DATALOGIC,55
dlskorpiox5-32,943500050,DATALOGIC,0
dlskorpiox5-33,943500049,DATALOGIC,0
dlskorpiox5-35-64gb,943500062,DATALOGIC,0
dlskorpiox5-4,943500023,DATALOGIC,0
dlskorpiox5-5-64gb,943500024,DATALOGIC,34
dlskorpiox5-6,943500025,DATALOGIC,0
dlskorpiox5-64gb,943500001,DATALOGIC,0
dlskorpiox53dock,94A150110,DATALOGIC,9
dlskorpiox53wdock,94A150108,DATALOGIC,0
dlskorpiox53wdockl,94A150109,DATALOGIC,0
dlskorpiox54chg,94ACC0274,DATALOGIC,203
dlskorpiox5bat,91ACC0092,DATALOGIC,43
dlskorpiox5bh,94ACC0330,DATALOGIC,0
dlskorpiox5boot,94ACC0323,DATALOGIC,78
dlskorpiox5dock,94A150107,DATALOGIC,139
dlskorpiox5ebat,91ACC0093,DATALOGIC,855
dlskorpiox5ghhk,94ACC0332,DATALOGIC,1
dlskorpiox5handle,94ACC0325,DATALOGIC,23
dlskorpiox5hstrap,94ACC0326,DATALOGIC,0
dlskorpiox5lan,94ACC0081,DATALOGIC,0
dlskorpiox5scrprot,94ACC0324,DATALOGIC,51
dlskorpiox5wdock,94A150106,DATALOGIC,19
dlskx3bathc,94ACC0046,DATALOGIC,1475
dlskx3beho,94ACC0050,DATALOGIC,41
dlskx3cr2,94A150062,DATALOGIC,34
dlskx40,946400001,DATALOGIC,0
dlskx40-10,946400009,DATALOGIC,0
dlskx40-11,946400006,DATALOGIC,0
dlskx40-2,946400002,DATALOGIC,0
dlskx40-3,946400004,DATALOGIC,0
dlskx40-4,946400003,DATALOGIC,0
dlskx40-5,946400008,DATALOGIC,0
dlskx40-6,946400005,DATALOGIC,0
dlskx40-7,946400010,DATALOGIC,0
dlskx40-8,946400011,DATALOGIC,0
dlskx40-9,946400007,DATALOGIC,0
dlskx4adap,94ACC0453,DATALOGIC,0
dlskx4bat,94ACC0440,DATALOGIC,0
dlskx4belt,94ACC0443,DATALOGIC,0
dlskx4boot,94ACC0441,DATALOGIC,0
dlskx4dock,94A150151,DATALOGIC,0
dlskx4dock4,94A150143,DATALOGIC,0
dlskx4dock4-2,94A150144,DATALOGIC,0
dlskx4gunkit,94ACC0447,DATALOGIC,0
dlskx4handle,94ACC0445,DATALOGIC,0
dlskx4key29,94ACC0456,DATALOGIC,0
dlskx4key48,94ACC0455,DATALOGIC,0
dlskx4screen,94ACC0451,DATALOGIC,0
dlskx4strap,94ACC0450,DATALOGIC,0
dlskx5boot,94ACC0331,DATALOGIC,224
dlskx5cabu,94ACC0327,DATALOGIC,780
dlspbrack,94ACC0464,DATALOGIC,60
dlspbrack-2,94ACC0465,DATALOGIC,0
dlstard433,SD9030-433-A,DATALOGIC,10
dlstdp090,STD-P090,DATALOGIC,64
dlstylusfx3pen5,94ACC0145,DATALOGIC,1
dlsvcjoya-3,ZS0SJOYT22SH31,DATALOGIC,9999
dltask7,943400001,DATALOGIC,3
dltask7-2,943400002,DATALOGIC,4
dltaskgrip,94ACC0211,DATALOGIC,3
dltaskholder,94ACC0234,DATALOGIC,9
dltaskholst,94ACC0230,DATALOGIC,9
dltaskholst2,94ACC0231,DATALOGIC,1
dltd65hold,HLD-T010-65-BK,DATALOGIC,0
dltd65lk,TD1170-BK-65,DATALOGIC,17
dltd65lu,TD1120-BK-65,DATALOGIC,38
dltd65pro,TD1130-BK-65,DATALOGIC,5
dltd65ukit,TD1120-BK-65K1,DATALOGIC,242
dltd90hold,HLD-T010-90-BK,DATALOGIC,0
dltd90lk,TD1170-BK-90,DATALOGIC,1
dltd90lu,TD1120-BK-90,DATALOGIC,0
dltd90pro,TD1130-BK-90,DATALOGIC,21
dltd90ukit,TD1120-BK-90K1,DATALOGIC,355
dlucab2m,90A052337,DATALOGIC,0
dlvr12,95ACC0002,DATALOGIC,0
dlx3lanyard,94ACC0081,DATALOGIC,0
dlzsc2pm9531,ZSC2PM9531,DATALOGIC,9999
dm51248000,DPR51-2480-00,HONEYWELL,13
dm78248202,OPT78-2482-02,HONEYWELL,0
dm78290901,OPT78-2909-01,HONEYWELL,0
dma46ph12,PHD20-2246-01,HONEYWELL,17
dmaph12,PHD20-2182-01,HONEYWELL,2
dmaph8,PHD20-2240-01,HONEYWELL,12
dmawlan,OPT78-2873-02,HONEYWELL,0
dmcompact3,XF1-00-03000000,HONEYWELL,28
dmcompactph8,PHD20-2270-01,HONEYWELL,40
dme42ph8,PHD20-2192-01,HONEYWELL,0
dmeph12,PHD20-2268-01,HONEYWELL,0
dmeph8,PHD20-2267-01,HONEYWELL,14
dmh4ph24,PHD20-2243-01,HONEYWELL,0
dmh6210ph,PHD20-2245-01,HONEYWELL,0
dmhcut3,OPT78-2618-21,HONEYWELL,0
dmhpeel2,OPT78-2655-11,HONEYWELL,0
dmhpeel3,OPT78-2655-21,HONEYWELL,0
dmhph12-2,PHD20-2241-01,HONEYWELL,3
dmhrewind,OPT78-2627-21,HONEYWELL,0
dmi4212ph,PHD20-2278-01,HONEYWELL,39
dmi42ph8,PHD20-2181-01,HONEYWELL,18
dmi42ph8-2,PHD20-2181-21,HONEYWELL,0
dmi4310ph12,PHD20-2279-01,HONEYWELL,17
dmi4606ph,PHD20-2281-01,HONEYWELL,0
dmipeel,OPT78-2905-01,HONEYWELL,0
dmiph406,PHD20-2208-01,HONEYWELL,0
dmiplatroll,ROL15-2761-04,HONEYWELL,6
dmirewind,OPT78-2302-01,HONEYWELL,0
dmm4206ph8,PHD20-2261-01,HONEYWELL,7
dmm430612,PHD20-2225-01,HONEYWELL,0
dmm430812,PHD20-2263-01,HONEYWELL,0
dmmcut,OPT78-2738-01,HONEYWELL,0
dmmf2ac,220516-100,HONEYWELL,1
dmmf2vchg2,510116-001-SP,HONEYWELL,3
dmmlan,OPT78-2724-03,HONEYWELL,0
dmmnetw,OPT78-2724-15,HONEYWELL,1
dmmph8,PHD20-2260-01,HONEYWELL,0
dmmrewind,OPT78-2735-02,HONEYWELL,0
dmmuplatroll,ROL15-2847-01,HONEYWELL,0
dmnova6ph,ENM533640,HONEYWELL,0
dmnovamnt,OPT78-2983-01,HONEYWELL,0
dmnovaph8,ENM533529,HONEYWELL,0
dmnovaph8-2,ENM533578,HONEYWELL,0
dmrhrewind,OPT78-2615-01,HONEYWELL,0
dmrhrewind2,OPT78-2615-11,HONEYWELL,0
dmrl4batchg2,220275-000-SP,HONEYWELL,0
dmrlacuk,220517-100,HONEYWELL,1
dmrlbat-1,DPR78-3004-01,HONEYWELL,0
dmx2262-01,DPO20-2262-01,HONEYWELL,0
dmx420x8ph,PHD20-2220-01,HONEYWELL,0
dn2d,CRSA-BCR-R1,"DIEBOLD NIXDORF",2
dn7702,CRKB-7702,"DIEBOLD NIXDORF",0
dnadap,CRBAS-DA-V75-1,"DIEBOLD NIXDORF",0
dnba1150-10,20134840,"DIEBOLD NIXDORF",36
dnba1150-29,CRBAF-BLA-JT28,"DIEBOLD NIXDORF",0
dnba1150-30,CRBAF-BLA-JT32,"DIEBOLD NIXDORF",0
dnba1156-4,CRBAF-BLA-JT33,"DIEBOLD NIXDORF",0
dnba1156-5,CRBAF-BLA-JT29,"DIEBOLD NIXDORF",0
dnba1185-4,CRBAF-BLA-JT31,"DIEBOLD NIXDORF",0
dnba1185-5,CRBAF-BLA-JT34,"DIEBOLD NIXDORF",0
dnba90,1750267281,"DIEBOLD NIXDORF",0
dnba91w,1750268276,"DIEBOLD NIXDORF",42
dnba91wn,1750268278,"DIEBOLD NIXDORF",44
dnba92,1750286913,"DIEBOLD NIXDORF",19
dnba93n,1750286980,"DIEBOLD NIXDORF",14
dnba93w,1750286992,"DIEBOLD NIXDORF",22
dnba9x-2d,1750292248,"DIEBOLD NIXDORF",10
dnba9xdispadap,1750293181,"DIEBOLD NIXDORF",49
dnbisee-27,ACE1_JT84,"DIEBOLD NIXDORF",0
dnbisee-28,ACE1_JT83,"DIEBOLD NIXDORF",0
dnbm2110,CRBAS-BLA-JT40,"DIEBOLD NIXDORF",2
dnbm2110-2,CRBAS-BLA-JT41,"DIEBOLD NIXDORF",0
dnbm3-14,CRBMIII-R1G-JT13,"DIEBOLD NIXDORF",1
dnbm3-15,CRBMIII-R1G-JT14,"DIEBOLD NIXDORF",0
dnbm3-16,CRBMIII-R1G-JT15,"DIEBOLD NIXDORF",1
dnbm3-17,CRBMIII-R2G-JT16,"DIEBOLD NIXDORF",0
dnbm3-18,CRBMIII-R2G-JT17,"DIEBOLD NIXDORF",0
dnbm3-19,CRBMIII-R2G-JT18,"DIEBOLD NIXDORF",0
dnbm3-22,CRBMIII-R1B-JT21,"DIEBOLD NIXDORF",0
dnbm3-3,20119477,"DIEBOLD NIXDORF",1
dnc2120,1750369759,"DIEBOLD NIXDORF",0
dncabu05,CRKB-D1-05M,"DIEBOLD NIXDORF",14
dnd1104,CRBAS-D1104-BPCT,"DIEBOLD NIXDORF",0
dnd1104-2,CRBAS-D1104-SPCT,"DIEBOLD NIXDORF",0
dnd1150,CRBAS-D1150-BPCT,"DIEBOLD NIXDORF",35
dnd1150-2,CRBAS-D1150-SPCT,"DIEBOLD NIXDORF",0
dnd1156,CRBAS-D1156-BPCT,"DIEBOLD NIXDORF",0
dnd1156-2,CRBAS-D1156-SPCT,"DIEBOLD NIXDORF",15
dnd1156-3,CRBAS-D1156-B,"DIEBOLD NIXDORF",0
dnd1156-4,CRBAS-D1156-S,"DIEBOLD NIXDORF",1
dndisp1104bnt,CRBAS-D1104-B,"DIEBOLD NIXDORF",0
dneasy1-5,ACE1_JT75,"DIEBOLD NIXDORF",2
dneasy1-6,ACE1_JT76,"DIEBOLD NIXDORF",0
dneasy1-7,ACE1_JT77,"DIEBOLD NIXDORF",2
dneasy1-8,ACE1_JT78,"DIEBOLD NIXDORF",1
dneasymax,ACE1_JT79,"DIEBOLD NIXDORF",2
dneasymax-2,ACE1_JT80,"DIEBOLD NIXDORF",1
dneasymax-3,ACE1_JT81,"DIEBOLD NIXDORF",2
dneasymax-4,ACE1_JT82,"DIEBOLD NIXDORF",1
dnibutton,CRSA-WL-R1,"DIEBOLD NIXDORF",2
dnka17b,CRKA-1715,"DIEBOLD NIXDORF",0
dnka17bc,CRKA-17-JT61,"DIEBOLD NIXDORF",0
dnka17cab15,CRKB-0961,"DIEBOLD NIXDORF",0
dnka17cab50,CRKB-0962,"DIEBOLD NIXDORF",0
dnka17clb,CRKA-1717,"DIEBOLD NIXDORF",3
dnka17clw,CRKA-1712,"DIEBOLD NIXDORF",0
dnka17csb,CRKA-1716,"DIEBOLD NIXDORF",0
dnka17csw,CRKA-1702,"DIEBOLD NIXDORF",0
dnka17w,CRKA-1701,"DIEBOLD NIXDORF",0
dnka21,CRKA-2120,"DIEBOLD NIXDORF",0
dnka21base,CRKA-2100,"DIEBOLD NIXDORF",0
dnka21s,CRKA-2121,"DIEBOLD NIXDORF",11
dnka21s2,CRKA-2111,"DIEBOLD NIXDORF",0
dnka21s3,CRKA-2110,"DIEBOLD NIXDORF",0
dnka21sb,CRKA-21-JT60,"DIEBOLD NIXDORF",0
dnka3m,CRKB-0982,"DIEBOLD NIXDORF",13
dnkmat164,CRBAS-DCCOVER,"DIEBOLD NIXDORF",0
dnkmat173,CRMK-1058,"DIEBOLD NIXDORF",9
dnkmat174,CRMK-1060,"DIEBOLD NIXDORF",9
dnkmat48,CRBAS-WLAN-BT-1,"DIEBOLD NIXDORF",3
dnkmat49-inst,CROS-WRW10RBP64E,"DIEBOLD NIXDORF",0
dnkmat52,CRBAS-DS-STD,"DIEBOLD NIXDORF",6
dnkmat55-inst,CROS-WRW10RBP64V,"DIEBOLD NIXDORF",39
dnkmat57,CRMK-1057,"DIEBOLD NIXDORF",10
dnm2100,CRBAS-BLA-JT42,"DIEBOLD NIXDORF",0
dnm2100-2,CRBAS-BLA-JT43,"DIEBOLD NIXDORF",0
dnm2100-3,CRBAS-BLA-JT44,"DIEBOLD NIXDORF",0
dnm2100-4,CRBAS-BLA-JT45,"DIEBOLD NIXDORF",0
dnmsr3,1750255668,"DIEBOLD NIXDORF",49
dnmsr3-2,CRSA-MSR-R1,"DIEBOLD NIXDORF",5
dnnfc,CRSA-NFC-R1,"DIEBOLD NIXDORF",2
dnp1200usw,CRP1200-BLA-JT50,"DIEBOLD NIXDORF",0
dnp1200uw,CRP1200-LG-JT51,"DIEBOLD NIXDORF",0
dnpcabeu,CRKB-3037,"DIEBOLD NIXDORF",28
dnplinkcab,CRKB-7703,"DIEBOLD NIXDORF",0
dnplinkcab2,CRKB-7701,"DIEBOLD NIXDORF",0
dnps111,CRTH-PS112,"DIEBOLD NIXDORF",0
dnps40w,CRBA-PA12V40W,"DIEBOLD NIXDORF",20
dnrj12,CRKB-0981,"DIEBOLD NIXDORF",0
dnssta,CRBAS-DS-SML,"DIEBOLD NIXDORF",0
dnstand,01750292889,"DIEBOLD NIXDORF",50
dntsecard2,CRTSE-CARD5X,"DIEBOLD NIXDORF",0
dnupddr16,CR-UP-DDR4-16GB,"DIEBOLD NIXDORF",0
dnupddr32,CR-UP-DDR4-32GB,"DIEBOLD NIXDORF",0
dnupddr5-16,CRBX-DDR5-16GB,"DIEBOLD NIXDORF",0
dnupddr5-32,CRBX-DDR5-32GB,"DIEBOLD NIXDORF",0
dnupddr5-64,CRBX-DDR5-64GB,"DIEBOLD NIXDORF",0
dnupddr5-8,CRBX-DDR5-8GB,"DIEBOLD NIXDORF",0
dnupm128,CRBX-SSD-128GB,"DIEBOLD NIXDORF",0
dnupm1tb,CRBX-SSD-1TB,"DIEBOLD NIXDORF",0
dnupm2128,CRSSD-UPM2-128GB,"DIEBOLD NIXDORF",0
dnupm21t,CRSSD-M2-1TB,"DIEBOLD NIXDORF",0
dnupm2256,CRSSD-UPM2-256GB,"DIEBOLD NIXDORF",0
dnupm2256-2,CRSSD-MLC-256GB,"DIEBOLD NIXDORF",0
dnupm2256-4,CRSSD-M2N-256GB,"DIEBOLD NIXDORF",0
dnupm2512,CRSSD-UPM2-512GB,"DIEBOLD NIXDORF",0
dnupm2512-2,CRSSD-MLC-512GB,"DIEBOLD NIXDORF",0
dnupm2512-4,CRSSD-M2N-512GB,"DIEBOLD NIXDORF",0
dnupm256,CRBX-SSD-256GB,"DIEBOLD NIXDORF",0
dnupm512,CRBX-SSD-512GB,"DIEBOLD NIXDORF",0
dpld9531dpmk1,PD9531-DPMK1,DATALOGIC,121
dpld9531dpmk2,PD9531-DPMK2,DATALOGIC,56
elo0702l,E796382,ELO,24
elo0704ls,E967730,ELO,0
elo0764l,E970862,ELO,0
elo1002l,E155834,ELO,0
elo1004,E315290,ELO,126
elo1004l,E968703,ELO,64
elo1004ls,E967935,ELO,15
elo1015flip,E924077,ELO,0
elo1064l,E971060,ELO,0
elo1093l2,E321195,ELO,101
elo1093rack,E511656,ELO,0
elo1099l,E354792,ELO,10
elo10i4-11,E792262,ELO,0
elo10i4-12,E541463,ELO,211
elo10i4-13,E540697,ELO,20
elo10i4-3,E390263,ELO,10
elo10i4-4,E390647,ELO,170
elo10i4-5,E391032,ELO,0
elo10i4-6,E391414,ELO,0
elo10i4-7,E391994,ELO,7
elo10i4-8,E392786,ELO,0
elo1247bez2,E329452,ELO,0
elo1291pc2,E331595,ELO,0
elo1302,E683204,ELO,12
elo1302ns,E683595,ELO,1
elo1304,E968117,ELO,101
elo1304l,E968908,ELO,0
elo1304l-2,E969110,ELO,0
elo1502hdp,E318746,ELO,8
elo1502hdp1,E967255,ELO,0
elo1502hdp1s,E967064,ELO,0
elo1502hdp2,E542808,ELO,0
elo1502lm156in,E542617,ELO,0
elo1502lmon,E155645,ELO,29
elo1504l,E969292,ELO,0
elo1504ls,E968313,ELO,16
elo1504lst,E969493,ELO,0
elo1509l-2,E551755,ELO,0
elo1509lbox,E186057,ELO,0
elo1515ls,E344320,ELO,0
elo151723mags,E628912,ELO,0
elo1517bats,E523163,ELO,3
elo1517bats2,E144246,ELO,12
elo1517mag,E500356,ELO,0
elo1523itpro,E738607,ELO,0
elo1523itprow,E336518,ELO,0
elo1523lstand,E382349,ELO,0
elo1537b-4,E323425,ELO,3
elo1537rack,E295006,ELO,0
elo1541bez,E711274,ELO,2
elo1541bra,E921202,ELO,0
elo1564l,E971256,ELO,11
elo1590at2,E326154,ELO,19
elo1590it2,E326738,ELO,0
elo1590pc2,E334335,ELO,24
elo1594l,E131375,ELO,77
elo1598,E126407,ELO,0
elo15e1-3,E850098,ELO,0
elo15e1-4,E849902,ELO,49
elo15e1-5,E850312,ELO,0
elo15e2-18,E153259,ELO,0
elo15e2-6,E440808,ELO,0
elo15e2wall,E143088,ELO,0
elo15e3-10,E441575,ELO,0
elo15e3-11,E262258,ELO,0
elo15e3-7,E441193,ELO,0
elo15e3-8,E441385,ELO,0
elo15e3-9,E441781,ELO,0
elo15e5,E441968,ELO,0
elo15e5-2,E442161,ELO,0
elo15e5-3,E442365,ELO,0
elo15e5-4,E442550,ELO,43
elo15h2-2,E935367,ELO,0
elo15h2-3,E935967,ELO,0
elo15h3,E935775,ELO,0
elo15h3-3,E880567,ELO,0
elo15h5,E936365,ELO,0
elo15h5-2,E936163,ELO,0
elo15h5-3,E936750,ELO,0
elo15h5-4,E936556,ELO,0
elo15h5-5,E939305,ELO,0
elo15i2-10,E984089,ELO,0
elo15i2-11,E983676,ELO,0
elo15i2-12,E705229,ELO,0
elo15i2-13,E700571,ELO,0
elo15i2-14,E605332,ELO,0
elo15i2-15,E128434,ELO,0
elo15i2-16,E551068,ELO,0
elo15i2-17,E551270,ELO,0
elo15i2-18,E551842,ELO,0
elo15i2-7,E984275,ELO,98
elo15i2-8,E983895,ELO,2
elo15i2-9,E984463,ELO,0
elo15i3,E462193,ELO,59
elo15i3-11,E605919,ELO,0
elo15i3-12,E700385,ELO,0
elo15i3-13,E700960,ELO,0
elo15i3-3,E850003,ELO,11
elo15i3-4,E850204,ELO,0
elo15i3-6,E705428,ELO,0
elo15i3-8,E705627,ELO,0
elo15i3-9,E700774,ELO,0
elo15i4,E412421,ELO,0
elo15i4-2,E792461,ELO,0
elo15i5-12,E606323,ELO,0
elo15i5-13,E743853,ELO,2
elo15i5-4,E692244,ELO,15
elo15i5-6,E706223,ELO,0
elo15i5-7,E706031,ELO,0
elo15i5-8,E701155,ELO,0
elo15i7,E706613,ELO,0
elo15i7-2,E706421,ELO,0
elo15i7-3,E701555,ELO,0
elo15in,E430821,ELO,0
elo15inw10,E494361,ELO,0
elo15istand,E044162,ELO,40
elo15s2,E931524,ELO,0
elo15s2-2,E931330,ELO,0
elo15s2-3,E590763,ELO,0
elo15s3,E931896,ELO,0
elo15s3-2,E931706,ELO,0
elo15s5,E932274,ELO,0
elo15s5-2,E932090,ELO,0
elo1715ls2,E603162,ELO,0
elo1717bats,E649473,ELO,2
elo1717bats2,E877820,ELO,13
elo1723itpro,E683457,ELO,0
elo1723itprow,E016808,ELO,0
elo1723itps,E785229,ELO,0
elo1739bezel2,E860319,ELO,0
elo1739rack2,E939253,ELO,2
elo1790at2,E326347,ELO,0
elo1790it2,E326942,ELO,9
elo1790pc2,E330225,ELO,20
elo17i3,E708953,ELO,0
elo17i3-2,E708554,ELO,0
elo17i3-3,E709726,ELO,0
elo17i3-4,E708749,ELO,0
elo17i3-5,E708361,ELO,0
elo17s2-10,E402963,ELO,0
elo17s2-11,E484896,ELO,0
elo17s2-12,E402781,ELO,0
elo17s2-4,E401992,ELO,0
elo17s2-5,E484495,ELO,0
elo17s2-6,E402576,ELO,0
elo17s2-7,E484291,ELO,0
elo17s2-8,E402382,ELO,0
elo17s2-9,E484700,ELO,0
elo17s3,E709349,ELO,0
elo185034,E185034,ELO,25
elo1902,E351388,ELO,33
elo1902pc,E125695,ELO,0
elo1903lm-4,E658586,ELO,0
elo1903lm-5,E658394,ELO,0
elo1903lm-7,E380665,ELO,0
elo1903lm-8,E380478,ELO,0
elo1915ls,E607608,ELO,0
elo193547,E193547,ELO,0
elo1937bez,E163604,ELO,5
elo1939rack2,E579652,ELO,0
elo1990it2,E328497,ELO,0
elo1990pct2,E330817,ELO,123
elo1991at2,E326541,ELO,0
elo1991pc,E331019,ELO,0
elo2094m,E553352,ELO,0
elo2094pcap,E331214,ELO,17
elo21i5,E541651,ELO,0
elo2202,E351600,ELO,648
elo2202l,E159758,ELO,80
elo2202pc,E126096,ELO,269
elo2203s-3,E658788,ELO,0
elo2203w-2,E658992,ELO,9
elo2203w-3,E380851,ELO,0
elo2203w-4,E381048,ELO,0
elo2210l,E448346,ELO,0
elo2243bez,E668194,ELO,0
elo2243rack,E462672,ELO,0
elo2270,E265991,ELO,0
elo2270-2,E510259,ELO,0
elo2270-3,E511214,ELO,33
elo2294it2,E327914,ELO,2
elo2294pc2,E330620,ELO,125
elo2295,E146083,ELO,17
elo22h3-3,E511785,ELO,0
elo22h3-4,E375459,ELO,0
elo22h3-5,E937523,ELO,0
elo22h5,E560404,ELO,0
elo22i2-13,E551653,ELO,0
elo22i2-6,E707003,ELO,0
elo22i2-7,E706811,ELO,0
elo22i2-9,E606708,ELO,0
elo22i3,E462589,ELO,1
elo22i3-2,E850591,ELO,0
elo22i3-3,E850387,ELO,0
elo22i3-4,E707378,ELO,0
elo22i3-5,E707193,ELO,0
elo22i3-7,E607093,ELO,0
elo22i4-3,E792655,ELO,0
elo22i4-4,E413211,ELO,0
elo22i4rb,E937340,ELO,0
elo22i5-10,E607503,ELO,0
elo22i5-11,E457278,ELO,0
elo22i5-12,E457084,ELO,0
elo22i5-14,E155309,ELO,0
elo22i5-4,E693022,ELO,0
elo22i5-8,E707579,ELO,0
elo22i5b,E938113,ELO,0
elo22i7,E708162,ELO,0
elo22i7-2,E707974,ELO,0
elo22i8rb,E937720,ELO,0
elo23i3,E608275,ELO,0
elo23i3-3,E608662,ELO,0
elo23i3-4,E607901,ELO,0
elo2402,E351806,ELO,62
elo2402pc,E126288,ELO,8
elo2403-4,E659395,ELO,26
elo2403-5,E659195,ELO,0
elo2403-6,E381452,ELO,0
elo2403s-2,E381251,ELO,0
elo2412v,E239980,ELO,2
elo2470,E266179,ELO,0
elo2470-2,E511419,ELO,23
elo263402,E263402,ELO,0
elo2702,E351997,ELO,0
elo2702pc,E126483,ELO,0
elo2703-4,E659793,ELO,0
elo2703-5,E659596,ELO,0
elo2703-6,E381844,ELO,0
elo2770,E511602,ELO,0
elo2770-2,E266381,ELO,2
elo2770-3,E510644,ELO,0
elo2799,E399052,ELO,6
elo2dbarsc,E384627,ELO,52
elo2dbarsc-2,E245047,ELO,336
elo3204,E103164,ELO,70
elo3263pc,E343671,ELO,0
elo343872pc,E343872,ELO,0
elo4304,E103351,ELO,49
elo4363pc,E344056,ELO,9
elo5054,E103738,ELO,0
elo5054i,E103937,ELO,0
elo5054p,E103538,ELO,0
elo5554,E104315,ELO,0
elo5554i,E104520,ELO,0
elo5554l,E104131,ELO,0
elo6554l,E104912,ELO,0
elobackpack,E802593,ELO,0
elobackpack3,E393359,ELO,0
elobackpack4,E393754,ELO,30
elobackpack8,E620713,ELO,104
elobracket,E045151,ELO,0
elobracket2,E043382,ELO,0
elobrkt-1,E147211,ELO,0
elobrkt-10,E593661,ELO,3
elobrkt-2,E203787,ELO,0
elobrkt-7,E530432,ELO,0
elobrkt-9,E727550,ELO,7
elocab2,E210789,ELO,0
elocab3,E210606,ELO,0
elocabkit4,E710549,ELO,0
elocabu,E710364,ELO,13
elocare3,E873133,ELO,9999
elocblkit,E641484,ELO,0
eloccam4k,E988153,ELO,0
elocpolekit,E989893,ELO,2
elocradlekit,E990468,ELO,0
elocradp400,E990282,ELO,43
elocrdkl5000,E996512,ELO,0
elocrdkl7000,E990654,ELO,0
elodivhdmi,E538507,ELO,0
eloe15e3,E567592,ELO,0
eloe15e3-2,E567394,ELO,20
eloe849711,E849711,ELO,0
eloecon3dcam,E134699,ELO,0
eloeconwc,E201494,ELO,25
eloedcon,E673037,ELO,43
eloeexp,E863687,ELO,0
eloemvcradlekit,E920661,ELO,0
eloes3dmount,E997555,ELO,0
eloesy00g2,E345569,ELO,0
eloesy00g3-2,E345966,ELO,0
eloesy00g3-4,E346150,ELO,0
eloesy00g5,E346532,ELO,0
eloesy00g5-2,E346334,ELO,0
eloesy10,E539154,ELO,25
eloesy10i1-2,E177215,ELO,8
eloesy10i1-3,E177025,ELO,16
eloesy15,E540294,ELO,118
eloesy15i1-3,E176451,ELO,32
eloesy15i1-4,E176245,ELO,0
eloesy15i2,E425383,ELO,0
eloesy15i2-2,E424795,ELO,0
eloesy15i3,E431006,ELO,0
eloesy15i5,E701351,ELO,0
eloesy22i1-2,E176840,ELO,0
eloesy22i1-3,E176640,ELO,0
eloesy22i5,E428860,ELO,0
eloesy24i2,E432375,ELO,3
eloesy24i3,E432576,ELO,0
eloet2470l,E510459,ELO,0
eloet2494l23in,E493782,ELO,183
eloet2495l,E506980,ELO,0
eloet2794l27in,E493591,ELO,0
eloextnt12,E180092,ELO,0
eloextnt13,E005277,ELO,0
eloextnt8,E571601,ELO,147
elofp,E134286,ELO,0
elohandles,E352196,ELO,0
elohuddlekit,E380925,ELO,2
eloi10sstand,E160104,ELO,51
eloids220,E587119,ELO,14
eloids32,E458919,ELO,14
eloidsops,E337104,ELO,1
eloidsstand2,E722153,ELO,0
eloidswall2,E721949,ELO,2
eloiflip2,E949536,ELO,0
eloimount2,E047458,ELO,0
eloimount3,E047663,ELO,0
eloimount4,E047864,ELO,0
eloiram-3,E466053,ELO,12
elois4vand,E411643,ELO,0
eloiser,E514304,ELO,2
eloistand,E048069,ELO,0
elokit2ssd,E206556,ELO,0
elokit7in,E220684,ELO,0
elokit7inisp,E815044,ELO,0
elokitada,E413396,ELO,23
elokitadap,E388675,ELO,0
elokitis,E369922,ELO,0
elokitlhub,E815235,ELO,0
elokitm100posdck,E119034,ELO,0
elokitpos15,E203820,ELO,103
elokits2,E350807,ELO,0
elom1001uchgr,E118851,ELO,0
elom1004uchgr,E118661,ELO,0
elom100bbrack,E640293,ELO,0
elom100c,E121973,ELO,0
elom100crystrap,E120228,ELO,0
elom100fprintrdr,E121016,ELO,0
elom100hndstrp,E119827,ELO,0
elom100mobmnt,E193052,ELO,0
elom100rgdcse,E119632,ELO,0
elom100rgdtab,E121214,ELO,0
elom100rgdtab-2,E121405,ELO,0
elom100rgdtab-3,E122179,ELO,0
elom100rotdock,E640102,ELO,0
elom100rothstrap,E120428,ELO,0
elom100spbatt,E326107,ELO,0
elom100stylus,E120625,ELO,0
elom51-2,E449855,ELO,1
elom514,E526176,ELO,0
elom51bat,E533892,ELO,0
elom51batchrg,E526745,ELO,0
elom51dock,E534089,ELO,0
elom51dock-2,E367373,ELO,0
elom51hand,E527331,ELO,0
elom51hdst,E527713,ELO,0
elom51hndstrp,E118460,ELO,1
elom51hol,E527141,ELO,0
elom51lancon,E527515,ELO,0
elom51rboot,E525977,ELO,0
elom60,E863128,ELO,1
elom60pmob-2,E897852,ELO,0
elontmm,E076657,ELO,0
eloosdr,E483757,ELO,0
elopay10,E931600,ELO,0
elopay10r,E369331,ELO,0
elopay7,E863808,ELO,0
elopay7-2,E814473,ELO,0
elopay7-3,E814661,ELO,0
eloposp2,E262004,ELO,0
eloposp2-2,E262189,ELO,0
eloposp2-3,E262377,ELO,0
elopospack9,E984657,ELO,0
eloposwp,E425976,ELO,0
eloppkey001,E201914,ELO,0
eloppkey002,E202119,ELO,0
eloppkey003,E202321,ELO,0
elopsu,E845269,ELO,0
elorfdmount,E835969,ELO,11
eloselfbbc,E991255,ELO,0
eloselfbbds,E990151,ELO,0
eloselfbbss,E990854,ELO,0
elostalig,E644767,ELO,7
elostand12,E797162,ELO,44
elostand14,E514881,ELO,0
elostand15,E515260,ELO,7
elostand16,E514693,ELO,0
elostand17,E797921,ELO,17
elostand20,E421325,ELO,31
elostand21,E421137,ELO,8
elostand23,E989705,ELO,0
elostand24,E989512,ELO,0
elostand25,E989314,ELO,1
elostand26,E989127,ELO,0
elostand27,E990079,ELO,11
elostand30,E290363,ELO,22
elostand6,E044356,ELO,48
elotpenpcap,E066148,ELO,0
elousbccab,E667197,ELO,0
elousbckit,E969524,ELO,0
elovesa0203,E698263,ELO,0
elowar22,E898449,ELO,9999
elowar23,E819795,ELO,9999
elowar26,E898247,ELO,9999
elowar31,E820186,ELO,9999
elowar42,E131294,ELO,9999
elowarcov-5y,E130719,ELO,9999
elowplat,E431802,ELO,0
eloxmsr,E001002,ELO,11
eloxvfd,E001003,ELO,14
eloycabu,E796577,ELO,0
eloz10kit,E767159,ELO,243
eloz10stand,E398278,ELO,7
eloz20stand-2,E767356,ELO,194
eloz20stand-3,E554932,ELO,0
eloz30,E392977,ELO,2
eloz30-3,E482347,ELO,1
eloz30-4,E482746,ELO,0
eloz30-5,E543398,ELO,0
eloz30-6,E543591,ELO,74
eloz30-8,E769124,ELO,0
eloz30stand,E482940,ELO,0
eloz30stand2,E483135,ELO,5
eps100ubt,C31CJ52121,EPSON,0
eps100ubt-2,C31CJ52121A0,EPSON,0
eps100ubtl,C31CJ52111,EPSON,0
eps100ubtl-2,C31CJ52111A0,EPSON,0
eps1523825,152382501,EPSON,0
eps1691691,1691691,"EPSON SPAREPARTS",3
eps2202,C31CL28102P0,EPSON,0
eps2202-2,C31CL27102P0,EPSON,0
eps2202-3,C31CL27101P0,EPSON,0
eps2202-4,C31CL28102F0,EPSON,0
eps2202-5,C31CL27102F2,EPSON,0
eps2202-6,C31CL27101F2,EPSON,0
eps220apsw,C31C516057,EPSON,0
eps220assw,C31C513057,EPSON,0
eps2212332,2212332,"EPSON SPAREPARTS",0
eps295ssw,C31C163292,EPSON,0
eps3500,C31CD54012CD,EPSON,191
eps3500box,C33S020580,EPSON,262
eps522ap,C41D420001,EPSON,13
eps6006,C31CL25101,EPSON,10
eps6006-10,C31CL25116,EPSON,0
eps6006-11,C31CL25116B1,EPSON,0
eps6006-13,C31CL25132,EPSON,0
eps6006-3,C31CL25102,EPSON,0
eps6006-5,C31CL25111,EPSON,0
eps6006-8,C31CL25112,EPSON,21
eps60bat,C32C831091,EPSON,0
eps60ps,C32C825375,EPSON,0
eps7200,C31CF69321,EPSON,0
eps7200sw,C31CF69301,EPSON,27
eps7500box,C33S020596,EPSON,808
eps7500rewind,C32C815471,EPSON,0
eps7700b,C31CF70301PH,EPSON,55
eps7700b2,C31CF70301,EPSON,0
eps7700w,C31CF70321PH,EPSON,0
eps7700w2,C31CF70321,EPSON,0
eps802acbt,C31CK00121,EPSON,23
eps802acw,C31CK00131,EPSON,7
eps802bt,C31CK00101,EPSON,34
eps802w,C31CK00111,EPSON,13
eps886pscovb,C32C814619,EPSON,0
eps886pscovw,C32C814618,EPSON,0
eps887uefb,C31CJ57152,EPSON,33
eps887uefb-uk,C31CJ57152A0,EPSON,0
eps887uefw,C31CJ57151,EPSON,0
eps887uefw-uk,C31CJ57151A0,EPSON,0
eps887uepb,C31CJ57132,EPSON,9
eps887uepw,C31CJ57131,EPSON,0
eps887uesb,C31CJ57112,EPSON,754
eps887uesb-uk,C31CJ57112A0,EPSON,80
eps887uesw,C31CJ57111,EPSON,6
eps887uesw-uk,C31CJ57111A0,EPSON,0
eps88cab,2128292,ESEN,439
eps90leth,C31C412465,EPSON,0
eps90leth-uk,C31C412465A0,EPSON,0
epsc32c882201,C32C882201,EPSON,0
epsc4000,C31CK03102MK,EPSON,103
epsc4000box,C33S021601,EPSON,239
epsc4000s,C31CK03102BK,EPSON,71
epsc6000,C31CH76102,EPSON,85
epsc6000-2,C31CH76202,EPSON,0
epsc6000-2mk,C31CH76202MK,EPSON,0
epsc6000box,C33S021501,EPSON,1206
epsc6000mk,C31CH76102MK,EPSON,9
epsc6000paphol,C32C881301,EPSON,0
epsc6500,C31CH77102,EPSON,102
epsc6500-2,C31CH77202,EPSON,3
epsc6500-2mk,C31CH77202MK,EPSON,1
epsc6500mk,C31CH77102MK,EPSON,12
epsc6500paphol,C32C881101,EPSON,0
epsc8000bk,C31CL02102BK,EPSON,8
epsc8000mk,C31CL02102MK,EPSON,7
epsc8000rewind,C32C882501,EPSON,3
epscabpu2,2218423,EPSON,0
epsd6000,C31CL90202,EPSON,5
epsd6000-3,C31CL90102,EPSON,44
epsd6500,C31CL91102,EPSON,15
epsd6500-1,C31CL91202,EPSON,3
epsd70s,A61CH62111,EPSON,0
epsd70w,A61CH62101,EPSON,0
epsdc21,C32C834031,EPSON,38
epskabeu,2119140,EPSON,5
epsl100uesb-2,C31CJ52103A0,EPSON,0
epsl100uesb2,C31CJ52103,EPSON,0
epsm302s,C31CH63011,EPSON,0
epsm302s-uk,C31CH63011A0,EPSON,0
epsm302sb,C31CH63012,EPSON,4
epsm302sb-uk,C31CH63012A0,EPSON,4
epsm302sl-3,C31CH63512,EPSON,0
epsm30stand,7110080,EPSON,1
epsm30wall,C32C881017,EPSON,11
epsntcov,C32C814596,EPSON,0
epsntorig,C32C825341,EPSON,0
epson295s,C31C163272,EPSON,0
epson30,A61CF26101,EPSON,0
epson30s,A61CF26111,EPSON,0
epson88wand,C32C845040,EPSON,0
epson90lncr2,C31C412682,EPSON,0
epson90lswnt2,C31C412412,EPSON,0
epsonbuzzer,C32C890634,EPSON,0
epsondmd70expo,C32C882001,EPSON,1
epsondmd70expo-2,C32C882002,EPSON,4
epsonotdm30-2,C32C882042,EPSON,28
epsonpar,C32C823891,EPSON,1830
epsonser,C32C823361,EPSON,14107
epsonser09,C32C823861,EPSON,87
epsontcp4,C32C881023,EPSON,20
epsonusb,C32C824121,EPSON,32
epsonusb4,C32C823991,EPSON,0
epsonusbp6,C32C824071,EPSON,0
epsonwr05,C32C881511,EPSON,0
epsot-by80,C32C882381,EPSON,0
epsotby80,C32C882301,EPSON,0
epsotch202,C32C882391,EPSON,0
epsotsb20,C32C882371,EPSON,0
epsotsb602,C32C881007,EPSON,0
epsotsh01,C32C882331,EPSON,0
epsp202bt,C31CJ99101,EPSON,91
epsp202btw,C31CJ99106,EPSON,5
epsp202case,C32C882341,EPSON,17
epsp202w,C31CJ99111,EPSON,25
epsp202w-1,C31CJ99112,EPSON,0
epsp20bat,C32C831093,EPSON,0
epsp20case,C32C881000,EPSON,52
epsp20spac,C32C881001,EPSON,0
epsps190,C32C825381,EPSON,16
epspsutmi,2149233,"EPSON SPAREPARTS",0
epst702eswnt3,C31CD38025C0,EPSON,0
epst702eswntb-2,C31CD38022A1,EPSON,0
epst702sswnt,C31CD38032,EPSON,0
epst702sswnt-uk,C31CD38032A0,EPSON,0
epst702sswnt2,C31CD38025A0,EPSON,0
epstm50-2,C31CK52102,EPSON,0
epstmm30-10,C31CK50112A0,EPSON,1
epstmm30-1141,C31CK51141A0,EPSON,0
epstmm30-1142,C31CK51142A0,EPSON,0
epstmm30-12,C31CK51141,EPSON,0
epstmm30-13,C31CK51142,EPSON,122
epstmm30-5,C31CK50111,EPSON,9
epstmm30-6,C31CK50112,EPSON,1091
epstmm30-7,C31CK50151,EPSON,0
epstmm30-8,C31CK50152,EPSON,0
epstmm30-uk4,C31CK50152A0,EPSON,0
epstmm50,C31CK52102A0,EPSON,0
epstmm50-3,C31CK52101A0,EPSON,0
epstmm50-4,C31CK52101,EPSON,0
epstmt20,C31CL47101,EPSON,2307
epstmt20-2,C31CL47101A0,EPSON,22
epstmt20-3,C31CL47102,EPSON,1030
epstmt20-4,C31CL47102A0,EPSON,32
epstmu220,C31CL28102,EPSON,72
epstmu220-11,C31CL27142F3,EPSON,0
epstmu220-12,C31CL27141F3,EPSON,0
epstmu220-13,C31CL27102F1,EPSON,0
epstmu220-14,C31CL27102F0,EPSON,0
epstmu220-16,C31CL27101F0,EPSON,0
epstmu220-2,C31CL27142,EPSON,71
epstmu220-3,C31CL27141,EPSON,0
epstmu220-4,C31CL27102,EPSON,45
epstmu220-5,C31CL27101,EPSON,0
epstmu220-6,C31CL27102B0,EPSON,47
epstmu220-7,C31CL27101B0,EPSON,0
epstsede,7112348,EPSON,1494
epstsesv8rack,7112287,EPSON,41
epswar3500,CP03RTBSCD54,EPSON,9999
epswar3500-10,CP05RTBSCD54,EPSON,9999
epswar3500-11,CP04RTBSCD54,EPSON,9999
epswar3500-6,CP04OSSECD54,EPSON,9999
epswar4000-2,CP03RTBSCK03,EPSON,9999
epswar4000-3,CP04RTBSCK03,EPSON,9999
epswar4000-4,CP05RTBSCK03,EPSON,9999
epswar4000-8,CP03OSCWCK03,EPSON,9999
epswar4000-9,CP04OSCWCK03,EPSON,9999
epswar6000-6,CP03OSCWCH76,EPSON,9999
epswar6000-7,CP04OSCWCH76,EPSON,9999
epswar6000-8,CP05OSCWCH76,EPSON,9999
epswar6500-11,CP03OSCWCH77,EPSON,9999
epswar6500-12,CP04OSCWCH77,EPSON,9999
epswar6500-13,CP05OSCWCH77,EPSON,9999
epswar7000-2,CP03OSSWC487,EPSON,9999
epswar7500-10,CP04RTBSCD84,EPSON,9999
epswar7500-3,CP03RTBSCD84,EPSON,9999
epswar7500-9,CP05RTBSCD84,EPSON,9999
epswar7x00-3,CP03RTBSC487,EPSON,9999
epswar8000-3,CP03RTBSL021,EPSON,9999
epswar8000-4,CP04RTBSL021,EPSON,9999
epswar8000-5,CP05RTBSL021,EPSON,9999
epswar8000-6,CP03OSCWL021,EPSON,9999
epswar8000-7,CP04OSCWL021,EPSON,9999
epswar8000-8,CP05OSCWL021,EPSON,9999
epswar831-3,CP05RTBSCC68,EPSON,9999
epswarc35-5,CP05OSSECD54,EPSON,9999
epswarc6000-3rtb,CP03RTBSCH76,EPSON,9999
epswarc6500-32,CP03RTBSCH77,EPSON,9999
epswarc6500-4c,CP04RTBSCH76,EPSON,9999
epswarcw6500-4,CP04RTBSCH77,EPSON,9999
epswarcwc6-5,CP05RTBSCH76,EPSON,9999
epswarcwc65-5,CP05RTBSCH77,EPSON,9999
epswl06,C32C891323,EPSON,0
eqtes1,EQT-410-CDB,ESEN,0
ergodtp101,DTP101,ERGONOMIC,12
ergoing3000mn,ING3000-MN,ERGONOMIC,0
ergoing3600mh,ING3600-MH-02,ERGONOMIC,0
ergopax025mh,PAX025-MH-02,ERGONOMIC,33
ergopax025s,PAX025-S,ERGONOMIC,0
ergopax32s,PAX032-S,ERGONOMIC,0
ergopax35mh,PAX035-MH,ERGONOMIC,0
ergospds522fp,SPDS522FP,ERGONOMIC,0
ergospds544fp,SPDS544FP,ERGONOMIC,0
ergospds564fp,SPDS564FP,ERGONOMIC,0
ergospk400,SPK400-17,ERGONOMIC,1
ergospk401,SPK401-17,ERGONOMIC,0
ergospk402,SPK402-17,ERGONOMIC,8
ergospk511,SPK511,ERGONOMIC,3
ergospm114,SPM144,ERGONOMIC,0
ergospmcl001,SPMCL001,ERGONOMIC,0
ergospmcls,SPMCL-S,ERGONOMIC,0
ergosptpc302,SPTPC302,ERGONOMIC,6
ergospuf001,SPUF001,ERGONOMIC,0
ergospv101fxx,SPV1101-FX,ERGONOMIC,68
ergospv102fxx,SPV1102-FX,ERGONOMIC,1
ergospv106fxx,SPV1106-FX,ERGONOMIC,10
ergospv301fx,SPV3301-FX,ERGONOMIC,37
ergospxf19005,SPXF19005,ERGONOMIC,8
ergospxf24405,SPXF24405,ERGONOMIC,0
ergostp101,STP101,ERGONOMIC,2
ergover400mh,VER400-MH-02,ERGONOMIC,8
ergover400s,VER400-S,ERGONOMIC,23
ergowt223220ll,WT223220LL,ERGONOMIC,0
etd5107,2000424,CITIZEN,69
etd528,2000410,CITIZEN,0
etd536,2000415,CITIZEN,6
etd569,2000411,CITIZEN,13
etd579,2000425,CITIZEN,0
etd589,2000427,CITIZEN,5
etd611,JM66825,CITIZEN,104
etd619,JM14705-0,CITIZEN,114
etd629,G105910-148,ZEBRA,0
etd651,JN09802-0,CITIZEN,73
etd659,JN09804-0,CITIZEN,14
etd661,JM14706-0,CITIZEN,29
eti2105,880150-025,ZEBRA,0
eti2106,880154-025,ZEBRA,0
eti2107,880156-101,ZEBRA,0
eti2109,880170-101,ZEBRA,0
eti2110,800740-605,ZEBRA,72
eti2111,800999-020,ZEBRA,360
eti267,800264-305,ZEBRA,180
eti268,800261-107,ZEBRA,204
eti269,800264-505,ZEBRA,516
eti274,87000,ZEBRA,396
eti280,800261-105,ZEBRA,204
eti287,800262-405,ZEBRA,420
eti288,200963,ZEBRA,144
eti292,800262-205,ZEBRA,288
eti293,800264-105,ZEBRA,24
eti294,800264-155,ZEBRA,180
eti296,800264-405,ZEBRA,168
eti300,87394,ZEBRA,112
eti450,800294-305,ZEBRA,384
eti451,800294-155,ZEBRA,204
eti462,880122-025,ZEBRA,0
eti464,800271-105,ZEBRA,252
eti471,880114-025,ZEBRA,0
eti473,880003-025D,ZEBRA,228
eti475,800274-205,ZEBRA,720
eti476,76171,ZEBRA,0
eti478,880018-038,ZEBRA,12
eti480,76175,ZEBRA,6
eti481,76089,ZEBRA,108
eti622,76014,ZEBRA,16
eti624,880255-050D,ZEBRA,180
ett110ph,P1004232,ZEBRA,0
ett1560vadap,AK18913-003,ZEBRA,85
ett220-4,220-80E-00003,ZEBRA,0
ett220-6,220-80E-00203,ZEBRA,0
ett27nt,105950-076,ZEBRA,21
ett3pty-ze17,3PTY-RAM-HOL-ZE17-2U,ZEBRA,14
ett3ptycusb-4,3PTY-C-USB-4,ZEBRA,0
ett3ptyds-4,3PTY-DS-ZEB-602,ZEBRA,0
ett3ptygj-20,3PTY-GJ-7300-0467,ZEBRA,0
ett3ptygj-5,3PTY-GJ-7160-1807-00,ZEBRA,0
ettaefx9600-3c,Z1AE-FX9600-3C00,ZEBRA,9999
ettaezc1x-3,Z1AE-ZC1X-3C0,ZEBRA,9999
ettaezc1x-5,Z1AE-ZC1X-5C0,ZEBRA,9999
ettaezc30-3,Z1AE-ZC30-3C0,ZEBRA,9999
ettaezc30-5,Z1AE-ZC30-5C0,ZEBRA,9999
ettaezc35-3,Z1AE-ZC35-3C0,ZEBRA,9999
ettaezc35-5,Z1AE-ZC35-5C0,ZEBRA,9999
ettaezq5x1-5c,Z1AE-ZQ5X1-5C0,ZEBRA,9999
ettasfx96-3,Z1AS-FX9600-3C03,ZEBRA,9999
ettaszc1x-3,Z1AS-ZC1X-3C0,ZEBRA,9999
ettaszc1x-5,Z1AS-ZC1X-5C0,ZEBRA,9999
ettaszc30-3,Z1AS-ZC30-3C0,ZEBRA,9999
ettaszc30-5,Z1AS-ZC30-5C0,ZEBRA,9999
ettaszc35-3,Z1AS-ZC35-3C0,ZEBRA,9999
ettaszc35-5,Z1AS-ZC35-5C0,ZEBRA,9999
ettbatelim,P1050667-140,ZEBRA,72
ettbatelim2,P1050667-041,ZEBRA,1
ettbtyzq,BTRY-MPP-EXT1-01,ZEBRA,119
ettgxkabpar,105850-025,ZEBRA,0
etthub,SHARE-USBH-01,ZEBRA,0
ettkrpscab,P1035327,ZEBRA,0
ettmpmcabu,CBL-MPM-USB1-01,ZEBRA,0
ettmpvusb,CBL-MPV-USB1-01,ZEBRA,284
ettnser,G105950-054,ZEBRA,0
ettoaszq5x1-3,Z1AS-ZQ5X1-3CM,ZEBRA,9999
ettocbezt11-3c,Z1BE-ZT111-3C0,ZEBRA,9999
ettocbezt23-3c,Z1BE-ZT231-3C0,ZEBRA,9999
ettocdesk,Z1AV-DESK-2,ZEBRA,9999
ettoce220,Z1AE-XI42-3C0,ZEBRA,9999
ettoce50-3,Z1AE-ZD50-3C0,ZEBRA,9999
ettoce50-5,Z1AE-ZD50-5C0,ZEBRA,9999
ettoce8178-3,Z1AE-DS8178-3C00,ZEBRA,9999
ettoce8178-5,Z1AE-DS8178-5C00,ZEBRA,9999
ettoceaezt61-3c,Z1AE-ZT61-3C0,ZEBRA,9999
ettoceaezt61-5c,Z1AE-ZT61-5C0,ZEBRA,9999
ettocegd-5,Z1AE-GSER-5C0,ZEBRA,9999
ettocemc34-3c,Z1AE-MC34XX-3C00,ZEBRA,9999
ettocemc34-5c,Z1AE-MC34XX-5C00,ZEBRA,9999
ettocemob3y,Z1AV-MOBL-3,ZEBRA,9999
ettocereet5-2c,Z1RE-ET5XXX-2C00,ZEBRA,9999
ettocezd230-3,Z1AE-ZD230-300,ZEBRA,9999
ettocezd4-5,Z1AE-ZD40-5C0,ZEBRA,9999
ettocezd61-3c,Z1AE-ZD6X1-3C0,ZEBRA,9999
ettocezd61-5c,Z1AE-ZD6X1-5C0,ZEBRA,9999
ettocezd621-3c,Z1AS-ZD6X1-3C0,ZEBRA,9999
ettocezd621-5c,Z1AS-ZD6X1-5C0,ZEBRA,9999
ettocezq11-3c,Z1AE-ZQ11-3C0,ZEBRA,9999
ettocezq5x-3cm,Z1AE-ZQ5X-3CM,ZEBRA,9999
ettocezq5x-3cr,Z1AE-ZQ5X-3CR,ZEBRA,9999
ettocezq6x-3c,Z1AE-ZQ6X-3C0,ZEBRA,9999
ettocezq6x-5c,Z1AE-ZQ6X-5C0,ZEBRA,9999
ettocezq6x-5c1,Z1AE-ZQ6X-5C10,ZEBRA,9999
ettocezt11-3,Z1AE-ZT111-300,ZEBRA,9999
ettocezt11-3c,Z1AE-ZT111-3C0,ZEBRA,9999
ettocezt11-5c,Z1AE-ZT111-5C0,ZEBRA,9999
ettocezt23-3c,Z1AE-ZT231-3C0,ZEBRA,9999
ettocezt23-5,Z1AE-ZT231-500,ZEBRA,9999
ettocezt23-5c,Z1AE-ZT231-5C0,ZEBRA,9999
ettocezt4-2c,Z1AE-ZT4X-2C0,ZEBRA,9999
ettocezt411-10,Z1RE-ZT411-100,ZEBRA,9999
ettocezt411-1c,Z1RE-ZT411-1C0,ZEBRA,9999
ettocezt411-20,Z1RE-ZT411-200,ZEBRA,9999
ettocezt411-2c,Z1RE-ZT411-2C0,ZEBRA,9999
ettocezt421-1c,Z1RE-ZT421-1C0,ZEBRA,9999
ettocezt51-3c,Z1AE-ZT51-3C0,ZEBRA,9999
ettocezt51-5c,Z1AE-ZT51-5C0,ZEBRA,9999
ettocezx7x-5c,Z1AE-ZX7X-5C0,ZEBRA,9999
ettocezx9-3,Z1AE-ZX9X-3C0,ZEBRA,9999
ettocezx9x-5c,Z1AE-ZX9X-5C0,ZEBRA,9999
ettocezxp7,Z1AE-ZX7X-3C0,ZEBRA,9999
ettocmobl,Z1AV-MOBL-2,ZEBRA,9999
ettocs411-3c,Z1AE-ZT411-3C0,ZEBRA,9999
ettocs411-5c,Z1AE-ZT411-5C0,ZEBRA,9999
ettocs421-3c,Z1AE-ZT421-3C0,ZEBRA,9999
ettocszt11-3c,Z1AS-ZT111-3C0,ZEBRA,9999
ettocszt11-5c,Z1AS-ZT111-5C0,ZEBRA,9999
ettocszt23-5c,Z1AS-ZT231-5C0,ZEBRA,9999
ettocszt411-3c,Z1AS-ZT411-3C0,ZEBRA,9999
ettocszt411-5c,Z1AS-ZT411-5C0,ZEBRA,9999
ettocszt421-3c,Z1AS-ZT421-3C0,ZEBRA,9999
ettocszt421-5c,Z1AE-ZT421-5C0,ZEBRA,9999
ettocszt4x-3c,Z1BS-ZT4X-300,ZEBRA,9999
ettocszt61-3,Z1AS-ZT61-300,ZEBRA,9999
ettocszt61-3c,Z1AS-ZT61-3C0,ZEBRA,9999
ettocszt62-3c,Z1AS-ZT62-3C0,ZEBRA,9999
ettozd4x1-5,Z1AE-ZD4X1-5C0,ZEBRA,9999
ettp1130666-2,P1130666-239C,ZEBRA,0
ettp1134555,P1134555-017C,ZEBRA,11
ettp4ramm,P1010338,ZEBRA,43
ettphze511,P1112750-009,ZEBRA,4
ettplpipe,P1112750-039,ZEBRA,2
ettprint4,79823,ZEBRA,4
ettqln220case,P1031365-044,ZEBRA,10
ettqln220hcchg,P1065668-010,ZEBRA,0
ettqln220hcukchg,P1065668-009,ZEBRA,78
ettqln320adap,P1031365-042,ZEBRA,2869
ettqln320adapus,P1031365-024,ZEBRA,0
ettqln320batchg,P1031365-041,ZEBRA,1317
ettqln320case,P1031365-029,ZEBRA,0
ettqln320hstrap,P1031365-027,ZEBRA,0
ettqln320ucab,P1031365-055,ZEBRA,77
ettqln420ac-uk,P1050667-019,ZEBRA,15
ettqln420ecrd,P1050667-020,ZEBRA,0
ettqln420forkcrd,P1050667-026,ZEBRA,38
ettqlnbatchg,SAC-MPP-6BCHEU1-01,ZEBRA,41
ettqlnecrd,P1065668-025,ZEBRA,0
ettqlnecrd-uk,P1065668-024,ZEBRA,0
ettqlnmount,P1050667-033,ZEBRA,23
ettqlnpsu,P1031365-035,ZEBRA,20
ettqlnpsu-eu,P1031365-047,ZEBRA,0
ettqlnstand,P1050667-038,ZEBRA,0
ettrw420belt,BT16899-1,ZEBRA,0
ettrwsstrap,P1051921,ZEBRA,237
ettstudio2c,CSR2C-SW00-L,ZEBRA,2
ettstudio2c-d,CSR2C-SW00-E,ZEBRA,9999
ettstudio2ce,CSR2E-UG0C-L,ZEBRA,0
ettstudio2e,CSR2E-SW00-L,ZEBRA,0
ettstudio2ek,CSR2E-SW00-E,ZEBRA,9999
ettstudio2ep,CSR2P-UG0E-L,ZEBRA,1
ettstudio2p,CSR2P-SW00-E,ZEBRA,9999
ettstudio2pc,CSR2P-SW00-L,ZEBRA,1
ettstudio2s,CSR2S-SW00-L,ZEBRA,5
ettstudio2se,CSR2E-UG0S-L,ZEBRA,0
ettstudio2se2,CSR2S-SW00-E,ZEBRA,9999
ettstudio2se3,CSR2E-UG0S-E,ZEBRA,9999
ettsuprds81,SUPR-DS81E000E-00,ZEBRA,0
ettucab,105850-006,ZEBRA,0
ettz1a5desk-3,Z1A5-DESK-3,ZEBRA,9999
ettz1a5hd4-3,Z1A5-HD4XXX-3000,ZEBRA,9999
ettz50012ph,P1046696-016,ZEBRA,108
ettz5004peroll,P1046696-059,ZEBRA,51
ettz5004phcon,P1046696-004,ZEBRA,0
ettz5004plroll,P1046696-072,ZEBRA,36
ettz5008ph,P1046696-099,ZEBRA,217
ettz500ps,P1046696-001,ZEBRA,0
ettz511ph12,P1112750-010,ZEBRA,0
ettzb200bts,ZB200-0E0,ZEBRA,0
ettzd220,ZD22042-D0EG00EZ,ZEBRA,954
ettzd220-2,ZD22042-D1EG00EZ,ZEBRA,43
ettzd220-3,ZD22042-T0EG00EZ,ZEBRA,265
ettzd220-4,ZD22042-T1EG00EZ,ZEBRA,19
ettzd230,ZD23042-31EG00EZ,ZEBRA,0
ettzd230-10,ZD23W42-D0EC00EZ,ZEBRA,0
ettzd230-11,ZD23W42-30EC00EZ,ZEBRA,0
ettzd230-12,ZD23042-32EG00EZ,ZEBRA,20
ettzd230-13,ZD23042-32EC00EZ,ZEBRA,66
ettzd230-14,ZD23042-31EC00EZ,ZEBRA,54
ettzd230-16,ZD23042-D1EC00EZ,ZEBRA,0
ettzd230-2,ZD23042-30EG00EZ,ZEBRA,13
ettzd230-3,ZD23042-30ED02EZ,ZEBRA,26
ettzd230-4,ZD23042-30EC00EZ,ZEBRA,356
ettzd230-5,ZD23042-D0EC00EZ,ZEBRA,645
ettzd230-6,ZD23042-D0ED02EZ,ZEBRA,60
ettzd230-7,ZD23042-D0EG00EZ,ZEBRA,31
ettzd230-8,ZD23042-D1EG00EZ,ZEBRA,0
ettzd230-9,ZD23042-D2EG00EZ,ZEBRA,0
ettzd410bat,P1080383-603,ZEBRA,175
ettzd410bhous,P1080383-602,ZEBRA,0
ettzd410core,P1079903-033,ZEBRA,12
ettzd410cut,P1079903-021,ZEBRA,0
ettzd410disp,P1079903-022,ZEBRA,7
ettzd411,ZD4A023-D0EE00EZ,ZEBRA,200
ettzd411-11,ZD4A023-T0EE00EZ,ZEBRA,50
ettzd411-12,ZD4A023-T0EM00EZ,ZEBRA,0
ettzd411-13,ZD4A023-T0EW02EZ,ZEBRA,0
ettzd411-2,ZD4AH23-D0EE00EZ,ZEBRA,49
ettzd411-3,ZD4A022-D0EM00EZ,ZEBRA,355
ettzd411-4,ZD4A022-D0EE00EZ,ZEBRA,1040
ettzd411-5,ZD4A022-T0EE00EZ,ZEBRA,139
ettzd411-6,ZD4A022-D0EW02EZ,ZEBRA,40
ettzd411-7,ZD4A022-T0EM00EZ,ZEBRA,59
ettzd411-9,ZD4A023-D0EM00EZ,ZEBRA,11
ettzd411hc,ZD4AH22-D0EE00EZ,ZEBRA,351
ettzd411hc-4,ZD4AH22-D0EX02EZ,ZEBRA,0
ettzd420bhous,P1080383-601,ZEBRA,97
ettzd420ccut,P1080383-042,ZEBRA,0
ettzd420kitup,P1080383-018,ZEBRA,462
ettzd420platr,P1080383-413,ZEBRA,23
ettzd421-3,ZD4A042-D0EX02EZ,ZEBRA,1038
ettzd421-4,ZD4A042-30EX02EZ,ZEBRA,0
ettzd421c,ZD4A042-C0EE00EZ,ZEBRA,12
ettzd421c-2,ZD4A042-C0EM00EZ,ZEBRA,4
ettzd421c-4,ZD4A043-C0EE00EZ,ZEBRA,21
ettzd421c-5,ZD4A043-C0EM00EZ,ZEBRA,0
ettzd421c-7,ZD4AH42-C0EE00EZ,ZEBRA,0
ettzd421c-9,ZD4AH43-C0EE00EZ,ZEBRA,0
ettzd421d,ZD4A042-D0EE00EZ,ZEBRA,1736
ettzd421d-10,ZD4A043-D0EX02EZ,ZEBRA,0
ettzd421d-11,ZD4AH42-D0EX02EZ,ZEBRA,0
ettzd421d-2,ZD4A042-D0EM00EZ,ZEBRA,863
ettzd421d-3,ZD4A042-D0EW02EZ,ZEBRA,2
ettzd421d-4,ZD4A043-D0EE00EZ,ZEBRA,181
ettzd421d-5,ZD4A043-D0EM00EZ,ZEBRA,0
ettzd421d-6,ZD4A043-D0EW02EZ,ZEBRA,0
ettzd421d-7,ZD4AH42-D0EE00EZ,ZEBRA,15
ettzd421d-9,ZD4AH43-D0EE00EZ,ZEBRA,3
ettzd421emod,P1112640-015,ZEBRA,142
ettzd421hph-12,P1112640-027,ZEBRA,0
ettzd421hph-8,P1112640-026,ZEBRA,0
ettzd421ph-12,P1112640-020,ZEBRA,89
ettzd421ph-8,P1112640-019,ZEBRA,21
ettzd421rsmod,P1112640-016,ZEBRA,249
ettzd421t,ZD4A042-30EE00EZ,ZEBRA,891
ettzd421t-10,ZD4A042-30EW02EZ,ZEBRA,0
ettzd421t-2,ZD4A043-30EE00EZ,ZEBRA,262
ettzd421t-3,ZD4A043-30EM00EZ,ZEBRA,200
ettzd421t-4,ZD4A043-30EW02EZ,ZEBRA,35
ettzd421t-5,ZD4AH42-30EE00EZ,ZEBRA,152
ettzd421t-7,ZD4AH43-30EE00EZ,ZEBRA,77
ettzd421t-9,ZD4A042-30EM00EZ,ZEBRA,183
ettzd421tcutter,P1112640-230,ZEBRA,354
ettzd421tdisp,P1112640-231,ZEBRA,119
ettzd421tph-12,P1112640-219,ZEBRA,46
ettzd421tph-8,P1112640-218,ZEBRA,221
ettzd421wifi,P1112640-239C,ZEBRA,0
ettzd42h-6,ZD42H42-T0EW02EZ,ZEBRA,41
ettzd46case,SG-DM-CASE2-01,ZEBRA,5
ettzd46caset,SG-DM-CASE1-01,ZEBRA,0
ettzd46cutter,P1112640-030,ZEBRA,87
ettzd46disp,P1112640-031,ZEBRA,468
ettzd4a022,ZD4A022-D0EX02EZ,ZEBRA,95
ettzd4a022-2,ZD4A022-T0EX02EZ,ZEBRA,0
ettzd4a042-2,ZD4A042-C0EX02EZ,ZEBRA,0
ettzd4a043,ZD4A043-30EX02EZ,ZEBRA,64
ettzd4x0kits,P1080383-443,ZEBRA,0
ettzd510-4,ZD51013-D0ER00FZ,ZEBRA,398
ettzd510ph,P1100266-003,ZEBRA,0
ettzd510platen,P1100266-008,ZEBRA,0
ettzd611-10,ZD6A123-T1EE00EZ,ZEBRA,0
ettzd611-12,ZD6A123-T2EE00EZ,ZEBRA,0
ettzd611-2,ZD6A122-T0EE00EZ,ZEBRA,0
ettzd611-4,ZD6A122-T1EE00EZ,ZEBRA,0
ettzd611-6,ZD6A122-T2EE00EZ,ZEBRA,0
ettzd611-8,ZD6A123-T0EE00EZ,ZEBRA,0
ettzd611d-10,ZD6A023-D0EE00EZ,ZEBRA,0
ettzd611d-12,ZD6A023-D1EE00EZ,ZEBRA,0
ettzd611d-14,ZD6A023-D2EE00EZ,ZEBRA,150
ettzd611d-2,ZD6A022-D0EE00EZ,ZEBRA,0
ettzd611d-3,ZD6A022-D1EB02EZ,ZEBRA,0
ettzd611d-4,ZD6A022-D1EE00EZ,ZEBRA,0
ettzd611d-6,ZD6A022-D2EE00EZ,ZEBRA,0
ettzd611d-8,ZD6A022-D4EE00EZ,ZEBRA,0
ettzd611dhc-2,ZD6AH22-D0EE00EZ,ZEBRA,0
ettzd611dhc-6,ZD6AH22-D2EE00EZ,ZEBRA,0
ettzd611hc-2,ZD6AH22-T0EE00EZ,ZEBRA,0
ettzd611hc-4,ZD6AH23-D0EE00EZ,ZEBRA,0
ettzd611hc-6,ZD6AH23-T0EE00EZ,ZEBRA,0
ettzd611r-2,ZD6A122-T0EER2EZ,ZEBRA,0
ettzd611r-4,ZD6A123-T0EER2EZ,ZEBRA,0
ettzd621,ZD6A042-D4EL02EZ,ZEBRA,0
ettzd621d,ZD6A042-D0EF00EZ,ZEBRA,430
ettzd621d-11,ZD6A142-D0EF00EZ,ZEBRA,74
ettzd621d-12,ZD6A142-D0EL02EZ,ZEBRA,0
ettzd621d-13,ZD6A142-D1EF00EZ,ZEBRA,0
ettzd621d-15,ZD6A142-D2EL02EZ,ZEBRA,0
ettzd621d-16,ZD6A143-D0EF00EZ,ZEBRA,7
ettzd621d-18,ZD6AH42-D0EF00EZ,ZEBRA,1
ettzd621d-19,ZD6AH42-D0EL02EZ,ZEBRA,0
ettzd621d-20,ZD6AH43-D0EF00EZ,ZEBRA,0
ettzd621d-22,ZD6A043-D2EF00EZ,ZEBRA,1
ettzd621d-24,ZD6A143-D0ER02EZ,ZEBRA,66
ettzd621d-25,ZD6A142-D2ER02EZ,ZEBRA,0
ettzd621d-3,ZD6A042-D1EF00EZ,ZEBRA,11
ettzd621d-4,ZD6A042-D2EF00EZ,ZEBRA,213
ettzd621d-6,ZD6A042-D4EF00EZ,ZEBRA,77
ettzd621d-7,ZD6A043-D0EF00EZ,ZEBRA,1
ettzd621d-9,ZD6A043-D4EF00EZ,ZEBRA,0
ettzd621euukc,ZD6A042-30ER02EZ,ZEBRA,223
ettzd621ph-12,P1112640-051,ZEBRA,0
ettzd621ph-8,P1112640-050,ZEBRA,56
ettzd621r,ZD6A142-30EFR2EZ,ZEBRA,15
ettzd621r-2,ZD6A142-31EFR2EZ,ZEBRA,0
ettzd621r-3,ZD6A142-32EFR2EZ,ZEBRA,0
ettzd621rsemod,P1112640-048,ZEBRA,0
ettzd621t,ZD6A042-30EF00EZ,ZEBRA,97
ettzd621t-10,ZD6A142-30EL02EZ,ZEBRA,39
ettzd621t-11,ZD6A142-31EF00EZ,ZEBRA,0
ettzd621t-12,ZD6A142-31EL02EZ,ZEBRA,0
ettzd621t-13,ZD6A142-32EF00EZ,ZEBRA,8
ettzd621t-15,ZD6A143-30EF00EZ,ZEBRA,269
ettzd621t-16,ZD6A143-30EL02EZ,ZEBRA,0
ettzd621t-17,ZD6A143-31EF00EZ,ZEBRA,0
ettzd621t-19,ZD6A143-32EF00EZ,ZEBRA,19
ettzd621t-2,ZD6A042-30EL02EZ,ZEBRA,48
ettzd621t-20,ZD6A143-32EL02EZ,ZEBRA,0
ettzd621t-21,ZD6AH42-30EF00EZ,ZEBRA,13
ettzd621t-22,ZD6AH43-30EF00EZ,ZEBRA,5
ettzd621t-23,ZD6AH43-30EL02EZ,ZEBRA,0
ettzd621t-24,ZD6A043-30ER02EZ,ZEBRA,0
ettzd621t-25,ZD6A143-30ERR2EZ,ZEBRA,0
ettzd621t-26,ZD6A142-32ER02EZ,ZEBRA,0
ettzd621t-27,ZD6AH43-30ER02EZ,ZEBRA,0
ettzd621t-3,ZD6A042-31EF00EZ,ZEBRA,4
ettzd621t-4,ZD6A042-32EF00EZ,ZEBRA,1
ettzd621t-5,ZD6A043-30EF00EZ,ZEBRA,146
ettzd621t-6,ZD6A043-30EL02EZ,ZEBRA,0
ettzd621t-7,ZD6A043-31EF00EZ,ZEBRA,0
ettzd621t-8,ZD6A043-32EF00EZ,ZEBRA,19
ettzd621t-9,ZD6A142-30EF00EZ,ZEBRA,95
ettzd621tcutter,P1112640-232,ZEBRA,47
ettzd621tdisp,P1112640-233,ZEBRA,55
ettzd621tph-12,P1112640-241,ZEBRA,78
ettzd621tph-8,P1112640-240,ZEBRA,72
ettzd621tr,ZD6A142-30ELR2EZ,ZEBRA,0
ettzd621tr-2,ZD6A143-30EFR2EZ,ZEBRA,0
ettzd621tr-4,ZD6A143-31EFR2EZ,ZEBRA,0
ettzd621tr-5,ZD6A143-32EFR2EZ,ZEBRA,1
ettzd6a022,ZD6A022-D0EQ02EZ,ZEBRA,0
ettzd6a042,ZD6A042-D0ER02EZ,ZEBRA,71
ettzd6a122,ZD6A122-T0EQ02EZ,ZEBRA,0
ettzd6a122-2,ZD6A122-T0EQR2EZ,ZEBRA,0
ettzd6a142,ZD6A142-30ER02EZ,ZEBRA,117
ettzd6a142-2,ZD6A142-D0ER02EZ,ZEBRA,222
ettzd6a142-3,ZD6A142-30ERR2EZ,ZEBRA,37
ettzd6a143,ZD6A143-30ER02EZ,ZEBRA,158
ettzdwmod,P1112640-017C,ZEBRA,80
ettze512ph12,P1112750-013,ZEBRA,0
ettze512ph8,P1112750-012,ZEBRA,0
ettze512plat,P1112750-040,ZEBRA,4
ettzkdu,ZKDU-001-00,ZEBRA,0
ettzpowcabuk,46637,ZEBRA,0
ettzq12bat,BTRY-MPV-24MA1-01,ZEBRA,0
ettzq12case,SG-MPV-SC31-01,ZEBRA,21
ettzq1chg4,P1070125-003,ZEBRA,1
ettzq2,ZQ21-A0E01KE-00,ZEBRA,1
ettzq2-2,ZQ21-A0E12KE-00,ZEBRA,0
ettzq22-3,ZQ22-B16B1KE-00,ZEBRA,73
ettzq25crd,CRD-MPV-5SC2EU1-01,ZEBRA,1
ettzq25crduk,CRD-MPV-5SC2UK1-01,ZEBRA,0
ettzq2bat,BTRY-MPV-15MA1-01,ZEBRA,0
ettzq2bclip,KIT-MPV-BLTCP21-05,ZEBRA,0
ettzq2case,SG-MPV-SC21-01,ZEBRA,3
ettzq2spacer,KIT-MPV-MD2SPR1-05,ZEBRA,0
ettzq2vholder,MNT-MPV-VHD21-01,ZEBRA,0
ettzq300bat,BTRY-MPM-22MA1-01,ZEBRA,36
ettzq300bltkit-5,KIT-MPM-BLTCLP5-01,ZEBRA,10
ettzq300crd-eu,CRD-MPM-1SCHGEU1-01,ZEBRA,42
ettzq300crd-uk,CRD-MPM-1SCHGUK1-01,ZEBRA,42
ettzq300crd5-eu,CRD-MPM-5SCHGEU1-01,ZEBRA,3
ettzq300crd5-uk,CRD-MPM-5SCHGUK1-01,ZEBRA,0
ettzq300sstrap,SG-MPM-SS231-01,ZEBRA,2
ettzq300vhdd,MNT-MPM-VHDRD1-01,ZEBRA,1
ettzq300vhdw,MNT-MPM-VHDRW1-01,ZEBRA,0
ettzq31-10,ZQ31-A0E14TE-00,ZEBRA,4
ettzq31-6,ZQ31-A0E03RE-00,ZEBRA,0
ettzq31-7,ZQ31-A0E04TE-00,ZEBRA,0
ettzq31-8,ZQ31-A0W03RE-00,ZEBRA,0
ettzq310lprtkit,KIT-MPM-PRZQ311-01,ZEBRA,12
ettzq31case,SG-MPM-SC21-01,ZEBRA,8
ettzq32-6,ZQ32-A0E04TE-00,ZEBRA,249
ettzq32-7,ZQ32-A0W03RE-00,ZEBRA,62
ettzq32-8,ZQ32-A0W04TE-00,ZEBRA,20
ettzq32-9,ZQ32-A0W13RE-00,ZEBRA,3
ettzq320pltkit,KIT-MPM-PLTRLR1-01,ZEBRA,8
ettzq320pltkit2,KIT-MPM-PLTRLR1-02,ZEBRA,0
ettzq32case,SG-MPM-SC31-01,ZEBRA,38
ettzq3chg,SAC-MPP-6BCHUK1-01,ZEBRA,44
ettzq3crd,SAC-MPM-1BCHGEU1-01,ZEBRA,0
ettzq3crd3,SAC-MPM-3BCHGEU1-01,ZEBRA,5
ettzq500chg4,P1063406-053,ZEBRA,86
ettzq500mds,P1063406-025,ZEBRA,0
ettzq500mount,P1063406-042,ZEBRA,0
ettzq500strap,P1063406-041,ZEBRA,0
ettzq511,ZQ51-BUW030E-00,ZEBRA,0
ettzq511-2,ZQ51-BUW001E-00,ZEBRA,0
ettzq511-3,ZQ51-BUW000E-00,ZEBRA,109
ettzq511-4,ZQ51-BUE100E-00,ZEBRA,0
ettzq511-5,ZQ51-BUE001E-00,ZEBRA,0
ettzq511-6,ZQ51-BUE000E-00,ZEBRA,35
ettzq511-7,ZQ51-BUW100E-00,ZEBRA,0
ettzq51cab,P1063406-034,ZEBRA,0
ettzq51dc,P1063406-030,ZEBRA,4
ettzq51dc2,P1063406-031,ZEBRA,92
ettzq521,ZQ52-BUW000E-00,ZEBRA,214
ettzq521-2,ZQ52-BUW100E-00,ZEBRA,19
ettzq521-3,ZQ52-BUW030E-00,ZEBRA,0
ettzq521-4,ZQ52-BUW002E-00,ZEBRA,16
ettzq521-5,ZQ52-BUE100E-00,ZEBRA,0
ettzq521-6,ZQ52-BUE001E-00,ZEBRA,0
ettzq521-7,ZQ52-BUE000E-00,ZEBRA,626
ettzq52bclip,P1063406-040,ZEBRA,26
ettzq52scase,P1063406-037,ZEBRA,22
ettzq52sstrap,P1063406-035,ZEBRA,24
ettzq5batelim,P1063406-061,ZEBRA,0
ettzq5crd-eu,SAC-MPP-3BCHGEU1-01,ZEBRA,505
ettzq5crd-uk,SAC-MPP-3BCHGUK1-01,ZEBRA,43
ettzq5exo,P1063406-043,ZEBRA,0
ettzq5exo2,P1063406-044,ZEBRA,52
ettzq5usb,P1063406-045,ZEBRA,31
ettzq5veh,P1063406-062,ZEBRA,52
ettzq61-10,ZQ61-AUWAE14-00,ZEBRA,153
ettzq61-11,ZQ61-HUFAE04-00,ZEBRA,0
ettzq61-12,ZQ61-HUWAE04-00,ZEBRA,0
ettzq61-14,ZQ61-AUXAE14-00,ZEBRA,604
ettzq61-16,ZQ61-HUXAE04-00,ZEBRA,32
ettzq61-18,ZQ61-AUX2E14-00,ZEBRA,0
ettzq61-9,ZQ61-AUFAE14-00,ZEBRA,0
ettzq610plat,KIT-MPP-PRZQ611-01,ZEBRA,0
ettzq61bat,BTRY-MPP-34MA1-01,ZEBRA,1277
ettzq61hcbat,BTRY-MPP-34MAHC1-01,ZEBRA,0
ettzq62,ZQ62-HUWAE00-00,ZEBRA,52
ettzq62-10,ZQ62-AUXAE14-00,ZEBRA,316
ettzq62-11,ZQ62-HUXAE04-00,ZEBRA,0
ettzq62-12,ZQ62-AUXAEC4-00,ZEBRA,0
ettzq62-13,ZQ62-AUX2E14-00,ZEBRA,0
ettzq62-5,ZQ62-AUFAE14-00,ZEBRA,26
ettzq62-6,ZQ62-AUWAE14-00,ZEBRA,0
ettzq62-7,ZQ62-HUWAE04-00,ZEBRA,0
ettzq62-8,ZQ62-AUWBE14-00,ZEBRA,0
ettzq620lpr,KIT-MPP-LPZQ621-01,ZEBRA,0
ettzq620plat,KIT-MPP-PRZQ621-01,ZEBRA,0
ettzq63-13,ZQ63-AUXAE14-00,ZEBRA,1440
ettzq63-14,ZQ63-RUXAE14-00,ZEBRA,0
ettzq63-17,ZQ63-AUX2E14-00,ZEBRA,0
ettzq63-19,ZQ63-RUXAE16-00,ZEBRA,0
ettzq63-6,ZQ63-AUFAE14-00,ZEBRA,2
ettzq63-7,ZQ63-AUW2E14-00,ZEBRA,0
ettzq63-8,ZQ63-AUWAE14-00,ZEBRA,0
ettzq63-9,ZQ63-RUWAE14-00,ZEBRA,0
ettzq630kit,KIT-MPP-RBDR1-15,ZEBRA,5
ettzq630lpr,KIT-MPP-LPZQ631-01,ZEBRA,4
ettzq630pr,KIT-MPP-PRZQ631-01,ZEBRA,4
ettzq63holw,SG-MPP-Q4HLSTR1-01,ZEBRA,0
ettzq63kitb,BTRY-MPP-68MA1-01,ZEBRA,623
ettzq6crd,SAC-MPP-1BCHGEU1-01,ZEBRA,93
ettzq6crd-uk,SAC-MPP-1BCHGUK1-01,ZEBRA,93
ettzr138batchg,CHG-MPV-SNGBC1-01,ZEBRA,0
ettzs300,ZS300-10031-0001,ZEBRA,0
ettzs300-2,ZS300-10021-0001,ZEBRA,0
ettzs300-3,ZS300-10011-0001,ZEBRA,0
ettzs300-4,ZS300-10001-0001,ZEBRA,0
ettzs300mag,P1130325-001,ZEBRA,0
ettzt11142,ZT11142-D0E000FZ,ZEBRA,64
ettzt11142-1,ZT11142-T0E000FZ,ZEBRA,46
ettzt11143,ZT11143-D0E000FZ,ZEBRA,11
ettzt11143-1,ZT11143-T0E000FZ,ZEBRA,13
ettzt220cut2,P1037974-069,ZEBRA,4
ettzt220prntserv,P1037974-001,ZEBRA,1
ettzt23142-10,ZT23142-T2E000FZ,ZEBRA,189
ettzt23142-11,ZT23142-T3E000FZ,ZEBRA,216
ettzt23142-2,ZT23142-D0E000FZ,ZEBRA,200
ettzt23142-3,ZT23142-D0EC00FZ,ZEBRA,0
ettzt23142-4,ZT23142-D1E000FZ,ZEBRA,1
ettzt23142-5,ZT23142-D2E000FZ,ZEBRA,0
ettzt23142-6,ZT23142-D3E000FZ,ZEBRA,229
ettzt23142-7,ZT23142-T0E000FZ,ZEBRA,418
ettzt23142-8,ZT23142-T0EC00FZ,ZEBRA,166
ettzt23142-9,ZT23142-T1E000FZ,ZEBRA,42
ettzt23143-1,ZT23143-D0E000FZ,ZEBRA,108
ettzt23143-2,ZT23143-D3E000FZ,ZEBRA,0
ettzt23143-3,ZT23143-T0E000FZ,ZEBRA,81
ettzt23143-4,ZT23143-T0EC00FZ,ZEBRA,66
ettzt23143-5,ZT23143-T1E000FZ,ZEBRA,39
ettzt23143-6,ZT23143-T2E000FZ,ZEBRA,124
ettzt23143-7,ZT23143-T3E000FZ,ZEBRA,40
ettzt23143-8,ZT23142-T0E00CFZ,ZEBRA,0
ettzt23143-9,ZT23143-T0E00CFZ,ZEBRA,0
ettzt400e,P1058930-074,ZEBRA,7
ettzt400p,P1058930-075,ZEBRA,0
ettzt400rf,P1058930-500C,ZEBRA,53
ettzt4101core,P1058930-086,ZEBRA,82
ettzt410cut-3,P1058930-189,ZEBRA,49
ettzt410lita,P1058930-052,ZEBRA,16
ettzt410ph12,P1058930-010,ZEBRA,260
ettzt410ph22,P1058930-022,ZEBRA,9
ettzt410ph224,P1058930-024,ZEBRA,0
ettzt410ph24,P1058930-011,ZEBRA,21
ettzt410ph248,P1058930-023,ZEBRA,0
ettzt410ph25,P1058930-025,ZEBRA,0
ettzt410ph8,P1058930-009,ZEBRA,271
ettzt410plroll,P1058930-080,ZEBRA,207
ettzt411-10,ZT41143-T0E0000Z,ZEBRA,242
ettzt411-11,ZT41143-T0E00C0Z,ZEBRA,52
ettzt411-12,ZT41143-T1E0000Z,ZEBRA,3
ettzt411-13,ZT41143-T2E0000Z,ZEBRA,92
ettzt411-14,ZT41143-T3E0000Z,ZEBRA,99
ettzt411-15,ZT41143-T4E0000Z,ZEBRA,310
ettzt411-16,ZT41146-T0E0000Z,ZEBRA,0
ettzt411-17,ZT41146-T4E0000Z,ZEBRA,0
ettzt411-18,ZT41143-T5E00C0Z,ZEBRA,54
ettzt411-2,ZT41142-T0E0000Z,ZEBRA,540
ettzt411-25,ZT41143-T0B0000Z,ZEBRA,0
ettzt411-3,ZT41142-T0E00C0Z,ZEBRA,0
ettzt411-33,ZT41146-D9E0000Z,ZEBRA,0
ettzt411-34,ZT41143-D9E0000Z,ZEBRA,14
ettzt411-35,ZT41142-D9E0000Z,ZEBRA,0
ettzt411-36,ZT41142-T0EG000Z,ZEBRA,266
ettzt411-4,ZT41142-T0EC000Z,ZEBRA,0
ettzt411-5,ZT41142-T1E0000Z,ZEBRA,41
ettzt411-6,ZT41142-T2E0000Z,ZEBRA,76
ettzt411-7,ZT41142-T3E0000Z,ZEBRA,129
ettzt411-8,ZT41142-T4E0000Z,ZEBRA,50
ettzt411-9,ZT41142-T5E00C0Z,ZEBRA,23
ettzt420bhous,P1080383-600,ZEBRA,109
ettzt420cut3,P1058930-190,ZEBRA,5
ettzt420ph12,P1058930-013,ZEBRA,50
ettzt420ph8,P1058930-012,ZEBRA,323
ettzt420plroll,P1058930-081,ZEBRA,59
ettzt421-10,ZT42163-T4E0000Z,ZEBRA,30
ettzt421-13,ZT42162-T0EG000Z,ZEBRA,123
ettzt421-2,ZT42162-T0E0000Z,ZEBRA,183
ettzt421-3,ZT42162-T0E00C0Z,ZEBRA,4
ettzt421-4,ZT42162-T0EC000Z,ZEBRA,24
ettzt421-5,ZT42162-T2E0000Z,ZEBRA,68
ettzt421-6,ZT42162-T4E0000Z,ZEBRA,27
ettzt421-7,ZT42163-T0E0000Z,ZEBRA,230
ettzt421-8,ZT42163-T0E00C0Z,ZEBRA,0
ettzt421-9,ZT42163-T2E0000Z,ZEBRA,0
ettzt510,ZT51042-T0E0000Z,ZEBRA,6
ettzt510-2,ZT51042-T0EC000Z,ZEBRA,6
ettzt510-3,ZT51042-T1E0000Z,ZEBRA,1
ettzt510-4,ZT51042-T2E0000Z,ZEBRA,0
ettzt510-5,ZT51043-T0E0000Z,ZEBRA,0
ettzt510-6,ZT51043-T0EC000Z,ZEBRA,0
ettzt510-7,ZT51043-T1E0000Z,ZEBRA,0
ettzt510-8,ZT51043-T2E0000Z,ZEBRA,6
ettzt510ph12,P1083347-006,ZEBRA,11
ettzt61012c,ZT61043-T1E0100Z,ZEBRA,7
ettzt61012r,ZT61043-T0E01C0Z,ZEBRA,6
ettzt61012re,ZT61043-T2E0100Z,ZEBRA,49
ettzt61012s,ZT61043-T0E0100Z,ZEBRA,8
ettzt61012te,ZT61046-T0E0100Z,ZEBRA,19
ettzt61012w,ZT61043-T0EC100Z,ZEBRA,0
ettzt61024r,ZT61046-T0E01C0Z,ZEBRA,0
ettzt61024re,ZT61046-T2E0100Z,ZEBRA,18
ettzt61042,ZT61042-T0EG100Z,ZEBRA,0
ettzt61043,ZT61043-T0EG100Z,ZEBRA,0
ettzt6108,ZT61042-T0E0100Z,ZEBRA,27
ettzt6108r,ZT61042-T0E01C0Z,ZEBRA,2
ettzt6108s,ZT61042-T2E0100Z,ZEBRA,0
ettzt610c,ZT61042-T1E0100Z,ZEBRA,0
ettzt610media,P1083320-059,ZEBRA,0
ettzt610rfid,P1083320-041C,ZEBRA,0
ettzt61a,ZT61A46-T0E0100Z,ZEBRA,5
ettzt61a-2,ZT61A46-T2E0100Z,ZEBRA,1
ettzt62062,ZT62062-T0EG100Z,ZEBRA,0
ettzt62063,ZT62063-T0EG100Z,ZEBRA,0
ettzt6208,ZT62062-T0E0100Z,ZEBRA,16
ettzt6208c,ZT62062-T1E0100Z,ZEBRA,0
ettzt6208r,ZT62062-T2E0100Z,ZEBRA,0
ettzt6208rfid,ZT62062-T0E01C0Z,ZEBRA,0
ettzt620cut2,P1083320-135,ZEBRA,0
ettzt6212,ZT62063-T0E0100Z,ZEBRA,39
ettzt6212c,ZT62063-T1E0100Z,ZEBRA,10
ettzt6212r,ZT62063-T2E0100Z,ZEBRA,57
ettzt6212rfid,ZT62063-T0E01C0Z,ZEBRA,0
ettzt6212rt,ZT62063-T2E0200Z,ZEBRA,10
ettzt6ph12,P1083320-016,ZEBRA,62
ettzt6ph8,P1083320-015,ZEBRA,32
ettzt6rewupgr,P1083320-085,ZEBRA,0
ettztplaten12,P1080383-223,ZEBRA,0
ettztplaten8,P1080383-222,ZEBRA,27
ettztwl,P1058930-097C,ZEBRA,3
evo10381,S10381,EVOLIS,1
evo10462,S10462,EVOLIS,0
evo112sd,EWAG112SD,EVOLIS,9999
evo1psu,A5008,EVOLIS,0
evoa5004,A5004,EVOLIS,0
evoac1,AC000001,EVOLIS,3
evoac10,AC000010,EVOLIS,0
evoac11,AC000011,EVOLIS,0
evoac12,AC000012,EVOLIS,0
evoac13,AC000013,EVOLIS,0
evoac14,AC000014,EVOLIS,0
evoac15,AC000015,EVOLIS,0
evoac2,AC000002,EVOLIS,15
evoac3,AC000003,EVOLIS,5
evoac4,AC000004,EVOLIS,0
evoac5,AC000005,EVOLIS,0
evoac6,AC000006,EVOLIS,0
evoac7,AC000007,EVOLIS,0
evoac8,AC000008,EVOLIS,0
evoactkey,S-CP1000EL,EVOLIS,9999
evoava,AV1H0000BD,EVOLIS,2
evoavamag,AV1HB000BD,EVOLIS,0
evobad2,B22U0000RS,EVOLIS,26
evobadgehoh3,1455700,EVOLIS,295
evocard30,C4001,EVOLIS,105
evocardbad20,CBGC0020W,EVOLIS,10
evocardbad30,CBGC0030W,EVOLIS,0
evocardbl,C4002,EVOLIS,5
evocardhico,C4003,EVOLIS,0
evocardloco,C4004,EVOLIS,0
evocardpp,C4512,EVOLIS,0
evocardrw,C5101,EVOLIS,0
evocardrwbl,C5201,EVOLIS,0
evocardsw,C8001,EVOLIS,140
evoclean,A5011,EVOLIS,2
evoclean10,ACL006,EVOLIS,0
evoclean12,ACL008,EVOLIS,37
evoclean2,A5002,EVOLIS,10
evoclean3,A5003,EVOLIS,0
evoclean4,ACL003,EVOLIS,40
evoclean5,ACL005,EVOLIS,76
evoclean6,ACL002,EVOLIS,193
evoclean7,ACL001,EVOLIS,21
evoclean8,A5070,EVOLIS,0
evoclean9,ACL004,EVOLIS,81
evoclearcv,LVA038NAA,EVOLIS,0
evoclmagilia-2,S10474,EVOLIS,0
evoedi,EA2U0000BS-BS001,EVOLIS,0
evoedicard,C8122,EVOLIS,0
evoedicard2,C8152,EVOLIS,16
evoedicard3,C4101,EVOLIS,0
evoedicard4,C4301,EVOLIS,0
evoedicard5,C4401,EVOLIS,0
evoedid,ED1H0000CD-BS003,EVOLIS,0
evoedif,EF1H0000XS-BS002,EVOLIS,11
evoediga,EA2U0000BS-BS011,EVOLIS,7
evoedigf,EF1H0000XS-BS012,EVOLIS,1
evoghcv,LVA036NAA,EVOLIS,6
evoghpatch,LPS029NAA,EVOLIS,2
evogrrib,RCT214NAAA,EVOLIS,90
evoidalle1,IDALL-E1,EVOLIS,9999
evoidallp1,IDALL-P1,EVOLIS,0
evoidallp2,IDALL-P2,EVOLIS,9999
evoidallp3,IDALL-P3,EVOLIS,9999
evoidallp33,IDALL-P33,EVOLIS,0
evoidallp34,IDALL-P34,EVOLIS,9999
evoidalltux,IDALL-TUXXSLITEE1,EVOLIS,0
evoidalltux1,IDALL-TUXXSE1,EVOLIS,0
evoidalltux2,IDALL-TUXSE2,EVOLIS,0
evoidalltux3,IDALL-TUXME3,EVOLIS,0
evoidalltux4,IDALL-TUXLE4,EVOLIS,0
evoidallu12,IDALL-U12,EVOLIS,9999
evoidallu13,IDALL-U13,EVOLIS,9999
evoidallu14,IDALL-U14,EVOLIS,9999
evoidallu23,IDALL-U23,EVOLIS,0
evoidallu24,IDALL-U24,EVOLIS,0
evoidallu34,IDALL-U34,EVOLIS,0
evoidallup323,IDALL-UP323,EVOLIS,0
evoidallup324,IDALL-UP324,EVOLIS,0
evoidallup334,IDALL-UP334,EVOLIS,0
evolanyard,1437241,EVOLIS,8
evolanyard7,1437244,EVOLIS,5
evolanyard8,1437240,EVOLIS,3
evopaper1,C2501,EVOLIS,0
evopaper5,C2511,EVOLIS,0
evopatch,LPS032NAA,EVOLIS,2
evopatch3,LPS034NAA,EVOLIS,0
evopmy2dual,PMY2-KTDS,EVOLIS,10
evopri2,PM2-0001-E,EVOLIS,14
evopri2-2,PM2-0003-E,EVOLIS,3
evopri2-3,PM2-0011,EVOLIS,0
evopri2-4,PM2-0012,EVOLIS,0
evopri2-5,PM2-0002-E,EVOLIS,3
evopri2-6,PM2-0013-E,EVOLIS,0
evopri2cho,S10388,EVOLIS,0
evopri2d,PM2-0025-E,EVOLIS,12
evopri2d-13,PM2-0019,EVOLIS,3
evopri2d-2,PM2-0026-E,EVOLIS,0
evopri2d-3,PM2-0035,EVOLIS,0
evopri2d-4,PM2-0036,EVOLIS,0
evopri2d-7,PM2-0031,EVOLIS,5
evopri2dgo,PM2D-GP3-E,EVOLIS,0
evopri2go,PM2S-GP2-E,EVOLIS,0
evopri2s,PM2-0005,EVOLIS,0
evopri2s-3,PM2-0007,EVOLIS,0
evopri2s-4,PM2-0008,EVOLIS,0
evopriclm,S10212,EVOLIS,0
evopridual,PMY1-KTDS,EVOLIS,0
evopriwar1,EWPR112SD,EVOLIS,0
evoprizenmag,S10108,EVOLIS,0
evoquant2co,QTM306GRH-BS,EVOLIS,0
evorct219,RCT219NAAA,EVOLIS,0
evorib250p,R6F207NAAA,EVOLIS,22
evos10084,S10084,EVOLIS,5
evos10112,S10112,EVOLIS,0
evos10170,S10170,EVOLIS,0
evos10293,S10293,EVOLIS,0
evoscp0905,S-CP0905,EVOLIS,9999
evoscp0915,S-CP0915,EVOLIS,9999
evoscp0925,S-CP0925,EVOLIS,9999
evoscp0935,S-CP0935,EVOLIS,9999
evoscp0945,S-CP0945,EVOLIS,9999
evoscp1005,S-CP1005,EVOLIS,9999
evoscp1015,S-CP1015,EVOLIS,9999
evoscp1025,S-CP1025,EVOLIS,9999
evoscp1035,S-CP1035,EVOLIS,9999
evoscp1115,S-CP1115,EVOLIS,9999
evoscp1125,S-CP1125,EVOLIS,9999
evoscp1135,S-CP1135,EVOLIS,9999
evoscp1215,S-CP1215,EVOLIS,9999
evoscp1225,S-CP1225,EVOLIS,9999
evoscp2215,S-CP2215,EVOLIS,9999
evosig100,ST-BE105-2-UEVL,EVOLIS,68
evosig100bundle,ST-BE105-2-UEVL-MB1,EVOLIS,0
evosig100l,ST-LTE105-2-UEVL,EVOLIS,21
evosig200,ST-CE1075-2-UEVL,EVOLIS,26
evosig200bundle,ST-CE1075-2-UEVL-MB1,EVOLIS,0
evosignosign,L8500,EVOLIS,9999
evotat2con,TTR201BBH-00HS,EVOLIS,0
evotat2mag2,TTR201BBH-M,EVOLIS,0
evotat2rw,TTR201BBH,EVOLIS,2
evowarbdg1,EWBD212SD,EVOLIS,0
evowarbdg2,EWBD224SD,EVOLIS,0
evowarpri1,EWPL112SD,EVOLIS,0
evowarzen2,EWZN124SD,EVOLIS,0
evozen2c,ZN2-0001-E,EVOLIS,16
evozen2e,ZN2-0002,EVOLIS,20
evozen2go,ZN2-GP-E,EVOLIS,0
evozencl,ZN1U0000RS,EVOLIS,40
evozencl2,ZN1U0000TS,EVOLIS,0
evozenec2,ZN1H00HSRS,EVOLIS,0
evozener,ZN1H0000RS,EVOLIS,12
evozengo,ZN1U-GP1,EVOLIS,0
evozenm,ZN1HB000RS,EVOLIS,0
evozenwar1,EWZN112SD,EVOLIS,0
evozipcordb,1437100,EVOLIS,1
fbeps3400,C33S020464,EPSON,127
fbeps3400bk,C33S020490,EPSON,0
fbeps3500b,C33S020601,EPSON,186
fbeps3500cy,C33S020602,EPSON,4127
fbeps3500ma,C33S020603,EPSON,4029
fbeps3500yel,C33S020604,EPSON,3648
fbeps4000bk,C13T52M140,EPSON,-72
fbeps4000cy,C13T52M240,EPSON,241
fbeps4000ma,C13T52M340,EPSON,-156
fbeps4000mk,C13T52M540,EPSON,-50
fbeps4000ye,C13T52M440,EPSON,189
fbeps6000b,C13T44C140,EPSON,2426
fbeps6000cy,C13T44C240,EPSON,1274
fbeps6000ma,C13T44C340,EPSON,2128
fbeps6000mk,C13T44C540,EPSON,324
fbeps6000yel,C13T44C440,EPSON,1360
fbeps6500bl,C13T58C140,EPSON,0
fbeps6500cy,C13T58C240,EPSON,0
fbeps6500ma,C13T58C340,EPSON,0
fbeps6500yel,C13T58C440,EPSON,1423
fbeps710,C33S020591,EPSON,0
fbeps71r,C33S020405,EPSON,35
fbeps7700-2,C33S020700,EPSON,5758
fbeps831b,C13S020563,EPSON,171
fbeps831c,C13S020564,EPSON,172
fbeps831m,C13S020565,EPSON,160
fbeps831y,C13S020566,EPSON,112
fbepsc7500b,C33S020618,EPSON,246
fbepsc7500cy,C33S020619,EPSON,115
fbepsc7500gb,C33S020639,EPSON,865
fbepsc7500gcy,C33S020640,EPSON,388
fbepsc7500gma,C33S020641,EPSON,463
fbepsc7500gye,C33S020642,EPSON,463
fbepsc7500ma,C33S020620,EPSON,119
fbepsc7500ye,C33S020621,EPSON,147
fbepsc8000bk,C13T55P140,EPSON,9
fbepsc8000cy,C13T55P240,EPSON,154
fbepsc8000ma,C13T55P340,EPSON,149
fbepsc8000mbk,C13T55P540,EPSON,239
fbepsc8000ye,C13T55P440,EPSON,233
fberc05,C43S015352,EPSON,151
fberc09,C43S015354,EPSON,361
fberc22l,C43S015358,EPSON,119
fberc23,C43S015360,EPSON,3
fberc27,C43S015366,EPSON,183
fberc31,C43S015369,EPSON,12
fberc32,C43S015371,EPSON,0
fberc35b,C43S015453,EPSON,64
fberc38,C43S015374,EPSON,483
fberc38sr,C43S015376,EPSON,1195
fbevo4c,R3011,EVOLIS,50
fbevo4c05,R3013,EVOLIS,0
fbevo4c2,R3511,EVOLIS,21
fbevo6c,R3314,EVOLIS,0
fbevo6cq,R3514,EVOLIS,0
fbevoa12c,RT5F012NAA,EVOLIS,0
fbevoa4c,RT4F010EAA,EVOLIS,54
fbevoa5c,RT5F011EAA,EVOLIS,0
fbevoa5cuv,RT5F014NAA,EVOLIS,0
fbevoaclear,RTCL009NAA,EVOLIS,78
fbevobad2,CBGP0001C,EVOLIS,10
fbevobad3,CBGR0100C,EVOLIS,309
fbevobad4,CBGR0500K,EVOLIS,2
fbevobad6,CBGR0500F,EVOLIS,11
fbevoblack,R2011,EVOLIS,27
fbevoblack11,RCT081NAA,EVOLIS,26
fbevoblack13,RTCT107NAAA,EVOLIS,1
fbevoblack2,R3012,EVOLIS,0
fbevoblack4,R2131,EVOLIS,64
fbevoblack5,RCT023NAA,EVOLIS,260
fbevoblack6,RCT025NAA,EVOLIS,0
fbevoblack7,RCT223NAAA,EVOLIS,145
fbevoblack9,RCT094NAA,EVOLIS,0
fbevoblaflex,R2029,EVOLIS,9
fbevoblaflex2,RCT019NAA,EVOLIS,38
fbevoblue,R2012,EVOLIS,7
fbevoblue2,RCT012NAA,EVOLIS,8
fbevoblue3,RCT212NAAA,EVOLIS,4
fbevoclear,LPS028NAA,EVOLIS,0
fbevoedi,RCT052NAA,EVOLIS,47
fbevogold,R2016,EVOLIS,1
fbevogold2,RCT016NAA,EVOLIS,11
fbevogold3,RCT216NAAA,EVOLIS,5
fbevogreen,R2014,EVOLIS,0
fbevogreen2,RCT014NAA,EVOLIS,9
fbevohc,R5H004NAA,EVOLIS,0
fbevohc2,R5H204E100,EVOLIS,0
fbevohn,RT5F013NAA,EVOLIS,0
fbevoholo-2,R4002,EVOLIS,0
fbevoholo-3,RVA022NAA,EVOLIS,0
fbevohs,R4213,EVOLIS,0
fbevokco,R6F203E100,EVOLIS,9
fbevomono,R2018,EVOLIS,4
fbevomono2,RCT018NAA,EVOLIS,0
fbevopri,R5F208E100,EVOLIS,502
fbevopri2,N5F208E100,EVOLIS,0
fbevopri3,R5F202E100,EVOLIS,0
fbevopri4,N6F203E100,EVOLIS,0
fbevopri6,R6F003EAA,EVOLIS,55
fbevopri7,R7H006NAA,EVOLIS,0
fbevopri8,R7H206NAAA,EVOLIS,9
fbevops,R4211,EVOLIS,0
fbevops1,R4221,EVOLIS,1
fbevored,R2013,EVOLIS,0
fbevored2,RCT013NAA,EVOLIS,0
fbevosil2,RCT217NAAA,EVOLIS,0
fbevosilve,R2017,EVOLIS,0
fbevotsi2,RCT017NAA,EVOLIS,10
fbevowhite,R2015,EVOLIS,283
fbevowhite2,R2030,EVOLIS,0
fbevowhite3,RCT015NAA,EVOLIS,90
fbevowhite4,RCT021NAA,EVOLIS,3
fbevowhite5,RCT215NAAA,EVOLIS,19
fbevowhite6,RCT221NAAA,EVOLIS,4
fbsecclvar,R4212,EVOLIS,6
fbzen2,R5F002EAA,EVOLIS,555
fbzen3,R5F008EAA,EVOLIS,488
fbzenblo6,R2F210NAAA,EVOLIS,1
fbzenblol6,R2F010NAA,EVOLIS,0
get100wapc,GAT1E1,GETAC,0
get1216adapt,54138307G001,GETAC,0
geta140bag,GMBCX7,GETAC,30
geta140bat,GBM3X3,GETAC,3
geta140dock5,543314010002,GETAC,0
geta140dock8,543314010502,GETAC,0
geta140gjdock,543314010505,GETAC,1
geta140sstrap,GMS2X6,GETAC,2
geta140svc,GE-SVLFBBP5Y,GETAC,9999
geta140vdock,543314010501,GETAC,0
getacadapt-eu,GAA6E5,GETAC,94
getacadapt-uk,GAA6K5,GETAC,13
getacadpt2,4421270G0008,GETAC,51
getacmil,GAAGE4,GETAC,3
getacuk,GAA1K3,GETAC,0
getadappl,592GUK000041,GETAC,0
getantenna2,592GUK000208,GETAC,4
getarm,592GUK000063,GETAC,0
getb300bay3,GBS9X1,GETAC,7
getb300extchg2,GCSCE1,GETAC,5
getb300g7-40,GDOFKZ,GETAC,2
getb300offdock3,GDOFEZ,GETAC,4
getb360-13,BM21Z4B4BDFX,GETAC,1
getb360-131,BV3164B4BDGX,GETAC,0
getb360-132,BV1164B4BRGX,GETAC,0
getb360-133,BV3166B4BJGX,GETAC,0
getb360-134,BV1164B4BDAJ,GETAC,0
getb360-6,BM21Z4BEBDGX,GETAC,1
getb360120weu,GAA3E2,GETAC,0
getb360120wuk,GAA3K2,GETAC,0
getb36090weu,GAAGE5,GETAC,0
getb36090wuk,GAAGK5,GETAC,0
getb360film,GMPFXP,GETAC,10
getb360g3,BV1164B4BDGX,GETAC,0
getb360g3-2,BV1164B3BDGX,GETAC,0
getb360g3-3,BV1164BMBDGX,GETAC,0
getb360g3-4,BV1164BSBDGX,GETAC,0
getb360g3-5,BV1164BDBDGX,GETAC,0
getb360g3-6,BV1164BNBDGX,GETAC,0
getb360g3-7,BV3166B4BDGX,GETAC,0
getb360g3-8,BV1164BNBRGX,GETAC,0
getb360g3batt,GBM4X5,GETAC,0
getb360offdock,GDODE1,GETAC,1
getb360prohibat,GBM6X5,GETAC,0
getbtkeyboard,592GUK000129,GETAC,8
getcab162,590GBL000162,GETAC,0
getcon560,590GBL001560,GETAC,38
getcrnfx5y,GE-SVCRNFX5Y,GETAC,9999
getdclaml,590GBL000052,GETAC,0
getds100dock-2,GDDSE2,GETAC,0
getds100dock-uk,GDDSK2,GETAC,0
getdsu,OSGDX1XXCXXX,GETAC,9999
getex80h,GMPHX1,GETAC,5
getex80rhstrap,GMHRXA,GETAC,1
getf110bat2,GBM3X5,GETAC,41
getf110extchg,GCMCE7,GETAC,137
getf110g5vcrad,543391800504,GETAC,0
getf110g5vdockea,543391800502,GETAC,25
getf110g6-83,GDKBBL,GETAC,0
getf110g6bat,GBM6X7,GETAC,79
getf110g6batchg,GCMCEL,GETAC,9
getf110g6bbattch,GCECEN,GETAC,0
getf110g6ex-34,FP3A66TI3AHI,GETAC,7
getf110g6handle,GMHDX6,GETAC,0
getf110g6hsks,GMHRXJ,GETAC,28
getf110g6keyb-us,GDKBUL,GETAC,0
getf110g6odock,GDODE7,GETAC,11
getf110g6odock-uk,GDODK7,GETAC,0
getf110g6offd,GDOD27,GETAC,0
getf110g6powadapuk,GAA9K6,GETAC,5
getf110g6psu-eu,GAA9E6,GETAC,37
getf110g6scr,GMPFXR,GETAC,0
getf110g6stbat,GBM3X7,GETAC,109
getf110g6vdock,543391800014,GETAC,0
getf110g6vdock2,543391800002,GETAC,13
getf110g6vdock3,543391800501,GETAC,121
getf110g6vdock4,543391800013,GETAC,3
getf110g7-101,FT6A66TI1LHS,GETAC,0
getf110g7-116,FTA154JI1XXX,GETAC,3
getf110g7-119,FTBQ64TI1DXX,GETAC,0
getf110g7-126,FTA154JI1DZS,GETAC,13
getf110g7-13,FTB166TI1MMX,GETAC,0
getf110g7-14,FT7164TI1MMX,GETAC,0
getf110g7-15,FTB164JI1QXX,GETAC,0
getf110g7-16,FTB166TI1QMX,GETAC,0
getf110g7-171,FT7Q64TI1LMX,GETAC,0
getf110g7-3,FTA154JI1DXX,GETAC,91
getf110g7-35,FTA154TI1KLX,GETAC,12
getf110g7-4,FTA164JI1DXX,GETAC,17
getf110g7-5,FTA154JI1DMX,GETAC,5
getf110g7-57,FTB164JI1MXX,GETAC,0
getf110g7-8,FTA164JI1MXX,GETAC,0
getf110g7-88,FT6164JI1MXX,GETAC,0
getf110g7-98,FTBQ66TI3DHA,GETAC,0
getf110g7ex-17,FTAQ66TI1PXS,GETAC,0
getf110g7ex-18,FTAQ66TI1PXX,GETAC,0
getf110g7ex-19,FTBQ66TI1PXS,GETAC,0
getf110g7ex-20,FTBQ66TI1PXX,GETAC,0
getf110g7ex-6,FTBQ64TI1DMX,GETAC,0
getf110g7ex-8,FTBQ64TI1DHS,GETAC,0
getf110g7ssd,GSSEXA,GETAC,11
getf110g7strap,GMHRXM,GETAC,0
getf110gjdock2,543385710502,GETAC,2
getf110kbd01,GDKBNL,GETAC,0
getf110keyb-fr3,GDKBDL,GETAC,0
getf110keyb-uk2,GDKBCL,GETAC,0
getf110offd6,GDOFKT,GETAC,1
getf110ph,543385710021,GETAC,2
getf110strap4,GMS2X4,GETAC,17
getf110vehcrd,543391800003,GETAC,0
getf110vehmount3,543385710503,GETAC,1
getf110vrcd,543391800503,GETAC,63
getf120,FW1764WI1DXX,GETAC,35
getf120-2,FW1764GI1BXX,GETAC,0
getf120bat,GBM3X8,GETAC,0
getf120g6dchg-eu,GCMCET,GETAC,0
getf120g6dchg-uk,GCMCKT,GETAC,0
getf120key-de,GDKBBS,GETAC,0
getf120key-fr,GDKBDS,GETAC,0
getf120key-uk,GDKBCS,GETAC,0
getf120key-us,GDKBUS,GETAC,0
getf120protfilm,GMPFXX,GETAC,0
getf120tabhan,GMHDXC,GETAC,0
getg140,GX2764WI1DXX,GETAC,0
getg140-10,GX6776WI1JXX,GETAC,0
getg140-11,GX6776WI1DCX,GETAC,0
getg140-12,GX6779WI1BXX,GETAC,0
getg140-2,GX2764WI1KXX,GETAC,0
getg140-3,GX2764WI1JXX,GETAC,0
getg140-4,GX2764WI1DCX,GETAC,0
getg140-5,GX2774WI1DXX,GETAC,0
getg140-6,GX2764WI1BXX,GETAC,0
getg140-7,GX2764WI1BSX,GETAC,0
getg140-8,GX6776WI1DXX,GETAC,0
getg140-9,GX6776WI1DSX,GETAC,0
getguard,590GBL000139,GETAC,6
getk120-27,GSS1X8,GETAC,2
getk120-75,KTA264W8XKXX,GETAC,0
getk1208batchg2,GCECEA,GETAC,0
getk1208batchg3,GCECKA,GETAC,0
getk120bat,GBM4X4,GETAC,33
getk120batchguk,GCMCKF,GETAC,0
getk120batcrg-eu,GCMCEF,GETAC,1
getk120docklap-eu,GDOFEM,GETAC,4
getk120exscrpro,GMPXX6,GETAC,2
getk120g2-rkdockeu,GDKBNJ,GETAC,6
getk120g2offdock-eu,GDODE5,GETAC,0
getk120g2offdock-uk,GDODK5,GETAC,15
getk120g2rex-7,KP8164WIXDAX,GETAC,1
getk120g3,KTA164V8XKXX,GETAC,16
getk120g3-2,KTA164V8X4XX,GETAC,0
getk120g3-21,KTA164V8XQXX,GETAC,0
getk120g3-22,KTA164W8XQXX,GETAC,0
getk120g3-3,KTB166V8XKEX,GETAC,0
getk120g3-4,KTA164W8X4XX,GETAC,0
getk120g3keybd-5,GDKBDN,GETAC,0
getk120gjdock,543314200601,GETAC,0
getk120havdock,543314200101,GETAC,0
getk120scrpro,GMPFXJ,GETAC,0
getk120shldhrns,GMS4X4,GETAC,31
getk120shldstrap,GMS2X8,GETAC,0
getk120stbat,GBM3X4,GETAC,14
getk120stylus,GMPSXN,GETAC,44
getk120vcrdl2,543314200603,GETAC,8
getk120vdock2,543314200605,GETAC,0
getk120vdock3,543314200606,GETAC,0
getk120vdock7,543314200602,GETAC,0
getk120vdock8,543314200102,GETAC,0
getlinddc,592GUK000016,GETAC,0
getlinddc2,592GUK000017,GETAC,24
getlinddc70,592GUK000018,GETAC,0
getlowpro,590GBL000238,GETAC,6
getmount13,590GBL000200,GETAC,0
getmount14,590GBL000362,GETAC,0
getmount4,592GUK000015,GETAC,4
getmx50p-us,MD75H2DB5A1J,GETAC,5
getpcmount,590GBL000684,GETAC,2
getramd225,590GBL000166,GETAC,4
getrx10h-8chg,GCECE8,GETAC,1
getrx10hprot,GMPFXB,GETAC,20
getrx10hsb,GOHSX2,GETAC,39
getrx10hstand,GOKSX2,GETAC,2
getrx10sb,GOHSX1,GETAC,17
getrx10strap,GOHKX1,GETAC,14
gets410bat2,GBS6X1,GETAC,0
gets410batchg3,GCMCEB,GETAC,4
gets410dvd,GSROX4,GETAC,0
gets410ext-uk,GCMCKB,GETAC,1
gets410film,GMPFXC,GETAC,5
gets410g3offdock,GDODE4,GETAC,0
gets410g4bat,GBM6X6,GETAC,44
gets410g4batch,GCMCEJ,GETAC,4
gets410g4battchuk,GCMCKJ,GETAC,0
gets410g4dbat,GCMCEK,GETAC,0
gets410g5-157,ST2L5ADSSDXX,GETAC,0
gets410havdock,543387680029,GETAC,0
gets410pcov,GMPFXN,GETAC,0
gets410stylus,GMPSXE,GETAC,3
gets410vehdc,GAD2X4,GETAC,239
gets510-116,SU4N6CQ4SJX5,GETAC,1
gets510-117,SU1N6CQ4SPXX,GETAC,0
gets510-129,SU1N6CQDSDXX,GETAC,0
gets510-18,SU1N6CQ4SFXX,GETAC,0
gets510-19,SU4N6CQYSQXX,GETAC,0
gets510-24,SU4N6CQ4SQXX,GETAC,0
gets510-29,SU1N6CQNSFXX,GETAC,0
gets510-33,SU1N6CQ3SFXX,GETAC,0
gets510-35,SU1N7CQ4SDCX,GETAC,0
gets510-38,SU1D6CQNSFXX,GETAC,0
gets510-41,SU676A34SDX5,GETAC,0
gets510-48,SU1D6CQ3SFXX,GETAC,0
gets510-6,SU1N6CQ3SDXX,GETAC,0
gets510-61,SU1D6CQ4SFXX,GETAC,0
gets510-74,SU1N6CQSSDXX,GETAC,0
gets510-76,SU676A33SDX5,GETAC,0
gets510-8,SU1N6CQ4SDXX,GETAC,0
gets510-88,SU1D6A34SDX5,GETAC,0
gets5101tb,GSSGXD,GETAC,0
gets510256ssd,GSSEXB,GETAC,0
gets510512ssd,GSSFXC,GETAC,0
gets510ad,SX176A34SDXX,GETAC,32
gets510bat,GBM6X9,GETAC,0
gets510batchg2,GCMCEP,GETAC,2
gets510batchg2uk,GCMCKP,GETAC,5
gets510batchg8,GCECEQ,GETAC,0
gets510dvd,GSROXC,GETAC,8
gets510film,GMPFXW,GETAC,11
gets510stylus,GMPSXW,GETAC,2
getsrext1y,GE-SVSREXT1Y,GETAC,9999
getsrnfx4y,GE-SVSRNFX4Y,GETAC,9999
getsrnfx5y,GE-SVSRNFX5Y,GETAC,9999
getsvckbfx-5,GE-SVKBNFX5Y,GETAC,9999
getsvdkex2y,GE-SVDKEXT2Y,GETAC,9999
gett8008baychg2,GCECEB,GETAC,3
gett800batchg,GCMCE5,GETAC,11
gett800brhold,543312210013,GETAC,2
gett800hstrap2,GMHSX9,GETAC,8
gett800pen2,GMPDX7,GETAC,0
gett800sbbat,GBS4X1,GETAC,7
gett800sbrf,GORSX1,GETAC,8
gett800strap2,GMS2X2,GETAC,3
gett800vehmount,543312210009,GETAC,26
gett800vmount2,543312210030,GETAC,23
gettbnfx5y,GE-SVTBNFX5Y,GETAC,9999
getux108batch2,GCECKK,GETAC,7
getux10bat,GBM6X4,GETAC,40
getux10bttch,GCMCEG,GETAC,2
getux10dock,543314110001,GETAC,35
getux10g2-74,UM51S6VIXDXX,GETAC,6
getux10g2film,GMPFXQ,GETAC,5
getux10g3-137,USC154WIXDXE,GETAC,0
getux10g3dock-3,GDKBUH,GETAC,1
getux10g3fcase,GMBCXA,GETAC,0
getux10g5-10,UW2764VIXDXX,GETAC,0
getux10g5-11,UW1764VIXDZX,GETAC,0
getux10g5-12,UW1764VIX1XX,GETAC,0
getux10g5-13,UW1764VIX9XX,GETAC,0
getux10g5-14,UW3764VIXDLX,GETAC,0
getux10g5-15,UW2964VIX9XX,GETAC,0
getux10g5-16,UW1764VIXTXX,GETAC,0
getux10g5-17,UW1764VIXUXX,GETAC,0
getux10g5-18,UW1766VIX1ZX,GETAC,0
getux10g5-3,UW1764VIXDXX,GETAC,0
getux10g5-31,UW3764VIXDXX,GETAC,0
getux10g5-6,UW1764VIXDSX,GETAC,0
getux10g5-7,UW1C64VIXDSX,GETAC,0
getux10g5-9,UW1764VIXDLX,GETAC,0
getux10gjcrd,543314111003,GETAC,0
getux10harness,GMS4X5,GETAC,8
getux10havdock,543314110002,GETAC,0
getux10hcbat,GBM9X5,GETAC,39
getux10keybde,GDKBB8/541314115004,GETAC,8
getux10offdock3,GDOD2A,GETAC,2
getux10offdock4,GDODEA,GETAC,2
getux10pen2,GMPDX6,GETAC,33
getux10powadap,GAA9E5,GETAC,1
getux10powadapuk,GAA9K5,GETAC,0
getux10rhstrap,GMHRXK,GETAC,28
getux10sstrap,GMS2X9,GETAC,3
getv110bag,GMBCX2,GETAC,10
getv110film,GMPFX4,GETAC,1
getv110g4-30,VG21ZCK4BPBX,GETAC,5
getv110vcrd,543312900006,GETAC,0
getv110vdock,543312900001,GETAC,1
getv110vdock2,543312900002,GETAC,0
getv110vehcrd3,543312900021,GETAC,0
getv110vm,543312900015,GETAC,0
getv120-15,VV416YEMBDBX,GETAC,0
getv120-19,VV116YE4BDBA,GETAC,0
getv120-21,VV116YE3BDBA,GETAC,0
getv120-23,VV116YEDBDBA,GETAC,0
getv120-26,VV116YESBDBA,GETAC,0
getv120bat,GBM2X4,GETAC,0
getv120handle,GMHDXD,GETAC,0
getv120handle-2,GMHDX7,GETAC,0
getveadap,GAD2X8,GETAC,280
getx500g3ac-eu,GAA1E3,GETAC,0
getx500g3rbat,GBS9X5,GETAC,6
getx500g3sfilm,GMPFX5,GETAC,3
getx500xbp2,GMBPX1,GETAC,0
getx600-397,XR7X66C4EDCA,GETAC,0
getx600adpceu,GAA8E1,GETAC,0
getx600bat,GBM6X8,GETAC,0
getx600odockuk,GDODK9,GETAC,0
getx600probat,GBS6X2,GETAC,0
getx600rssd,GSSGX7,GETAC,0
getx600vdock,543312870003,GETAC,0
getx600veha,GAD5X2,GETAC,0
getz710bag,GMBCX3,GETAC,6
getz710pholder,543384760008,GETAC,5
getzirdmoun,590GBL000685,GETAC,1
getzx10-111,Z8A1KXW85ABX,GETAC,0
getzx10batch-uk,GCECKP,GETAC,0
getzx10bay8adaeu,GCECEP,GETAC,0
getzx10dbatchg-uk,GCMCKM,GETAC,4
getzx10dbchg,GCMCEM,GETAC,0
getzx10dcase,590GBL000903,GETAC,10
getzx10excaph,GMPSXU,GETAC,0
getzx10g2-64,Z8A1KZW85ABX,GETAC,0
getzx10g2-72,Z8ANGZG25ABX,GETAC,3
getzx10g2-74,Z8A1KXW857BX,GETAC,0
getzx10g2-84,Z8A1GXGX58BX,GETAC,10
getzx10g2-89,Z8A1LXW85AB1,GETAC,0
getzx10g2-92,Z8A1LXW858B1,GETAC,0
getzx10g2bat,GBM2X3,GETAC,1
getzx10hcbat,GBM2X2,GETAC,8
getzx10odock,GDODE8,GETAC,0
getzx10spro,GMPFXS,GETAC,0
getzx10stbat-2,GBM1X2,GETAC,0
getzx10vedock,543391900501,GETAC,1
getzx10vedock-2,543391900502,GETAC,9
getzx10vehcrd,543391900505,GETAC,0
getzx70-16,ZD77Q1DH58AX,GETAC,2
getzx70-9,ZD77Q1DH5RAX,GETAC,2
getzx70dock,543389830001,GETAC,8
getzx70gjdock,543389830002,GETAC,7
getzx70shstrap,GMHRX9,GETAC,2
getzx70vehdock8,543387910056,GETAC,1
getzx80-39,Z8A7FHGB1DXC,GETAC,1
getzx80-57,Z8A7LXDX17XX,GETAC,0
getzx80-58,Z8A7LHGX1EXX,GETAC,0
getzx80-59,Z8A7LXGX1EXC,GETAC,0
getzx80-60,Z8A7LXGX1EXX,GETAC,0
getzx80-61,Z8A7LHGX17XX,GETAC,0
getzx80-62,Z8A7LXDX1EXX,GETAC,0
getzx80-63,Z8A7LXGX17XC,GETAC,0
getzx80-64,Z8A7LHDX17XX,GETAC,0
getzx80-65,Z8A7LXDX17XC,GETAC,0
getzx80-66,Z8A7LHDX1DXX,GETAC,0
getzx80-67,Z8A7LXDX1KXX,GETAC,0
getzx80-68,Z8A7LXDX1DXX,GETAC,0
getzx80hcbat,GBM2XA,GETAC,0
getzx80powc,GAT6E1,GETAC,0
getzx80powc-2,GAT6K1,GETAC,10
getzx80spro,GMPFXV,GETAC,10
getzx80stbat,GBM1XA,GETAC,31
getzx80style,GMPSXV,GETAC,0
gitag1q-01,GiTAG1Q-01,PROMAG,0
gitag1q20k,GiTAG1Q-20K,PROMAG,500
hidadr300,ADR300-URB,HID,0
hidadr300-b,ADR300-B,HID,0
hidadr300-rb,ADR300-RB,HID,0
hidfrcam,FR-CAM_IDSYS,HID,2
hidocr315,OCR315-E,HID,1
hidocr316,OCR316-E,HID,7
hidtc510-a3,TC510-A3-01,HID,97
hidtc710-a3,TC710-A3-01,HID,69
hla308,53-53002-3,HONEYWELL,0
hla338,53-53235-N-3,HONEYWELL,29
holdccd,holdccd,JARLTECH,0
holdccdsw,holdccdsw,JARLTECH,92
hs20000074,20000074,HISTONE,2
hs20000944,20000944,HISTONE,4
hs20001347,20001347,HISTONE,2
hs20001499,20001499,HISTONE,1
hs20001524,20001524,HISTONE,0
hs20001525,20001525,HISTONE,1
hs20001697,20001697,HISTONE,0
hs20001711,20001711,HISTONE,2
hs20002112,20002112,HISTONE,2
hs20002422,20002422,HISTONE,1
hs20002619,20004838,HISTONE,1
hs20003174,20003174,HISTONE,1
hs20003752,20004868,HISTONE,0
hs20003889,20003889,HISTONE,2
hs20003892,20003892,HISTONE,2
hs20003893,20003893,HISTONE,1
hs20003895,20003895,HISTONE,1
hs2s1209150014,2S1209150025,HISTONE,1
hs2s1209150022,2S1209870015,HISTONE,2
hs2s1209870002,2S1209870016,HISTONE,2
hs2s1225600017,2S1225600026,HISTONE,6
hs2s1226610016,2S1226610056,HISTONE,8
hs2s1226610031,2S1226610057,HISTONE,5
hs2s1227640077,2S1227640077,HISTONE,12
hs2s1227640081,2S1227640081,HISTONE,4
hs2s1228670056,2S1228670056,HISTONE,5
hs2s1228670082,2S1228670082,HISTONE,24
hs2s1228850007,2S1228850007,HISTONE,0
hs2s2202030011,2s2202350007,HISTONE,3
hs2s2202030018,2S2202030018,HISTONE,0
hs2s2202060009,2S2202060009,HISTONE,5
hs2s2208200010,2S2208200015,HISTONE,2
hs2s5210300012,2S5210300012,HISTONE,0
hs2s5210300013,2S5210300013,HISTONE,1
hs2s5217270011,2S5217270011,HISTONE,1
hs2s5217370002,2S5217370002,HISTONE,0
hw1200cabkbw,CBL-720-300-C00,HONEYWELL,607
hw1200hold,HOLDER-004-U,HONEYWELL,0
hw1200stand,STND-19R02-002-4,HONEYWELL,515
hw1200stand-3,STND-23F03-002-4,HONEYWELL,360
hw1200stand-4,STND-19R02-002-0,HONEYWELL,0
hw1200stand-5,STND-19R02-002-2,HONEYWELL,145
hw1200sw,1200G-2,HONEYWELL,185
hw1200u,1200G-1USB-1,HONEYWELL,0
hw1200ucab,CBL-500-300-C00,HONEYWELL,750
hw1200ucab2,CBL-500-300-S00,HONEYWELL,3191
hw1200ucab3,CBL-500-500-C00,HONEYWELL,0
hw1200ucab4,CBL-500-150-S00,HONEYWELL,31
hw1200ucabi,CBL-500-300-S00-01,HONEYWELL,0
hw1200usw,1200G-2USB-1,HONEYWELL,185
hw1202,1202G-1,HONEYWELL,0
hw1202base,CCB00-010BT-01N,HONEYWELL,66
hw1202bf,1202G-2USB-5BF,HONEYWELL,0
hw1202sw,1202G-2,HONEYWELL,0
hw1202ukit,1202G-1USB-5,HONEYWELL,0
hw1202uswkit,1202G-2USB-5,HONEYWELL,233
hw1250,1250G-1,HONEYWELL,0
hw1250sta,STND-15F03-009-4,HONEYWELL,230
hw1250sta2,STND-15F03-009-6,HONEYWELL,125
hw1250sw,1250G-2,HONEYWELL,281
hw1250usw,1250G-2USB,HONEYWELL,281
hw1250usws,1250G-2USB-1,HONEYWELL,37
hw1300stand,STND-23R03-006-4,HONEYWELL,0
hw1350g,1350G-2USB-EU,HONEYWELL,2
hw1350g2d1r,1350G2D-1-R,HONEYWELL,0
hw1350g2d1usbr,1350G2D-1USB-R,HONEYWELL,0
hw1350g2d2usbr,1350G2D-2USB-R,HONEYWELL,793
hw1350g2db,1350G2D-2-R,HONEYWELL,0
hw1350g2dkst,1350G2D-2USB-1-R,HONEYWELL,34
hw1350g2dkstw,1350G2D-1USB-1-R,HONEYWELL,0
hw1350grs232b,1350G2D-2RS232-R,HONEYWELL,0
hw1350grs232sw,1350G2D-1RS232-1-R,HONEYWELL,0
hw1350grs232w,1350G2D-1RS232-R,HONEYWELL,0
hw1400gsr,1400GSR-2USB-1E,HONEYWELL,1045
hw1400gsr-2,1400GSR-1USB-1E,HONEYWELL,42
hw1400gsr-3,1400GSR-2USB-E,HONEYWELL,153
hw1400gsr-4,1400GSR-1USB-E,HONEYWELL,7
hw1400gsr-5,1400GSR-2,HONEYWELL,0
hw1400gsr-6,1400GSR-1,HONEYWELL,0
hw1400sw2d,SW-2D-SCANNER,HONEYWELL,9999
hw14701d,1470G2D-2-R,HONEYWELL,568
hw1470d,1470G2D-6-R,HONEYWELL,0
hw1470dkit,1470G2D-6USB-1-R,HONEYWELL,2
hw1470dkit2,1472G2D-6USB-5-R,HONEYWELL,30
hw1470gkit2deu,1470G2D-2USB-EU,HONEYWELL,0
hw1470kit1dr,1470G2D-1USB-R,HONEYWELL,0
hw1470kit2dos2,1470G2D-2USB-1-R,HONEYWELL,1506
hw1470kit2dos3,1470G2D-1USB-1-R,HONEYWELL,0
hw1470kit2dr,1470G2D-2USB-R,HONEYWELL,145
hw1472-1,1472G1D-1,HONEYWELL,0
hw1472-2,1472G1D-2,HONEYWELL,0
hw1472kitr,1472G2D-2-R,HONEYWELL,0
hw1472su,1472G1D-2USB-5-R,HONEYWELL,48
hw1472su2dr,1472G2D-2USB-5-R,HONEYWELL,1541
hw1602ap,AP06-100BT-07N,HONEYWELL,0
hw1602kit1dos,1602G1D-2USB-OS,HONEYWELL,3
hw1602kitos,1602G2D-2USB-OS,HONEYWELL,212
hw1602sw2d,SW-2D-1602G,HONEYWELL,9999
hw1900holdkit,50129064-001,HONEYWELL,704
hw1900soft,SW-OCR-19XX,HONEYWELL,9999
hw1900stand4,STND-22F00-001-6,HONEYWELL,340
hw1900stand5,STND-08R00-000-6,HONEYWELL,19
hw1900stand6,STND-15R00-000-6,HONEYWELL,33
hw1910flstand,STND-33F00-012-4,HONEYWELL,4
hw1910hold,HOLDER-010-U,HONEYWELL,2
hw1911ap,AP-100BT-07N,HONEYWELL,0
hw1911bat2,BAT-SCN01A,HONEYWELL,104
hw1911crd-2,CCB22-100BT-03N,HONEYWELL,9
hw1911endcap,50110266-001FRE,HONEYWELL,0
hw1911holster,HOLSTER-INDUSTRIAL,HONEYWELL,0
hw1950dsrbu4,1952GSR-6USB-5-R,HONEYWELL,157
hw1950hdb,1950GHD-2-R,HONEYWELL,866
hw1950hdbu,1950GHD-2USB-R,HONEYWELL,866
hw1950srb,1950GSR-2-R,HONEYWELL,13
hw1950srbu,1950GSR-2USB-R,HONEYWELL,291
hw1950srwu,1950GSR-1USB-R,HONEYWELL,0
hw1952,1952GSR-2-R,HONEYWELL,310
hw1952base,CCB13-010BT-07N,HONEYWELL,0
hw1952base5,CCB10-010BT-07N,HONEYWELL,342
hw1952base7,CCB11-010BT-07N,HONEYWELL,0
hw1952bat,BAT-SCN05,HONEYWELL,101
hw1952hcbase2,CCB15-010BT-HC,HONEYWELL,0
hw1952hd,1952GHD-2-R,HONEYWELL,0
hw1952hhcbf,1952HHD-5USB-9BF-R,HONEYWELL,22
hw1952u,1952GSR-2USB-5-R,HONEYWELL,310
hw1952u2,1952GSR-2USB-9-R,HONEYWELL,0
hw1952uhd,1952GHD-2USB-5-R,HONEYWELL,203
hw1960gsr2,1960GSR-2-2,HONEYWELL,1340
hw1960hdbu,1960GHD-2USB-R,HONEYWELL,50
hw1960hu,1960HHD-5USB-R,HONEYWELL,68
hw1960lihdbu,1960LI-2USB-R,HONEYWELL,0
hw1960srbu,1960GSR-2USB-R,HONEYWELL,193
hw1962,1962GSR-2USB-WCBF,HONEYWELL,0
hw1962-2,1962GSR-2USB-5-R,HONEYWELL,4
hw1962-3,1962GSR-2USB-5BF-R,HONEYWELL,0
hw1962-4,1962GHD-2USB-5-R,HONEYWELL,2
hw1962-5,1962GSR-2USB-WC-R,HONEYWELL,0
hw1962-6,1962GHD-2USB-WC-R,HONEYWELL,0
hw1962-7,1962GHD-2USB-5BF-R,HONEYWELL,22
hw1962-8,1962GHD-2USB-WCBF,HONEYWELL,0
hw1962bat,BAT-SCN11,HONEYWELL,0
hw1962bat2,BAT-SCN11WC,HONEYWELL,0
hw1962gsr,1962GSR-2USB-9,HONEYWELL,0
hw1962hbat,BAT-SCN11WCHC,HONEYWELL,0
hw1962hc,1962HHD-5USB-WC-R,HONEYWELL,0
hw1962hc-2,1962HHD-5USB-5-R,HONEYWELL,0
hw1962hc-3,1962HHD-5USB-9,HONEYWELL,26
hw1962liu,1962LI-2USB-5-R,HONEYWELL,0
hw1962supcap,SUPCAP-SCN11WCHC,HONEYWELL,0
hw1962supcap-1,SUPCAP-SCN11WC,HONEYWELL,0
hw1962supcap-2,SUPCAP-SCN11,HONEYWELL,0
hw1980ucab,CBL-500-300-S00-03,HONEYWELL,0
hw1981ap,AP05-100BT-07N,HONEYWELL,0
hw1981base,CCB05-100BT-07N,HONEYWELL,167
hw19903r,1990IXR-3-R,HONEYWELL,21
hw1990chg,COB22,HONEYWELL,0
hw1990ixlr,1990IXLR-3USB-R,HONEYWELL,48
hw1990ixlrs,1990IXLR-3SER-R,HONEYWELL,36
hw1990r,1990ISR-3-R,HONEYWELL,0
hw1990ur,1990ISR-3USB-R,HONEYWELL,14
hw19913r,1991IXR-3-R,HONEYWELL,3
hw1991endcap,1991IENDCAP,HONEYWELL,0
hw1991ixlr,1991IXLR-3USB-5-R,HONEYWELL,141
hw1991ixlr3,1991IXLR-3-R,HONEYWELL,19
hw1991ixr,1991IXR-3USB-5-R,HONEYWELL,292
hw1991ixrk,1991IXR-3SER-5-R,HONEYWELL,0
hw1991ixrr,1990IXR-3USB-R,HONEYWELL,116
hw1991ixrrr,1990IXR-3SER-R,HONEYWELL,49
hw1991r,1991ISR-3-R,HONEYWELL,174
hw1991ur,1991ISR-3USB-5-R,HONEYWELL,0
hw2100ihd,2100IHD-3E,HONEYWELL,0
hw2100ihd3usbe,2100IHD-3USBE,HONEYWELL,0
hw2100isr,2100ISR-3E,HONEYWELL,0
hw2100isr-2,2100ISR-3USBE,HONEYWELL,7
hw2100ixlr3e,2100IXLR-3E,HONEYWELL,18
hw2100ixlr3sere,2100IXLR-3SERE,HONEYWELL,1
hw2100ixlr3usbe,2100IXLR-3USBE,HONEYWELL,4
hw2100ixr,2100IXR-3E,HONEYWELL,15
hw2100ixr-2,2100IXR-3SERE,HONEYWELL,20
hw2100ixr-3,2100IXR-3USBE,HONEYWELL,0
hw2105ihd3cle,2105IHD-3-CLE,HONEYWELL,0
hw2105ihd3usbclhe,2105IHD-3USB-CLHE,HONEYWELL,0
hw2105isr-2,2105ISR-3-CLE,HONEYWELL,0
hw2105ixlr3cle,2105IXLR-3-CLE,HONEYWELL,1
hw2105ixlr3serclhe,2105IXLR-3SER-CLHE,HONEYWELL,1
hw2105ixlr3usbclhe,2105IXLR-3USB-CLHE,HONEYWELL,0
hw2105ixr-2,2105IXR-3USB-CLHE,HONEYWELL,0
hw2105ixr-4,2105IXR-3-CLE,HONEYWELL,5
hw2105kit,2105ISR-3USB-CLHE,HONEYWELL,0
hw2105kit-2,2105IXR-3SER-CLHE,HONEYWELL,0
hw2421pscab,19-19729,HONEYWELL,133
hw3310scab,52-52562-3-FR,HONEYWELL,0
hw3320g4kit,3320G-4,HONEYWELL,131
hw3320g4kit-usb,3320G-4USB-0,HONEYWELL,131
hw3320g4kit-usb2,3320G-5USBX-0,HONEYWELL,0
hw3320ghd4,3320GHD-4,HONEYWELL,0
hw3848toba,TOOLBAL,HONEYWELL,22
hw42e,PC42E-TB02200,HONEYWELL,73
hw42e-2,PC42E-TB02300,HONEYWELL,18
hw42e-3,PC42E-TW02200,HONEYWELL,0
hw42e-4,PC42E-TW02300,HONEYWELL,0
hw42e-5,PC42EDB020200,HONEYWELL,14
hw42ecut,3012-6756-001,HONEYWELL,1
hw42epeel,3012-6755-001,HONEYWELL,0
hw42eph12,3012-6758-001,HONEYWELL,1
hw42eph8,3012-6757-001,HONEYWELL,0
hw42ph,50125125-001FRE,HONEYWELL,0
hw4980ucab,52-52559-N-3-FR,HONEYWELL,88
hw4batchg,MB4-BAT-SCN01EUD0,HONEYWELL,38
hw4batchg-uk,MB4-BAT-SCN01UKD0,HONEYWELL,0
hw520cabu2,CBL-020-150-S00-01,HONEYWELL,0
hw520rusb,HF520-R1-0USB,HONEYWELL,0
hw520ur1,HF520-R1-1USB,HONEYWELL,0
hw680,HF680-R1-2RS232-EU,HONEYWELL,0
hw680-12eu,HF680-R1-2USB-EU,HONEYWELL,243
hw680-15,HF680-R0-1USB-EU,HONEYWELL,0
hw680-16,HF680-R1-1USB-EU,HONEYWELL,64
hw680-5,HF680-R0-2RS232-EU,HONEYWELL,0
hw680-6,HF680-R0-2RS232-UK,HONEYWELL,0
hw680-8,HF680-R1-1RS232-EU,HONEYWELL,0
hw705630s001,705-630S-001,HONEYWELL,4
hw705639s001,705-639S-001,HONEYWELL,0
hw70echg2,COMMON-QC-2,HONEYWELL,0
hw70esbat,BAT-STANDARD-01,HONEYWELL,0
hw7120pluscab,CBL-020-300-S00,HONEYWELL,0
hw7190,7190G-0,HONEYWELL,0
hw7190b,7190G-2,HONEYWELL,0
hw7190bu,7190G-2USBX-0,HONEYWELL,74
hw7190u,7190G-0USBX-0,HONEYWELL,0
hw7190ucab,CBL-500-300-S00-07,HONEYWELL,0
hw7190ukps,46-00870-6,HONEYWELL,42
hw71sbase,STND-02F06-016-2D,HONEYWELL,0
hw7680cabr,CBL-020-300-S00-09,HONEYWELL,0
hw7680cabu,CBL-500-300-S00-09,HONEYWELL,0
hw7680gkit,7680GSR-5USB-1,HONEYWELL,0
hw7680gxp1d,7680GSR-2-1-R,HONEYWELL,0
hw7680gxp1d-2,7680GSR-2-R,HONEYWELL,0
hw7680stand,STND-04R06-016-21,HONEYWELL,0
hw7680u,7680GSR-2USB-1-R,HONEYWELL,307
hw7680u-2,7680GSR-2-30C-1-R,HONEYWELL,0
hw7680wmount,STND-02F07-016-01,HONEYWELL,0
hw7980-2ukit4,7990G-2USBX-1,HONEYWELL,0
hw7980chcab,CBL-860-100-S02,HONEYWELL,0
hw7980ibmcab,CBL-600-300-S00-01,HONEYWELL,0
hw7980kcab,CBL-700-300-S00,HONEYWELL,0
hw7980rscab,CBL-000-300-S00,HONEYWELL,0
hw7980sencab,CBL-860-200-S04,HONEYWELL,0
hw7980ucab,CBL-500-300-S00-04,HONEYWELL,0
hw7990-2rkit,7990G-2SERC-1,HONEYWELL,0
hw7990-2ukit,7990G-2USBC-1,HONEYWELL,37
hw7990gel,7990GEL-2-1,HONEYWELL,0
hw8670wstrap,8670401WSTRAP,HONEYWELL,0
hw8675gl-11,8675I505-RHGM,HONEYWELL,5
hw8675gl-13,8675I505-RHGS,HONEYWELL,1
hw8675gl-18,8675I505-LNYRD,HONEYWELL,0
hw8675gl-9,8675I505-RHGL,HONEYWELL,22
hw8675i,8675I400SR-2-R,HONEYWELL,43
hw8675i-2,8675I400FR-2-R,HONEYWELL,11
hw8675i-3,8675I300FR-2-R,HONEYWELL,10
hw8675i-4,8675I300SR-2-R,HONEYWELL,0
hw8675i-5,8675I200SR-2-R,HONEYWELL,15
hw8675i-7,8675I100SR-2-R,HONEYWELL,0
hw8675i-8,8675I200FR-2-R,HONEYWELL,0
hw8675i-9,8675I100FR-2-R,HONEYWELL,0
hw8675ibatt,BAT-SCN10,HONEYWELL,94
hw8675icchg,MB1-SCN10,HONEYWELL,30
hw8675ichg24,MB24-BAT-SCN10,HONEYWELL,0
hw8675ichg4,MB4-SCN10,HONEYWELL,35
hw8675ichg8,MB8-BAT-SCN10,HONEYWELL,20
hw8675istrip,8675I505-FNGRSTRP,HONEYWELL,31
hw8675itrigg,8675I505-TRGR,HONEYWELL,16
hw8675lhgl,8675I505-LHGL,HONEYWELL,0
hw8680-10,8680IB202-2,HONEYWELL,1
hw8680-3,8680I200-2,HONEYWELL,0
hw8680chg12,MB12-BAT-SCN02,HONEYWELL,0
hw8680chg4,MB4-BAT-SCN02,HONEYWELL,0
hw8680chgm,MB4-SCN02,HONEYWELL,0
hw8680ebat2,BAT-SCN02A,HONEYWELL,49
hw8680glovel10,8680I505LHSGH,HONEYWELL,0
hw8680glovem10,8680I505GMT,HONEYWELL,0
hw8680glover10,8680I505RHSGH,HONEYWELL,0
hw8680i5,8680I502-2,HONEYWELL,0
hw8680strap10,8680I505FNGRSTRAP,HONEYWELL,0
hw8680strap10-2,8680I505RINGMT,HONEYWELL,0
hw8680wchg12,MB12-SCN02,HONEYWELL,1
hwappkit,50151885-001,HONEYWELL,0
hwbat2,50129434-001FRE,HONEYWELL,7
hwbracket3,HF8ACC-BRACKET-01,HONEYWELL,0
hwbtap,AP-010BT-07N,HONEYWELL,30
hwcab020,CBL-020-300-C00,HONEYWELL,368
hwcab020-2,CBL-020-300-C00-02,HONEYWELL,0
hwcab270,CBL-500-270-S00,HONEYWELL,0
hwcab300,CBL-020-300-C00-01,HONEYWELL,88
hwcab600,CBL-600-400-C00,HONEYWELL,0
hwcabeas,57-57312-3,HONEYWELL,0
hwcabkbw2,55-55002-3,HONEYWELL,22
hwcabr19,42203758-01E,HONEYWELL,10
hwcabusb5v,CBL-500-150-S00-03,HONEYWELL,0
hwcarclynx3,LNX3-CAS,HONEYWELL,27
hwcblchusb,CBL-500-120-S00-06,HONEYWELL,43
hwchguk,77900507E,HONEYWELL,0
hwck3ck64qdbtry,871-230-401,HONEYWELL,238
hwck62,CK62-X00-5ES1BCG,HONEYWELL,0
hwck62-11,CK62-X00-57S1CCG,HONEYWELL,4
hwck62-12,CK62-X00-5ES1CCG,HONEYWELL,0
hwck62-13,CK62-X10-57S1CCG,HONEYWELL,3
hwck62-14,CK62-X10-5ES1CCG,HONEYWELL,0
hwck62-2,CK62-X10-37S1BCG,HONEYWELL,0
hwck62-3,CK62-X00-37S1BCG,HONEYWELL,0
hwck62-4,CK62-X00-57S1ACG,HONEYWELL,0
hwck62-5,CK62-X10-5ES1ACG,HONEYWELL,0
hwck62-6,CK62-X10-57S1ACG,HONEYWELL,0
hwck62-7,CK62-X10-57S1BCG,HONEYWELL,0
hwck62-8,CK62-X00-5ES1ACG,HONEYWELL,44
hwck62-9,CK62-X10-5ES1BCG,HONEYWELL,15
hwck625cb,CK62-5CB-UVN-BAT-0,HONEYWELL,0
hwck625cb-2,CK62-5CB-UVB-BAT-0,HONEYWELL,0
hwck62hbbay,CK62-HB-UVN-0,HONEYWELL,17
hwck62hstrap,CK62-HS-5PK,HONEYWELL,0
hwck62nkp,CK62-X00-57S1BCG,HONEYWELL,0
hwck62scan,CK62-SH,HONEYWELL,0
hwck62sprot,CK62-SP-10PK,HONEYWELL,15
hwck62unicup,CK62-UCP-N,HONEYWELL,0
hwck65sch,CK65-SCH,HONEYWELL,0
hwck65schg,CK65-NB-UVN-0,HONEYWELL,4
hwck65schg2,CK65-CB-UVN-0,HONEYWELL,47
hwck67,CK67-X0N-58S1B0G,HONEYWELL,422
hwck67-10,CK67-X0N-5ES1C0G,HONEYWELL,0
hwck67-11,CK67-X0N-57S1D0G,HONEYWELL,0
hwck67-12,CK67-X0N-5ES1D0G,HONEYWELL,7
hwck67-13,CK67-X0N-57S1E0G,HONEYWELL,1
hwck67-14,CK67-X0N-58S1E0G,HONEYWELL,0
hwck67-15,CK67-X0N-5ES1E0G,HONEYWELL,5
hwck67-16,CK67-X0N-58C1C2G,HONEYWELL,0
hwck67-17,CK67-X1N-5ES1A0G,HONEYWELL,15
hwck67-18,CK67-X0N-58A1A1G,HONEYWELL,0
hwck67-2,CK67-X0N-5ES1B0G,HONEYWELL,114
hwck67-20,CK67-X1N-57S1B0G,HONEYWELL,0
hwck67-21,CK67-X0N-58C1B2G,HONEYWELL,0
hwck67-22,CK67-X0N-5EC1B2G,HONEYWELL,0
hwck67-23,CK67-X0N-5EC1C2G,HONEYWELL,0
hwck67-24,CK67-X1N-57S1A0G,HONEYWELL,0
hwck67-25,CK67-X1N-58S1B0G,HONEYWELL,0
hwck67-27,CK67-X1N-58S1C0G,HONEYWELL,0
hwck67-29,CK67-X1N-57S1D0G,HONEYWELL,0
hwck67-3,CK67-X0N-58S1D0G,HONEYWELL,0
hwck67-30,CK67-X1N-58S1D0G,HONEYWELL,0
hwck67-31,CK67-X1N-5ES1D0G,HONEYWELL,0
hwck67-35,CK67-X0N-5EC1A2G,HONEYWELL,0
hwck67-4,CK67-X0N-57S1A0G,HONEYWELL,153
hwck67-5,CK67-X0N-58S1A0G,HONEYWELL,79
hwck67-6,CK67-X0N-5ES1A0G,HONEYWELL,212
hwck67-7,CK67-X0N-57S1B0G,HONEYWELL,7
hwck67-8,CK67-X0N-57S1C0G,HONEYWELL,1
hwck67-9,CK67-X0N-58S1C0G,HONEYWELL,111
hwck671pk,CK67-SP-1PK,HONEYWELL,183
hwck674cb,CK67-CB-UVN-0,HONEYWELL,2
hwck674cb-2,CK67-CB-UVB-0,HONEYWELL,34
hwck675bdock,CK67-5CB-UVB-BAT-0,HONEYWELL,4
hwck67bat,CK67-BTSC-001,HONEYWELL,75
hwck67bat-2,CK67-BTCS-001,HONEYWELL,119
hwck67boot-2,CK67-PB-1,HONEYWELL,745
hwck67eb,CK67-EB-UVN-0,HONEYWELL,0
hwck67hbbay,CK67-HB-UVN-0,HONEYWELL,218
hwck67hbboot,CK67-HB-UVB-0,HONEYWELL,150
hwck67hstrap,CK67-HS-5PK,HONEYWELL,4
hwck67nb,CK67-NB-UVN-0,HONEYWELL,0
hwck67sch,CK67-SCH,HONEYWELL,965
hwck67x1n,CK67-X1N-58S1A0G,HONEYWELL,0
hwck67x1n-3,CK67-X1N-5ES1B0G,HONEYWELL,0
hwck6xby16bay,CK6X-BC-16BAY-0,HONEYWELL,8
hwck6xby4bay,CK6X-BC-4BAY-0,HONEYWELL,30
hwcn80batchg4,CX80-QBC-UV-0,HONEYWELL,0
hwcn80boot,CN80-RB-00,HONEYWELL,0
hwcn80boote,CN80-RB-01,HONEYWELL,0
hwcn80car,50138169-001,HONEYWELL,1498
hwcn80chg4,CN80-CB-CNV-0,HONEYWELL,1
hwcn80cr,CN80-VD-SRH-0,HONEYWELL,0
hwcn80ehb,CN80-EB-CNV-0,HONEYWELL,0
hwcn80hb,CN80-HB-CNV-0,HONEYWELL,0
hwcn80hboot,CN80-RB-SHC,HONEYWELL,0
hwcn80hboote,CN80-RB-SHC1,HONEYWELL,0
hwcn80hholster,CN80-HST-SHC,HONEYWELL,0
hwcn80holster,CN80-HST-00,HONEYWELL,0
hwcn80nb4,CN80-NB-CNV-0,HONEYWELL,0
hwcn80prot10,CN80-SP-10PK,HONEYWELL,0
hwcn80sh,CN80-SH-DC,HONEYWELL,0
hwcn80snaps,CN80-SN-SRH-0,HONEYWELL,0
hwcn80snapu,CN80-SN-USB-0,HONEYWELL,0
hwcn80strap5,CN80-HS-5PK,HONEYWELL,0
hwcn80strap5-e,CN80-HSNF-5PK,HONEYWELL,0
hwcn80stylus5,CN80-STY-5SH,HONEYWELL,25
hwcn80vchgw,CN80-VD-WL-0,HONEYWELL,0
hwcn80vhold,CN80-VH-SHC,HONEYWELL,0
hwcollco,50180221-001,HONEYWELL,22
hwct30,CT30P-L0N-27D10NG,HONEYWELL,0
hwct30-2,CT30P-X0N-37D10DG,HONEYWELL,1153
hwct30-3,CT30P-X0N-38D10DG,HONEYWELL,0
hwct30-5,CT30P-L1N-37D1EDG,HONEYWELL,32
hwct30-6,CT30P-L1N-38D1EDG,HONEYWELL,0
hwct30-8,CT30P-L1N-27D1ENA,HONEYWELL,0
hwct30b,CT30P-NB-UVN-2,HONEYWELL,24
hwct30bracket,CT30P-IH40-BR,HONEYWELL,13
hwct30buk,CT30P-NB-UVN-3,HONEYWELL,5
hwct30chg4,CT30P-CB-UVN-2,HONEYWELL,1
hwct30chg4uk,CT30P-CB-UVN-3,HONEYWELL,2
hwct30chg5,CT30-5CB-UVN-BAT-0,HONEYWELL,55
hwct30chgb4,CT30P-CB-UVB-2,HONEYWELL,0
hwct30chgb4-2,CT30P-NB-UVB-2,HONEYWELL,5
hwct30chgb4-2uk,CT30P-NB-UVB-3,HONEYWELL,0
hwct30chgb4uk,CT30P-CB-UVB-3,HONEYWELL,0
hwct30clip,CT30P-CLIP-STD,HONEYWELL,277
hwct30cup,CT30P-UCP-B,HONEYWELL,1036
hwct30cuphc,CT30P-UCP-BHC,HONEYWELL,0
hwct30cuphc2,CT30P-UCP-NHC,HONEYWELL,5
hwct30db,CT30P-DB-UVN-2,HONEYWELL,12
hwct30dbb,CT30P-DB-UVB-2,HONEYWELL,15
hwct30dbbhc,CT30P-DB-UVB-HC0,HONEYWELL,4
hwct30dbbuk,CT30P-DB-UVB-3,HONEYWELL,5
hwct30eb,CT30P-EB-UVN-2,HONEYWELL,1
hwct30ebb,CT30P-EB-UVB-2,HONEYWELL,0
hwct30ebbuk,CT30P-EB-UVB-3,HONEYWELL,0
hwct30ebuk,CT30P-EB-UVN-3,HONEYWELL,1
hwct30hb,CT30P-HB-UVN-2,HONEYWELL,0
hwct30hbb,CT30P-HB-UVB-2,HONEYWELL,0
hwct30hbbuk,CT30P-HB-UVB-3,HONEYWELL,0
hwct30hbuk,CT30P-HB-UVN-3,HONEYWELL,3
hwct30hstrap,CT30P-HS-3PK,HONEYWELL,16
hwct30pbat,CT30P-BTSC-001,HONEYWELL,74
hwct30pboot,CT30P-PB-XP,HONEYWELL,78
hwct30sch,CT30P-SH-00,HONEYWELL,2
hwct30screen,CT30P-SP-1PK,HONEYWELL,73
hwct30xpcb,CT30P-5CB-UVB-2,HONEYWELL,2
hwct30xpwkit,CT30P-WS-KIT,HONEYWELL,50
hwct32,CT32-X0N-37S1FBG,HONEYWELL,40
hwct32-15,CT32-X0N-58E1FBG,HONEYWELL,14
hwct32-3,CT32-X0N-57S1FBG,HONEYWELL,0
hwct32-4,CT32-X1N-57S1FBG,HONEYWELL,618
hwct32-6,CT32-X1N-58S1FBG,HONEYWELL,0
hwct32-9,CT32-X0N-58S1FBG,HONEYWELL,8
hwct32-chrgbse,CT32-CB-UVN-0,HONEYWELL,0
hwct32-nbhbse2,CT32-HB-UVB-0,HONEYWELL,0
hwct32-scrnflm,CT32-SP-10PK,HONEYWELL,0
hwct32boot,CT32-PB-STD,HONEYWELL,576
hwct32chrgbase,CT32-CB-UVB-0,HONEYWELL,0
hwct32crd,CT32-SC-UVN-0,HONEYWELL,5
hwct32shndl,CT32-SH-UVN,HONEYWELL,535
hwct37,CT37-X1N-58S10DG,HONEYWELL,374
hwct37-11,CT37-X1N-50S10DG,HONEYWELL,1
hwct37-13,CT37-X1N-57S10WG,HONEYWELL,0
hwct37-14,CT37-X1N-56S10HG,HONEYWELL,0
hwct37-15,CT37-X0N-57E10DG,HONEYWELL,0
hwct37-2,CT37-X0N-50S10DG,HONEYWELL,1
hwct37-3,CT37-X0N-57S10WG,HONEYWELL,0
hwct37-4,CT37-X0N-58S10DG,HONEYWELL,257
hwct37-5,CT37-X0N-57S10DG,HONEYWELL,473
hwct37-7,CT37-X1N-57S10DG,HONEYWELL,135
hwct37-8,CT37-X1N-57E10DG,HONEYWELL,0
hwct37arm,CT37-WS-KIT-01,HONEYWELL,0
hwct37base,CT37-HB-UVB-2,HONEYWELL,0
hwct37base-10,CT37-5CB-UVN-BAT-0,HONEYWELL,0
hwct37base-11,CT37-5CB-UVN-HC0,HONEYWELL,0
hwct37base-12,CT37-5CB-UVB-HC0,HONEYWELL,0
hwct37base-16,CT37-5CB-UVB-BAT-0,HONEYWELL,55
hwct37base-3,CT37-HB-UVN-2,HONEYWELL,16
hwct37base-6,CT37-EB-UVN-2,HONEYWELL,0
hwct37base-7,CT37-EB-UVN-3,HONEYWELL,0
hwct37bat,CT37-BTSC-001,HONEYWELL,223
hwct37bat-3,CT37-BTSC-002,HONEYWELL,0
hwct37bat-5,CT37-BTEC-001,HONEYWELL,63
hwct37boot,CT37-PB-STD,HONEYWELL,1105
hwct37boot-2,CT37-PB-GRY,HONEYWELL,0
hwct37clip,CT37-CLIP-LAN-STD,HONEYWELL,0
hwct37clip-2,CT37-CLIP-LAN-HC,HONEYWELL,0
hwct37handle,CT37-SH-UVN,HONEYWELL,15
hwct37handle-2,CT37-SH-UVB,HONEYWELL,340
hwct37prot,CT37-SP-1PK,HONEYWELL,9
hwct37qbc,CT37-QBC-0,HONEYWELL,85
hwct37rubpad,CT37-WS-KIT-02,HONEYWELL,0
hwct37sled,CT37-WS-KIT-03,HONEYWELL,0
hwct37strap,CT37-HS-3PK,HONEYWELL,160
hwct37strap2,CT37-HS-HC-3PK,HONEYWELL,0
hwct37wearkit,CT37-WS-KIT,HONEYWELL,2
hwct40-13,CT40-L0N-27C21AE,HONEYWELL,1
hwct40-18,CT40-L1N-28C11BE,HONEYWELL,0
hwct40arm,CT40-WS-AB,HONEYWELL,1
hwct40bat-4,318-055-067,HONEYWELL,0
hwct40bat3,318-055-015,HONEYWELL,0
hwct40bat4,318-055-011,HONEYWELL,28
hwct40bat5,318-055-D67,HONEYWELL,0
hwct40batchg,CT40-QBC-0,HONEYWELL,0
hwct40batchg2,CT40-QBC-2,HONEYWELL,129
hwct40batchg2uk,CT40-QBC-3,HONEYWELL,2
hwct40bath,318-055-017,HONEYWELL,4
hwct40boot-2,CT40-PB-XP,HONEYWELL,45
hwct40cbchg,CT40-CB-UVB-0,HONEYWELL,1
hwct40cbchg-2,CT40-CB-UVB-2,HONEYWELL,47
hwct40cbchg-3,CT40-CB-UVB-3,HONEYWELL,0
hwct40cbchg-4,CT40-CB-UVN-2,HONEYWELL,141
hwct40cbchg-4uk,CT40-CB-UVN-3,HONEYWELL,332
hwct40cbchg-5,CT40-CB-UVN-0,HONEYWELL,0
hwct40cig,CT40-CIGR-0,HONEYWELL,0
hwct40dbchg,CT40-DB-UVB-0,HONEYWELL,0
hwct40dbchg-2,CT40-DB-UVB-2,HONEYWELL,1
hwct40dbchgn-2,CT40-DB-UVN-2,HONEYWELL,0
hwct40dbchgn0,CT40-DB-UVN-0,HONEYWELL,0
hwct40ebchg,CT40-EB-UVB-0,HONEYWELL,0
hwct40ebchg-2,CT40-EB-UVB-2,HONEYWELL,3
hwct40ebchg-3,CT40-EB-UVB-3,HONEYWELL,0
hwct40ebuvn,CT40-EB-UVN-2,HONEYWELL,3
hwct40ebuvn0,CT40-EB-UVN-0,HONEYWELL,0
hwct40ebuvn3,CT40-EB-UVN-3,HONEYWELL,0
hwct40handle,CT40-SH-DC,HONEYWELL,0
hwct40handle2,CT40-SH-CC,HONEYWELL,0
hwct40hbchg,CT40-HB-UVB-0,HONEYWELL,30
hwct40hbchg-2,CT40-HB-UVB-2,HONEYWELL,273
hwct40hbchgn-2,CT40-HB-UVN-2,HONEYWELL,75
hwct40hbuvn,CT40-HB-UVN-0,HONEYWELL,12
hwct40hbuvn3,CT40-HB-UVN-3,HONEYWELL,0
hwct40hstrap2,CT40-HS-3PKC,HONEYWELL,10
hwct40nb0,CT40-NB-UVN-0,HONEYWELL,0
hwct40nb7,CT40-NB-UVN-2,HONEYWELL,0
hwct40nbchg,CT40-NB-UVB-0,HONEYWELL,0
hwct40nbchg-2,CT40-NB-UVB-2,HONEYWELL,2
hwct40nbchg-3,CT40-NB-UVB-3,HONEYWELL,0
hwct40ring,CT40-WS-PB,HONEYWELL,26
hwct40ring2,CT40-WS-KIT,HONEYWELL,0
hwct40rub,CT40-RB-00,HONEYWELL,110
hwct40sh,CT40-SH-PB,HONEYWELL,9
hwct40stylus,CT40-STL-1PKC,HONEYWELL,6
hwct40ucpn,CT40-UCP-N,HONEYWELL,1002
hwct40xp,CT40P-L0N-28R11AE,HONEYWELL,21
hwct45,CT45-L0N-27D100G,HONEYWELL,0
hwct45-10,CT45P-X0N-38D100G,HONEYWELL,0
hwct45-14,CT45P-X0N-3ED100G,HONEYWELL,0
hwct45-15,CT45P-L1N-3ED1E0G,HONEYWELL,0
hwct45-18,CT45P-L1N-67D120G,HONEYWELL,0
hwct45-19,CT45P-L1N-67D1E0G,HONEYWELL,23
hwct45-2,CT45-L0N-28D100G,HONEYWELL,0
hwct45-20,CT45P-L1N-68D1E0G,HONEYWELL,0
hwct45-21,CT45P-L1N-68D1E2G,HONEYWELL,0
hwct45-22,CT45P-X0N-67D100G,HONEYWELL,0
hwct45-23,CT45P-X0N-68D100G,HONEYWELL,0
hwct45-3,CT45-L1N-27D120G,HONEYWELL,58
hwct45-4,CT45-L1N-28D120G,HONEYWELL,15
hwct45-5,CT45P-L1N-37D120G,HONEYWELL,1
hwct45-6,CT45P-L1N-37D1E0G,HONEYWELL,0
hwct45-7,CT45P-L1N-38D120G,HONEYWELL,0
hwct45-8,CT45P-L1N-38D1E0G,HONEYWELL,0
hwct45-9,CT45P-X0N-37D100G,HONEYWELL,0
hwct45badap,CT45-SN-CNV,HONEYWELL,23
hwct45batcup,CT45-BAT-CUP,HONEYWELL,0
hwct45boot-2,CT45-PB-XP,HONEYWELL,671
hwct45cig,CT45-CIGR-1,HONEYWELL,0
hwct45dock5-2,CT45-5CB-UVN-2,HONEYWELL,0
hwct45dock5-3,CT45-5CB-UVB-3,HONEYWELL,0
hwct45dock5-4,CT45-5CB-UVB-2,HONEYWELL,40
hwct45dock5-6,CT45-5CB-UVB-BAT-2,HONEYWELL,0
hwct45dock5-8,CT45-5CB-UVN-BAT-2,HONEYWELL,8
hwct45dock5euc,3007-4683-001,HONEYWELL,11
hwct45dockins,CT45-VD-IST,HONEYWELL,6
hwct45handle,CT45-SH-UVB,HONEYWELL,68
hwct45handle2,CT45-SH-UVN,HONEYWELL,0
hwct45insert,CT45-SN-IST,HONEYWELL,0
hwct45sp,CT45-SP-1PK,HONEYWELL,160
hwct45vdock,CT45-VD-CNV,HONEYWELL,122
hwct47,CT47-X0N-37D100G,HONEYWELL,84
hwct47-10,CT47-X1N-57D1E0G,HONEYWELL,79
hwct47-11,CT47-X1N-5ED1E0G,HONEYWELL,79
hwct47-12,CT47-X1N-58D1E0G,HONEYWELL,5
hwct47-13,CT47-X1N-58D1E1G,HONEYWELL,0
hwct47-14,CT47-X1N-5ED1E1G,HONEYWELL,0
hwct47-2,CT47-X0N-3ED100G,HONEYWELL,36
hwct47-3,CT47-X0N-38D100G,HONEYWELL,44
hwct47-4,CT47-X0N-57D100G,HONEYWELL,0
hwct47-5,CT47-X0N-5ED100G,HONEYWELL,12
hwct47-6,CT47-X0N-58D100G,HONEYWELL,0
hwct47-7,CT47-X1N-37D1E0G,HONEYWELL,145
hwct47-8,CT47-X1N-3ED1E0G,HONEYWELL,43
hwct47-9,CT47-X1N-38D1E0G,HONEYWELL,2
hwct47bat,CT4X-BTSC-001,HONEYWELL,460
hwct47boot,CT47-PB-1,HONEYWELL,570
hwct47hndstrp,CT47-HS-3PK-2,HONEYWELL,5
hwct47hstrap,CT47-HS-3PK,HONEYWELL,0
hwct47scrprot-2,CT47-SP-1PK-1,HONEYWELL,228
hwct4xbat,CT4X-BTSC-002,HONEYWELL,2
hwct4xbtp,CT4X-BTNA-001,HONEYWELL,0
hwct4xchrg,CT4X-QBC-1BAY-2,HONEYWELL,1
hwct4xhandle,CT4X-SH-UVB,HONEYWELL,265
hwct50bat-4,318-055-020,HONEYWELL,0
hwct50bat-5,318-055-112,HONEYWELL,0
hwct50cab,CT50-MC-CABLE,HONEYWELL,0
hwct50cb,CT50-CB-2,HONEYWELL,9
hwct50cb0,CT50-CB-0,HONEYWELL,9
hwct50dock,CT50-NB-0,HONEYWELL,0
hwct50eb0r,CT50-EB-0-R,HONEYWELL,0
hwct50eb2,CT50-EB-2-R,HONEYWELL,7
hwct50hb2r,CT50-HB-2-R,HONEYWELL,31
hwct50hbr,CT50-HB-0-R,HONEYWELL,0
hwct50mb,CT50-MB-1,HONEYWELL,0
hwct50mc,CT50-MC,HONEYWELL,0
hwct50pwr,50121666-001,HONEYWELL,0
hwct50pwr2,50121667-001,HONEYWELL,0
hwct50qb3,CT50-QBC-2-R,HONEYWELL,10
hwct50sch,CT50-SCH,HONEYWELL,61
hwct50stylus,213-048-001,HONEYWELL,31
hwct50ucab,321-576-004,HONEYWELL,30
hwct50usb,CT50-USB,HONEYWELL,0
hwct60-2,CT60-L0N-ASC210E,HONEYWELL,1
hwct60bata,318-055-013,HONEYWELL,0
hwct60cup,CT60-UCP-N,HONEYWELL,0
hwct60db,CT60-DB-UVN-0,HONEYWELL,0
hwct60db-2,CT60-DB-UVN-2,HONEYWELL,0
hwct60db-3,CT60-DB-UVN-3,HONEYWELL,0
hwct60ebuvn-2,CT60-EB-UVN-2,HONEYWELL,0
hwct60ehb,CT60-EB-UVN-0,HONEYWELL,0
hwct60ehb-2,CT60-EB-UVN-3,HONEYWELL,0
hwct60fdock,50135809-001-K,HONEYWELL,0
hwct60handle,CT60-XP-SCH-DR,HONEYWELL,41
hwct60hb,CT60-HB-UVN-0,HONEYWELL,0
hwct60hb-2,CT60-HB-UVN-2,HONEYWELL,0
hwct60hb-3,CT60-HB-UVN-3,HONEYWELL,0
hwct60mb,CT50-MB-1-XP,HONEYWELL,0
hwct60nb,CT60-NB-UVN-0,HONEYWELL,0
hwct60nb-2,CT60-NB-UVN-2,HONEYWELL,2
hwct60nb-3,CT60-NB-UVN-3,HONEYWELL,0
hwct60xpbat,318-055-018,HONEYWELL,0
hwct60xpbat2,318-055-019,HONEYWELL,0
hwct70,CT70-X1N-058CS104G,HONEYWELL,112
hwct70-2,CT70-X1N-057CS104G,HONEYWELL,3
hwct70-3,CT70-L0N-058CS104G,HONEYWELL,3
hwct70-4,CT70-L0N-057CS104G,HONEYWELL,79
hwct70-5,CT70-L0N-058CE104G,HONEYWELL,0
hwct70-6,CT70-L0N-057CE104G,HONEYWELL,0
hwct70-7,CT70-X1N-057CE104G,HONEYWELL,0
hwct70-8,CT70-X1N-057CW104G,HONEYWELL,0
hwct70-9,CT70-X1N-058CW104G,HONEYWELL,0
hwct7016bayb,CT70-16BAY-BAT-0,HONEYWELL,0
hwct7016bayb-2,CT70-16BAY-BAT-2,HONEYWELL,0
hwct7016bayb-3,CT70-16BAY-BAT-3,HONEYWELL,0
hwct704cb,CT70-CB-UVX-2,HONEYWELL,0
hwct704cb-2,CT70-CB-UVX-3,HONEYWELL,0
hwct704nb,CT70-NB-UVX-0,HONEYWELL,0
hwct704nb-eu,CT70-NB-UVX-2,HONEYWELL,0
hwct704nb-uk,CT70-NB-UVX-3,HONEYWELL,0
hwct705cb,CT70-5CB-UVX-BAT-0,HONEYWELL,11
hwct705cb-2,CT70-5CB-UVX-BAT-2,HONEYWELL,0
hwct705cb-3,CT70-5CB-UVX-BAT-3,HONEYWELL,0
hwct705cb-4,CT70-5CB-UVX-0,HONEYWELL,0
hwct705cb-5,CT70-5CB-UVX-2,HONEYWELL,0
hwct705cb-6,CT70-5CB-UVX-3,HONEYWELL,0
hwct705nb,CT70-5NB-UVX-BAT-0,HONEYWELL,16
hwct705nb-2,CT70-5NB-UVX-BAT-2,HONEYWELL,0
hwct705nb-3,CT70-5NB-UVX-BAT-3,HONEYWELL,0
hwct705nb-4,CT70-5NB-UVX-0,HONEYWELL,11
hwct705nb-5,CT70-5NB-UVX-2,HONEYWELL,0
hwct705nb-6,CT70-5NB-UVX-3,HONEYWELL,0
hwct70bat,CT70-BTSC-001,HONEYWELL,0
hwct70bat-2,CT70-BTWC-001,HONEYWELL,0
hwct70bcup,CT70-QBC-CUP,HONEYWELL,13
hwct70ddock,CT70-DB-UVX-0,HONEYWELL,0
hwct70ddock-eu,CT70-DB-UVX-2,HONEYWELL,0
hwct70ddock-uk,CT70-DB-UVX-3,HONEYWELL,0
hwct70extbat,CT70-BTEC-001,HONEYWELL,0
hwct70hand,CT70-SH-UVB,HONEYWELL,42
hwct70hand-2,CT70-SH-UVN,HONEYWELL,0
hwct70hbase,CT70-HB-UVX-0,HONEYWELL,14
hwct70hbase-2,CT70-HB-UVX-2,HONEYWELL,0
hwct70hbase-3,CT70-HB-UVX-3,HONEYWELL,0
hwct70hbase-4,CT70-EB-UVX-0,HONEYWELL,0
hwct70hbase-5,CT70-EB-UVX-2,HONEYWELL,0
hwct70hbase-6,CT70-EB-UVX-3,HONEYWELL,0
hwct70hbasecup,CT70-UCP-BAT,HONEYWELL,0
hwct70holst,CT70-HST-1,HONEYWELL,8
hwct70pboot,CT70-PB-GRY,HONEYWELL,3
hwct70qbc,CT70-QBC-0,HONEYWELL,0
hwct70qbc-2,CT70-QBC-2,HONEYWELL,0
hwct70qbc-3,CT70-QBC-3,HONEYWELL,0
hwct70screen,CT70-SP-1,HONEYWELL,44
hwct70tcup,CT70-UCP,HONEYWELL,0
hwct70vdock,CT70-VD-WD,HONEYWELL,990
hwct70wdck,CT70-VD-WL-SPK,HONEYWELL,0
hwct70wkit,CT70-WS-KIT,HONEYWELL,8
hwct70x1n,CT70-X1N-058CE104G,HONEYWELL,0
hwcutkpm45,50180206-001,HONEYWELL,0
hwcutkpm45c,50180201-001,HONEYWELL,0
hwcw45,CW45-X0N-AND10XG,HONEYWELL,9
hwcw45-2,CW45-X0N-AND10SG,HONEYWELL,182
hwcw45-3,CW45-X0N-BND10SG,HONEYWELL,0
hwcw45-4,CW45-X0N-BND10XG,HONEYWELL,0
hwcw45amount,CW45-MOUNT,HONEYWELL,0
hwcw45amount5,CW45-CPAD,HONEYWELL,0
hwcw45armstl,CW45-STRAP-L,HONEYWELL,35
hwcw45armstm,CW45-STRAP-M,HONEYWELL,0
hwcw45armsts,CW45-STRAP-S,HONEYWELL,0
hwcw45bat,CW45-BAT-S,HONEYWELL,28
hwcw45bchg4,CW45-CB-UVN-0,HONEYWELL,1
hwcw45bchg4-2,CW45-QBC-0,HONEYWELL,1
hwcw45bchg5,CW45-5CB-UVN-0,HONEYWELL,0
hwcw45ebat,CW45-BAT-EX,HONEYWELL,0
hwcw45hbe,CW45-EB-UVN-0,HONEYWELL,0
hwcw45scrs,CW45-SP-5PK,HONEYWELL,0
hwcx80bat,CX80-BAT-EXT-WRLS1,HONEYWELL,0
hwcx80stylus5,CX80-STY-5PK,HONEYWELL,0
hweasygs1,TF2-EZGS1,HONEYWELL,9999
hweda10a,EDA10A-11BE94N21RK,HONEYWELL,1378
hweda10a-2,EDA10A-00BE91N21RK,HONEYWELL,0
hweda10a-3,EDA10A-11BE64N21RK,HONEYWELL,0
hweda10a-4,EDA10A-00BE61N21RK,HONEYWELL,0
hweda10a-5,EDA10A-SP-1PK,HONEYWELL,64
hweda10a-6,EDA10A-11B064N21RK,HONEYWELL,1
hweda10a-7,EDA10A-00B061N21RK,HONEYWELL,27
hweda10a-8,EDA10A-00B091N21RK,HONEYWELL,8
hweda10a-9,EDA10A-11B094N21RK,HONEYWELL,0
hweda10a2p,EDA10A-DCLIP-1PK,HONEYWELL,0
hweda10abat,EDA10A-BAT,HONEYWELL,0
hweda10abch,EDA10A-CB-3,HONEYWELL,0
hweda10abch-2,EDA10A-QBC-3,HONEYWELL,0
hweda10abch-3,EDA10A-QBC-2,HONEYWELL,0
hweda10acb-2,EDA10A-CB-2,HONEYWELL,3
hweda10adock,EDA10A-SC-R,HONEYWELL,192
hweda10astl,EDA10A-STL-1PKC,HONEYWELL,182
hweda10ddock-2,EDA10A-DB-2,HONEYWELL,305
hweda10ddock-3,EDA10A-DB-3,HONEYWELL,0
hweda10hstrap,EDA10A-HS-1PK,HONEYWELL,0
hweda10rboot,EDA10A-RB-0,HONEYWELL,0
hweda10sstrap,EDA10A-SS-1PK,HONEYWELL,0
hweda504chg,EDA50K-QBC-E,HONEYWELL,0
hweda504chg3,EDA50-QBC-3,HONEYWELL,0
hweda504chg4,EDA50-QBC-2,HONEYWELL,0
hweda50bat,BAT-EDA50K-1,HONEYWELL,152
hweda50chg,EDA50-CB-2,HONEYWELL,0
hweda50kchg,EDA50K-CB-2,HONEYWELL,0
hweda50kchg-uk,EDA50K-CB-3,HONEYWELL,0
hweda51hb,EDA51-HB-2,HONEYWELL,0
hweda51hb-uk,EDA51-HB-3,HONEYWELL,0
hweda51k1pk,EDA51K-HS-1PK,HONEYWELL,20
hweda51kshkit,EDA51K-SH-R,HONEYWELL,2
hweda51prot10,EDA51-SP-10PK,HONEYWELL,10
hweda51ruboot,50141376-001,HONEYWELL,0
hweda51shkit,EDA51-SH-R,HONEYWELL,27
hweda51sprot,EDA51K-SP-10PK,HONEYWELL,0
hweda51strap,50141384-001,HONEYWELL,30
hweda52,EDA52-11AE34N21RK,HONEYWELL,150
hweda52-10,EDA52-11AE64N21RK,HONEYWELL,770
hweda52-18,EDA52-1HA734N21RK,HONEYWELL,0
hweda52-19,EDA52-0HA761N21RK,HONEYWELL,2
hweda52-20,EDA52-1HA764N21RK,HONEYWELL,0
hweda52-21,EDA52-0HA731N21RK,HONEYWELL,0
hweda52-3,EDA52-00AE31N21RK,HONEYWELL,366
hweda52-4,EDA52-00AE61N21RK,HONEYWELL,165
hweda52-9,EDA52-11A034N21RK,HONEYWELL,0
hweda524chg,EDA52-CB-2,HONEYWELL,140
hweda524chguk,EDA52-CB-3,HONEYWELL,0
hweda52badap,EDA52-ADC,HONEYWELL,679
hweda52base4,EDA52-NB-UVN-2,HONEYWELL,1
hweda52bat,50172021-001,HONEYWELL,0
hweda52boot,EDA52-RB-0,HONEYWELL,402
hweda52chg,EDA52-HB-2,HONEYWELL,366
hweda52chg2,EDA52-QBC-2,HONEYWELL,0
hweda52chg4,EDA52-QBC-3,HONEYWELL,0
hweda52chguk,EDA52-HB-3,HONEYWELL,0
hweda52ddock,EDA52-DB-UVN-2,HONEYWELL,100
hweda52hand,EDA52-SH-R,HONEYWELL,258
hweda52ih25b,IH25-BR-5,HONEYWELL,0
hweda52mblhs,MBL-HDST-USBC,HONEYWELL,31
hweda52nonboot,EDA52-EB-UN-2,HONEYWELL,2
hweda52prot,EDA52-SP-10PK,HONEYWELL,132
hweda52strap,EDA52-HS-10PK,HONEYWELL,346
hweda52ucup,EDA52-SN-USB-0,HONEYWELL,40
hweda52ucup2,EDA52-UCP-N,HONEYWELL,194
hweda52wstrap,EDA52-WS-10PK,HONEYWELL,34
hweda56,EDA56-00AE61N21RK,HONEYWELL,14
hweda56-2,EDA56-00AE6BN21RK,HONEYWELL,29
hweda57,EDA57-11BE91H21RK,HONEYWELL,173
hweda57-2,EDA57-11BE61H21RK,HONEYWELL,14
hweda57-4,EDA57-11BE91F21RK,HONEYWELL,1
hweda5s,EDA5S-11AE64N21RK,HONEYWELL,15
hweda5s-2,EDA5S-00AE61N21RK,HONEYWELL,0
hweda5s-3,EDA5S-11AE34N21RK,HONEYWELL,0
hweda5s-4,EDA5S-00AE31N21RK,HONEYWELL,0
hweda5s-5,EDA5S-11AE84N21RK,HONEYWELL,0
hweda5s-6,EDA5S-11A034N21RK,HONEYWELL,1
hweda5s-7,EDA5S-00AE81N21RK,HONEYWELL,0
hweda5sbat,50177747-001,HONEYWELL,22
hweda5schg,EDA5S-HB-R,HONEYWELL,5
hweda61-3,EDA61K-0AC934PEOK,HONEYWELL,0
hweda61bat,50149348-001,HONEYWELL,111
hweda61cabu,CBL-500-120-S00-05,HONEYWELL,80
hweda61cb,EDA61K-CB-2,HONEYWELL,0
hweda61cbuk,EDA61K-CB-3,HONEYWELL,0
hweda61hb,EDA61K-HB-0,HONEYWELL,27
hweda61hb2,EDA61K-HB-2,HONEYWELL,29
hweda61hb3,EDA61K-HB-3,HONEYWELL,14
hweda61shan,EDA61K-SH-DC,HONEYWELL,21
hweda61sp10,EDA61K-SP-10PK,HONEYWELL,0
hweda61strap,EDA61K-HS-3PK,HONEYWELL,0
hweda61strap2,EDA61K-SHS-3PK,HONEYWELL,0
hweda70bat,EDA70-BAT-EXT-1,HONEYWELL,0
hweda70chg,EDA70-CB-2,HONEYWELL,24
hweda70crd,EDA70-HB-R,HONEYWELL,0
hweda70hstrap,50137174-001,HONEYWELL,0
hweda70plug,50136024-001,HONEYWELL,249
hweda70sstrap,50137020-001,HONEYWELL,0
hweda70ucup,EDA70-UC-R,HONEYWELL,0
hwedabat,50129589-001,HONEYWELL,128
hwedacabu,CBL-500-120-S00-03,HONEYWELL,60
hwedachg,EDA50-HB-R,HONEYWELL,451
hwedakchg,EDA50K-HB-R,HONEYWELL,31
hwedapcabu2,50130570-001,HONEYWELL,450
hwedastrap,50125028-001,HONEYWELL,0
hwhf800acc,HCB-PWR-01,HONEYWELL,0
hwhf810nb,HF810-01BT00004K-R,HONEYWELL,0
hwhf810nr,HF810-01RT00004K-R,HONEYWELL,0
hwhf810nw,HF810-01WT00004K-R,HONEYWELL,0
hwhf810wb,HF810-11BT00004K-R,HONEYWELL,0
hwhf810wr,HF810-11RT00004K-R,HONEYWELL,0
hwhf810ww,HF810-11WT00004K-R,HONEYWELL,0
hwhf811nb,HF811-01BT00004K-R,HONEYWELL,0
hwhf811nr,HF811-01RT00004K-R,HONEYWELL,0
hwhf811nw,HF811-01WT00004K-R,HONEYWELL,0
hwhf811wb,HF811-11BT00004K-R,HONEYWELL,0
hwhf811wr,HF811-11RT00004K-R,HONEYWELL,0
hwhf811ww,HF811-11WT00004K-R,HONEYWELL,0
hwhf81xps,HCB-PWR-02,HONEYWELL,5
hwholder,HOLDER-008-U,HONEYWELL,32
hwholster2,HOLSTER-1,HONEYWELL,0
hwih21adap,IH21-EPL-EDA50,HONEYWELL,3
hwih21covct40,IH21-EPL-CT40,HONEYWELL,25
hwih25brct40,IH25-BR-2,HONEYWELL,0
hwih25brct60,IH25-BR-3,HONEYWELL,0
hwih25breda51,IH25-BR-1,HONEYWELL,0
hwih40sle,IH40-ADP-SLV,HONEYWELL,0
hwih45,IH45-0-N001S00OK,HONEYWELL,294
hwihbat,50181029-001,HONEYWELL,0
hwkitph600,50180234-001,HONEYWELL,0
hwkitplro,50180235-001,HONEYWELL,56
hwkitrot,203-977-001,HONEYWELL,13
hwkitwlanrow-2,50174832-002,HONEYWELL,14
hwlabdisp,50180196-001,HONEYWELL,0
hwlaunch,LAUNCH-001,HONEYWELL,9999
hwlic,454-076-002,HONEYWELL,9999
hwmdarm,50180192-001,HONEYWELL,0
hwmpd31d,MPD31D111,HONEYWELL,0
hwmpd31d-2,MPD31D118,HONEYWELL,0
hwmpd31dba,MPD31D-BA,HONEYWELL,0
hwmpd31dc,MPD31D-C,HONEYWELL,0
hwmplnx3,LNX3-1-N00B101,HONEYWELL,0
hwmplnx3-1,LNX3-0-N00B101,HONEYWELL,1
hwpc41ed,PC41EDB010200,HONEYWELL,0
hwpc41ed-2,PC41EDB010300,HONEYWELL,5
hwpc42cabusb,CBL-500-150-S00-01,HONEYWELL,290
hwpc42ea,3012-6759-001,HONEYWELL,12
hwpc42ed,PC42EDB020300,HONEYWELL,5
hwpc42ed-2,PC42EDW020200,HONEYWELL,9
hwpc42ed-3,PC42EDB021200,HONEYWELL,0
hwpc42psuh,50138044-001,HONEYWELL,0
hwpc45,PC45D000000200,HONEYWELL,168
hwpc45-2,PC45D00EU00200,HONEYWELL,3
hwpc45-3,PC45D100000200,HONEYWELL,0
hwpc45-4,PC45D200000200,HONEYWELL,0
hwpc45-5,PC45T000000200,HONEYWELL,27
hwpc45-6,PC45T000000300,HONEYWELL,1
hwpc45-8,PC45T020000200,HONEYWELL,267
hwpc45ctray,205-190-007,HONEYWELL,0
hwpc45cut,205-187-006,HONEYWELL,1
hwpc45cutt,205-188-006,HONEYWELL,0
hwpc45d02,PC45D020000200,HONEYWELL,8
hwpc45ehold,205-190-005,HONEYWELL,0
hwpc45lcut,205-187-004,HONEYWELL,0
hwpc45lprol,205-187-003,HONEYWELL,0
hwpc45smodul,205-187-001,HONEYWELL,0
hwpc45sstripr,205-188-001,HONEYWELL,0
hwpd45,PD4500B0030000200,HONEYWELL,1
hwpd45-17,PD45S0FE010000200,HONEYWELL,0
hwpd45-18,PD45S0CE010000200,HONEYWELL,0
hwpd45-19,PD45S0CE010000300,HONEYWELL,0
hwpd45-20,PD45S0CE010020200,HONEYWELL,10
hwpd45-21,PD45S0CE010020300,HONEYWELL,0
hwpd45-23,PD45S0FE010000300,HONEYWELL,0
hwpd45-24,PD45S0FE010020200,HONEYWELL,0
hwpd45-25,PD45S0FE010020300,HONEYWELL,0
hwpd45-26,PD45S1FE010000200,HONEYWELL,0
hwpd45-27,PD45S1FE010000300,HONEYWELL,0
hwpd45-28,PD45S1FE010020200,HONEYWELL,0
hwpd45-29,PD45S1FE010020300,HONEYWELL,0
hwpd45-3,PD4500BE030000300,HONEYWELL,0
hwpd45-30,PD4500BE030000200,HONEYWELL,0
hwpd45-32,PD4500CE010000200,HONEYWELL,27
hwpd45-33,PD4500CE010000300,HONEYWELL,0
hwpd45appli,50180158-001,HONEYWELL,0
hwpd45cut,50178579-001,HONEYWELL,0
hwpd45par,50180156-001,HONEYWELL,0
hwpd45ph2,50178577-001,HONEYWELL,12
hwpd45ph2s,50177476-001,HONEYWELL,10
hwpd45ph3,50178578-001,HONEYWELL,0
hwpd45ph3s,50178575-001,HONEYWELL,0
hwpd45platen,50178576-001,HONEYWELL,0
hwpd45wifimod,50180825-001,HONEYWELL,3
hwph203,50180236-001,HONEYWELL,46
hwph300,50180237-001,HONEYWELL,0
hwph406,50180238-001,HONEYWELL,0
hwphpm23,710-228S-001,HONEYWELL,0
hwpm42plat,50133094-001,HONEYWELL,0
hwpm45,PM45A10000000200,HONEYWELL,265
hwpm45-2,PM45A10000030200,HONEYWELL,57
hwpm45-3,PM45CA1000030200,HONEYWELL,21
hwpm45-4,PM45CA1200030210,HONEYWELL,0
hwpm45-5,PM45A10000000600,HONEYWELL,0
hwpm45fbrew,50178308-001,HONEYWELL,0
hwpm45indi,PM45-IND-01,HONEYWELL,0
hwpm465,50180233-001,HONEYWELL,0
hwpm65,PM65A10000030200,HONEYWELL,0
hwpm65-10,PM65A00000000200,HONEYWELL,0
hwpm65-11,PM65A00000000210,HONEYWELL,0
hwpm65-12,PM65A00000000300,HONEYWELL,1
hwpm65-13,PM65A00000000310,HONEYWELL,0
hwpm65-14,PM65A10000000200,HONEYWELL,0
hwpm65-15,PM65A10000000300,HONEYWELL,0
hwpm65-2,PM65A10000030300,HONEYWELL,0
hwpm65-4,PM65A10010030200,HONEYWELL,0
hwpm65-5,PM65A10010030300,HONEYWELL,0
hwpm65-6,PM65A12000000200,HONEYWELL,0
hwpm65-7,PM65A12000000300,HONEYWELL,0
hwpm65-8,PM65A12000030200,HONEYWELL,0
hwpm65-9,PM65A12000030300,HONEYWELL,0
hwportkit,50151883-001,HONEYWELL,0
hwpowadap,VE027-8024-C0,HONEYWELL,0
hwpr2case,50134863-001,HONEYWELL,0
hwpsu5v4,PS-05-1000W-C,HONEYWELL,247
hwpsu5vuk,PS-05-1000W-G,HONEYWELL,0
hwpwrsupt,9000313PWRSPLY,HONEYWELL,0
hwpx45rfidkit,50147010-002,HONEYWELL,0
hwpx6int,50147017-001,HONEYWELL,0
hwpx6rfidkit,50147012-002,HONEYWELL,0
hwpx940ph2,50151886-001,HONEYWELL,0
hwpx940ph6,50151888-001,HONEYWELL,0
hwpx940platr,50151881-001,HONEYWELL,0
hwpx940wlan,50151893-001,HONEYWELL,0
hwramarm1,RAM-B-166-202U,HONEYWELL,36
hwrj45cab,CBL-500-150-S00-05,HONEYWELL,0
hwrp2bat-2,50166632-001,HONEYWELL,0
hwrp2f,RP2F0000D20,HONEYWELL,0
hwrp2f-2,RP2F0001D20,HONEYWELL,0
hwrp2f-3,RP2F0000B10,HONEYWELL,0
hwrp2f-4,RP2F0001B10,HONEYWELL,0
hwrp2w2,RP2A0000C30,HONEYWELL,77
hwrp4bat-2,50138010-001,HONEYWELL,0
hwrp4case,750336-000,HONEYWELL,0
hwrp4f,RP4F0000D22,HONEYWELL,0
hwrp4f-2,RP4F0001D22,HONEYWELL,0
hwrp4f-3,RP4F0000B12,HONEYWELL,8
hwrp4f-4,RP4F0001B12,HONEYWELL,0
hwrp4qd,RP4-QD-0,HONEYWELL,0
hwrp4veh,229044-000,HONEYWELL,4
hwrpchg1,229042-000,HONEYWELL,4
hwrpchg4,220540-000,HONEYWELL,0
hwrpchg5,229043-000,HONEYWELL,0
hwrs232uartkit,50151884-001,HONEYWELL,0
hwrt10,RT10A-L1N-17C12S0E,HONEYWELL,0
hwrt10-10,RT10A-L0N-18C22S0E,HONEYWELL,0
hwrt10-17,RT10W-L00-17C12S0E,HONEYWELL,0
hwrt10-18,RT10W-L00-17C12E0E,HONEYWELL,0
hwrt10-2,RT10A-L1N-18C12S0E,HONEYWELL,0
hwrt10-24,RT10A-L0N-27C12S2E,HONEYWELL,0
hwrt10-25,RT10W-L00-27C12S0E,HONEYWELL,0
hwrt10-26,RT10A-L0N-38C12S0E,HONEYWELL,0
hwrt10-27,RT10A-L1N-37C12S1E,HONEYWELL,0
hwrt10-28,RT10A-L0N-37C12S0E,HONEYWELL,0
hwrt10-3,RT10A-L1N-18C12E0E,HONEYWELL,0
hwrt10-30,RT10A-L1N-38C12S0E,HONEYWELL,0
hwrt10-31,RT10A-L1N-37C12S0E,HONEYWELL,0
hwrt10-4,RT10A-L1N-18C22S0E,HONEYWELL,0
hwrt10-5,RT10A-L1N-18C12S1E,HONEYWELL,0
hwrt10-6,RT10A-L1N-17C12S1E,HONEYWELL,0
hwrt10-7,RT10A-L0N-17C12S0E,HONEYWELL,0
hwrt10-8,RT10A-L0N-18C12S0E,HONEYWELL,0
hwrt10-9,RT10A-L0N-18C12E0E,HONEYWELL,29
hwrt1086key,9000186KEYBRD,HONEYWELL,0
hwrt10bag,RT10-CASE,HONEYWELL,38
hwrt10bat,RT10-BAT-STD1,HONEYWELL,0
hwrt10batchg,RT10-BC-2,HONEYWELL,0
hwrt10bate,RT10-BAT-EXT1,HONEYWELL,0
hwrt10cabch,RT10-PWR-CABLE-SWI,HONEYWELL,0
hwrt10cabdk,RT10-PWR-CABLE-DMK,HONEYWELL,1
hwrt10cabeu,RT10-PWR-CABLE-EU,HONEYWELL,0
hwrt10cabit,RT10-PWR-CABLE-ITA,HONEYWELL,46
hwrt10cabuk,RT10-PWR-CABLE-UK,HONEYWELL,44
hwrt10dd,RT10-CD,HONEYWELL,2
hwrt10ddock,RT10-DD,HONEYWELL,1
hwrt10hstrap,RT10-HS-1,HONEYWELL,0
hwrt10keyp,RT10-KEYBD-PLATE,HONEYWELL,14
hwrt10pigcab,RT10-VM-POWER-CVRT,HONEYWELL,0
hwrt10ps,RT10-PWR,HONEYWELL,5
hwrt10scprot,RT10-SCREEN-FILM1,HONEYWELL,0
hwrt10scr,RT10-CAC,HONEYWELL,0
hwrt10sstrap,RT10-SS-1,HONEYWELL,0
hwrt10stylus,RT10-STY-1,HONEYWELL,2
hwrt10vehchg,RT10-MC,HONEYWELL,0
hwrt10vehcrd,RT10-VC,HONEYWELL,0
hwrt10vehcrd2,RT10-EVC,HONEYWELL,4
hwrt10vehdock,RT10-VD,HONEYWELL,0
hwrt10vehdock2,RT10-EVD,HONEYWELL,7
hwrt10vram,RT10-MNT-RAM,HONEYWELL,0
hwsf61bat,SF61-BAT-S002,HONEYWELL,0
hwsl224chg2,SL-CB-C-2,HONEYWELL,0
hwsl22hb,SL-HB-C-1,HONEYWELL,0
hwsl22lanya,SL-LANYARD-1,HONEYWELL,0
hwslbat,BAT-MOB00,HONEYWELL,0
hwspbatlynx3,LNX3-BAT,HONEYWELL,0
hwsvc1980-15n,SVC1980I-SG5N,HONEYWELL,9999
hwsvc1981-5n,SVC1981I-SG5N,HONEYWELL,9999
hwsvc2100exw-1,SVC2100I-EXW2,HONEYWELL,9999
hwsvc2100exw-2,SVC2100I-EXW3,HONEYWELL,9999
hwsvc61k-3,SVCEDA61K-SG3N,HONEYWELL,9999
hwsvcandrm-2,SVCANDROID-MOB2,HONEYWELL,9999
hwsvcandrm-3,SVCANDROID-MOB3,HONEYWELL,9999
hwsvcandrm-4,SVCANDROID-MOB4,HONEYWELL,9999
hwsvcandrm-5,SVCANDROID-MOB5,HONEYWELL,9999
hwsvcck62-sg3,SVCCK62-SG3N,HONEYWELL,9999
hwsvcck62-sg5,SVCCK62-SG5N,HONEYWELL,9999
hwsvcck65-55,SVCCK65-SP5N,HONEYWELL,9999
hwsvcck65-p3,SVCCK65-SP3N,HONEYWELL,9999
hwsvcck65-sg3,SVCCK65-SG3N,HONEYWELL,9999
hwsvcck65-sg5,SVCCK65-SG5N,HONEYWELL,9999
hwsvcck67-3,SVCCK67-SG3N,HONEYWELL,9999
hwsvcck67-5,SVCCK67-SG5N,HONEYWELL,9999
hwsvcck67-exw2,SVCCK67-EXW2,HONEYWELL,9999
hwsvcck67-gp5n,SVCCK67-GP5N,HONEYWELL,9999
hwsvcck67-sp3,SVCCK67-SP3N,HONEYWELL,9999
hwsvcck67-sp5,SVCCK67-SP5N,HONEYWELL,9999
hwsvccn80-5n,SVCCN80-SP5N,HONEYWELL,9999
hwsvccn80-s3,SVCCN80-SG3N,HONEYWELL,9999
hwsvcct37-g3,SVCCT37-SG3N,HONEYWELL,9999
hwsvcct37-g5,SVCCT37-SG5N,HONEYWELL,9999
hwsvcct37-gp3,SVCCT37-GP3N,HONEYWELL,9999
hwsvcct37-gp5,SVCCT37-GP5N,HONEYWELL,9999
hwsvcct40-55,SVCCT40-SG5N,HONEYWELL,9999
hwsvcct40-e3,SVCCT40-SG3N,HONEYWELL,9999
hwsvcct45-5n,SVCCT45-SG5N,HONEYWELL,9999
hwsvcct45xp-3,SVCCT45XP-SG3N,HONEYWELL,9999
hwsvcct45xp-5,SVCCT45XP-SG5N,HONEYWELL,9999
hwsvcct47-sg3,SVCCT47-SG3N,HONEYWELL,9999
hwsvcct47-sg5,SVCCT47-SG5N,HONEYWELL,9999
hwsvcct60-sg3n,SVCCT60-SG3N,HONEYWELL,9999
hwsvcct60-sg5n,SVCCT60-SG5N,HONEYWELL,9999
hwsvceda10-3n,SVCEDA10-SG3N,HONEYWELL,9999
hwsvceda10-5n,SVCEDA10-SG5N,HONEYWELL,9999
hwsvceda51-1r,SVCEDA51-SG1R,HONEYWELL,9999
hwsvceda51-s3,SVCEDA51-SG3N,HONEYWELL,9999
hwsvceda51k-3,SVCEDA51K-SG3N,HONEYWELL,9999
hwsvceda52-3n,SVCEDA52-SG3N,HONEYWELL,9999
hwsvceda52-3n2,SVCEDA52-SP3N,HONEYWELL,9999
hwsvceda52-5n,SVCEDA52-SG5N,HONEYWELL,9999
hwsvceda56-3n,SVCEDA56-SG3N,HONEYWELL,9999
hwsvceda61k-1r,SVCEDA61K-SG1R,HONEYWELL,9999
hwsvceda71-3,SVCEDA71-SG3N,HONEYWELL,9999
hwsvceda71-3n,SVCEDA71-SP3N,HONEYWELL,9999
hwsvcpc43-3n,SVCPC43-SG3N,HONEYWELL,9999
hwsvcpm45-w2,SVCPM45-EXW2,HONEYWELL,9999
hwsvcpm45-w3,SVCPM45-EXW3,HONEYWELL,9999
hwsvcpx65-3n,SVCPX65-SG3N,HONEYWELL,9999
hwsvcpx65-5n,SVCPX65-SG5N,HONEYWELL,9999
hwsvcpx940-1r,SVCPX940-SG1R,HONEYWELL,9999
hwsvcpx940-sg3n,SVCPX940-SG3N,HONEYWELL,9999
hwsvcrep-3,SVCREPLACE-MOB3,HONEYWELL,9999
hwsvcrp2-5n2,SVCRP2-SG5N,HONEYWELL,9999
hwsvcrp4-1r,SVCRP4-SG1R,HONEYWELL,9999
hwsvcrp4-3n,SVCRP4-SG3N,HONEYWELL,9999
hwsvcrt10-3,SVCRT10-SG3N,HONEYWELL,9999
hwsvcvm1a-3,SVCVM1A-SG3N,HONEYWELL,9999
hwsvcvm1a-5,SVCVM1A-SG5N,HONEYWELL,9999
hwsvcvm5-5,SVCVM3-SG5N,HONEYWELL,9999
hwucab12,CBL-503-300-C00,HONEYWELL,0
hwucab123m,CBL-503-300-S00,HONEYWELL,0
hwucab124m,57-57227-N-3,HONEYWELL,0
hwucab125m,CBL-503-500-C00,HONEYWELL,2
hwucab55m,CBL-500-500-S00,HONEYWELL,0
hwvehadlynx3,LNX-VAC,HONEYWELL,0
hwvm1fpanel2,VM1A540FRONTPNL,HONEYWELL,0
hwvm2brktkit,VM1012BRACKET,HONEYWELL,0
hwvm3a,VM3A-L0N-1A2A20E,HONEYWELL,0
hwvm3a-10,VM3A-L0N-1B3A20E,HONEYWELL,0
hwvm3a-11,VM3A-L0N-1B4A20E,HONEYWELL,0
hwvm3a-3,VM3A-L0N-1A4A20E,HONEYWELL,0
hwvm3a-4,VM3A-L0N-1A4B20E,HONEYWELL,0
hwvm3a-5,VM3A-L0N-1A1A20E,HONEYWELL,0
hwvm3a-6,VM3A-L0N-1A1B20E,HONEYWELL,0
hwvm3a-7,VM3A-L0N-1B1A20E,HONEYWELL,0
hwvm3a-8,VM3A-L0N-1A6A20E,HONEYWELL,0
hwvm3a-9,VM3A-L0N-1A3A20E,HONEYWELL,0
hwvm3crd,VM3001VMCRADLE,HONEYWELL,14
hwvm3crd-3,VM3003VMCRADLE,HONEYWELL,0
hwvm3powcab,VM3078CABLE,HONEYWELL,0
hwvm3usbycab,VM3052CABLE,HONEYWELL,0
hwvmount2k,VMHOLDER2K,HONEYWELL,2
hwvmount3k,VMHOLDER3K,HONEYWELL,4
hwvmount4k,VMHOLDER4K,HONEYWELL,0
hwvoba,CCB01-010BT-V1N,HONEYWELL,20
hwyj500ucab,CBL-500-270-S00-01,HONEYWELL,0
hwyj600u2,"YJ HF600-1-2USB",HONEYWELL,2
idnspr332,905127-1,IDENTIVE,71
iiy1051,TE10518UWI-B1AG,IIYAMA,0
iiy10551,LH10551UWS-B1AG,IIYAMA,0
iiy1515,TF1515MC-B2,IIYAMA,0
iiy1532msc-2,T1532MSC-B1S,IIYAMA,98
iiy1615,TF1615MC-B1,IIYAMA,3
iiy1624msc,T1624MSC-B1,IIYAMA,9
iiy1633,T1633MSC-B1,IIYAMA,27
iiy1634mc8,TF1634MC-B8X,IIYAMA,13
iiy1671,P1671HSC-B1,IIYAMA,0
iiy1721mscb-2,T1721MSC-B2,IIYAMA,24
iiy1731,T1731SR-B1S,IIYAMA,60
iiy1732,T1732MSC-B1S,IIYAMA,64
iiy1732-2,T1732MSC-B1SAG,IIYAMA,16
iiy2234-10,TF2234MC-B7X,IIYAMA,38
iiy2234-11,TF2234MC-B7AGB,IIYAMA,0
iiy2238,TF2238MSC-B1,IIYAMA,0
iiy2238-2,T2238MSC-B1,IIYAMA,0
iiy2254t-2,T2254MSC-B2AG,IIYAMA,16
iiy2293-3,XUB2293HS-B6,IIYAMA,0
iiy22934,XU2293HS-B6,IIYAMA,0
iiy2438,TF2438MSC-B1,IIYAMA,4
iiy2452,T2452MSC-B1,IIYAMA,0
iiy2490-4,XUB2490HSUH-B2,IIYAMA,0
iiy2492hsub1,X2492HSU-B1,IIYAMA,0
iiy2492hsub1-2,XB2492HSU-B1,IIYAMA,0
iiy2492qsub1,XUB2492QSU-B1,IIYAMA,6
iiy2493b6-3,XU2493HS-B6,IIYAMA,0
iiy2493b6-4,XUB2493HS-B6,IIYAMA,0
iiy2497w1,XB2497HSU-W1,IIYAMA,0
iiy2595-2,XUB2595WSU-B5,IIYAMA,0
iiy2701,HB2701UHSNP-B1,IIYAMA,0
iiy2738-2,TF2738MSC-B2,IIYAMA,31
iiy2790qsuh-2,XUB2790QSUH-B2,IIYAMA,0
iiy2792hsub1-2,X2792HSU-B1,IIYAMA,0
iiy2792u-3,XUB2792UHSU-B6,IIYAMA,0
iiy2792uhsu-2,XU2792UHSU-B6,IIYAMA,0
iiy2797qsnw2,XUB2797QSN-W2,IIYAMA,0
iiy2797uhsnb,XUB2797UHSNP-B1,IIYAMA,0
iiy2797w2,XUB2797HSU-W2,IIYAMA,0
iiy3201,HB3201UHSNP-B1,IIYAMA,0
iiy3239-b1,TF3239AS-B1AG,IIYAMA,58
iiy3260,LH3260HS-B1AG,IIYAMA,38
iiy4339,TF4339AS-B1AG,IIYAMA,20
iiy4360-2,LH4360UHS-B2AG,IIYAMA,24
iiy4364,LH4364UHS-B1AG,IIYAMA,4
iiy5039-b1,TF5039AS-B1AG,IIYAMA,0
iiy5060,LH5060UHS-B1AG,IIYAMA,0
iiy5064,LH5064UHS-B1AG,IIYAMA,0
iiy5529,T5529AS-B1AG,IIYAMA,0
iiy5539-b1,TF5539AS-B1AG,IIYAMA,2
iiy5560-2,LH5560UHS-B2AG,IIYAMA,23
iiy5564-2,LH5564UHS-B1AG,IIYAMA,16
iiy5581-2,LH5581UHSG-1AG,IIYAMA,0
iiy6505a,TN6505A-B1AG,IIYAMA,0
iiy6513-b1,TE6513A-B1AG,IIYAMA,0
iiy6539as,TF6539AS-B1AG,IIYAMA,0
iiy6560-2,LH6560UHS-B2AG,IIYAMA,0
iiy6564,LH6564UHS-B1AG,IIYAMA,7
iiy6581,LH6581UHSG-1AG,IIYAMA,0
iiy7505a,TN7505A-B1AG,IIYAMA,0
iiy7575-2,LH7575UHS-B2AG,IIYAMA,0
iiy8605a,TN8605A-B1AG,IIYAMA,0
iiy8664-b3,LH8664UHS-B3AG,IIYAMA,0
iiy8675,LH8675UHS-B1AG,IIYAMA,0
iiy8675-2,LH8675UHS-B2AG,IIYAMA,1
iiy9864-b1,LE9864UHS-B1AG,IIYAMA,0
iiy9875-b2,LH9875UHS-B2AG,IIYAMA,0
iiyb1980sb1,B1980S-B1,IIYAMA,11
iiyb1980sw1,B1980S-W1,IIYAMA,16
iiyds1001,DS1001C-B1,IIYAMA,0
iiyds1002,DS1002C-B1,IIYAMA,0
iiyds1003c,DS1003C-B1,IIYAMA,0
iiyds3001c,DS3001C-B1,IIYAMA,35
iiyds3002,DS3002C-B1,IIYAMA,1
iiyle4341s1-2,LE4341S-B2,IIYAMA,4
iiyle4341uhs-2,LH4341UHS-B2,IIYAMA,21
iiyle5541uhs-2,LH5541UHS-B2,IIYAMA,19
iiylh3241s,LH3241S-B2,IIYAMA,5
iiylh3275,LH3275HS-B1AG,IIYAMA,0
iiylh4365,LH4365UHSB-B1,IIYAMA,0
iiylh4375-2,LH4375UHS-B2AG,IIYAMA,3
iiylh5041,LH5041UHS-B2AG,IIYAMA,0
iiylh5065,LH5065UHSB-B1AG,IIYAMA,0
iiylh5565,LH5565UHSB-B1,IIYAMA,1
iiylh5575-2,LH5575UHS-B2AG,IIYAMA,0
iiylh6565,LH6565UHSB-B1,IIYAMA,0
iiylh6575b2,LH6575UHS-B2AG,IIYAMA,0
iiylh7564,LH7564UHS-B1AG,IIYAMA,0
iiylh7565,LH7565UHSB-B1,IIYAMA,0
iiylh8665,LH8665UHSB-B1,IIYAMA,0
iiylift9,MD-CAR2031-B1,IIYAMA,1
iiyomk3,OMK3-1,IIYAMA,18
iiyomk4-3,OMK4-2,IIYAMA,0
iiyotf2216mc,OTF2216MC-B1,IIYAMA,0
iiys2225as,S2225AS-B1P,IIYAMA,0
iiys2425as,S2425AS-B1P,IIYAMA,0
iiysub2395wsu-b5,XUB2395WSU-B5,IIYAMA,0
iiyt1521msc-2,T1521MSC-B2,IIYAMA,85
iiyt1531b1s,T1531SR-B1S,IIYAMA,0
iiyt1931srb,T1931SR-B1S,IIYAMA,2
iiyt1932mscb1s,T1932MSC-B1S,IIYAMA,0
iiyt1932mscw1,T1932MSC-W1SAG,IIYAMA,0
iiyt2234b1s,T2234MSC-B1S,IIYAMA,0
iiyt2252mscs-2,T2252MSC-B2,IIYAMA,18
iiyt2255,T2255MSC-B1,IIYAMA,22
iiyt2454-b3ag,T2454MSC-B3AG,IIYAMA,13
iiyt2752mscw1-2,T2752MSC-W1AG,IIYAMA,0
iiyt2755mscb1,T2755MSC-B1,IIYAMA,0
iiyt2755qscb1,T2755QSC-B1,IIYAMA,0
iiytf1015mcb3,TF1015MC-B3,IIYAMA,39
iiytf1215mc,TF1215MC-B1,IIYAMA,3
iiytf1534mc7,TF1534MC-B7X,IIYAMA,31
iiytf1633,TF1633MSC-B1,IIYAMA,0
iiytf1934mc7,TF1934MC-B7X,IIYAMA,3
iiytf2215mcb2,TF2215MC-B2,IIYAMA,10
iiytf2415mcb2,TF2415MC-B2,IIYAMA,20
iiytf3215mc-2,TF3215MC-B2AG,IIYAMA,3
iiytf3215mc3,TF3215MC-B2,IIYAMA,0
iiytw2424-b1,TW2424AS-B1,IIYAMA,5
iiytw2424-w1,TW2424AS-W1,IIYAMA,0
iiyuccam120,"UC CAM120ULB-1",IIYAMA,0
iiyumount13,MD-WM4040,IIYAMA,0
iiywm1044,WM1044-B1,IIYAMA,0
iiywm2020,MD-WM2020,IIYAMA,0
iiywm60150,MD-WM60150,IIYAMA,0
iiywm6040,MD-WM6040,IIYAMA,1
iiywm6080,MD-WM6080,IIYAMA,0
iiywm8060,MD-WM8060,IIYAMA,1
iiywpd002,"WP D002C",IIYAMA,0
iiyx3270,X3270QSU-B1,IIYAMA,0
iiyxb2763hsub1,XB2792HSU-B1,IIYAMA,0
iiyxb3270-2,XB3270QSU-B1,IIYAMA,141
iiyxcb3497-2,XCB3497WQSNP-B1,IIYAMA,0
iiyxcb4594dqsnb1,XCB4594DQSN-B1,IIYAMA,0
iiyxu2292,XU2292HSU-B6,IIYAMA,0
iiyxu2293-2,XU2293HSU-B7,IIYAMA,0
iiyxub2293hsu-b7,XUB2293HSU-B7,IIYAMA,0
iiyxub2293hsu-w7,XUB2293HSU-W7,IIYAMA,0
iiyxub3293,XUB3293UHSN-B5,IIYAMA,0
int70adape2,850-567-001,HONEYWELL,0
int70powadap,852-071-001,HONEYWELL,0
intadapurs,203-182-100,HONEYWELL,0
intbrowser,454-026-001,HONEYWELL,9999
intcabu18,236-297-001,HONEYWELL,0
intcedock2,871-238-012,HONEYWELL,0
intck34chg2,871-229-201,HONEYWELL,15
intck34chgps3,851-064-416,HONEYWELL,14
intck3cabu,236-209-001,HONEYWELL,0
intck3crpsu2,203-990-001,HONEYWELL,0
intck3crpsu6,3011-8248-001,HONEYWELL,250
intck3gun2,203-879-003,HONEYWELL,421
intck3holster,815-088-001,HONEYWELL,74
intck3holster2,815-087-001,HONEYWELL,63
intck3screprot,346-069-107,HONEYWELL,0
intck3snap,850-817-002,HONEYWELL,0
intck3strap-2,203-987-002,HONEYWELL,0
intck3vehdock,871-231-102,HONEYWELL,0
intck3vehhold,871-236-001,HONEYWELL,11
intck65-10,CK65-L0N-BMC210E,HONEYWELL,52
intck65-11,CK65-L0N-DMC210E,HONEYWELL,34
intck65-14,CK65-L0N-BMC110E,HONEYWELL,0
intck65-15,CK65-L0N-BSC110E,HONEYWELL,0
intck65-16,CK65-L0N-BMN212E,HONEYWELL,4
intck65-17,CK65-L0N-EMN212E,HONEYWELL,5
intck65-18,CK65-L0N-B8C214E,HONEYWELL,42
intck65-19,CK65-L0N-B8N212E,HONEYWELL,0
intck65-20,CK65-L0N-E8N212E,HONEYWELL,1
intck65-21,CK65-L0N-E8C214E,HONEYWELL,61
intck65-22,CK65-L0N-D8C214E,HONEYWELL,4
intck65-24,CK65-L0N-E8C213E,HONEYWELL,0
intck65-25,CK65-L0N-BMC213E,HONEYWELL,0
intck65-26,CK65-L0N-B8C213E,HONEYWELL,0
intck65-27,CK65-L0N-B8C215E,HONEYWELL,0
intck65-28,CK65-L0N-D8C215E,HONEYWELL,0
intck65-29,CK65-L0N-ESN210E,HONEYWELL,0
intck65-32,CK65-L0N-G8C210E,HONEYWELL,0
intck65-33,CK65-L0N-F8C210E,HONEYWELL,1
intck65-34,CK65-L0N-E8C212E,HONEYWELL,0
intck65-35,CK65-L0N-BLC212E,HONEYWELL,0
intck65-36,CK65-L0N-ELC212E,HONEYWELL,0
intck65-37,CK65-L0N-ELC213E,HONEYWELL,0
intck65-38,CK65-L0N-BLC213E,HONEYWELL,0
intck65-39,CK65-L0N-BLC210E,HONEYWELL,11
intck65-4,CK65-L0N-AMN210E,HONEYWELL,0
intck65-40,CK65-L0N-DLC210E,HONEYWELL,0
intck65-41,CK65-L0N-ELC210E,HONEYWELL,9
intck65-42,CK65-L0N-FLC210E,HONEYWELL,0
intck65-43,CK65-L0N-GLC210E,HONEYWELL,0
intck65-46,CK65-L0N-BLN210E,HONEYWELL,3
intck65-47,CK65-L0N-BSN210E,HONEYWELL,0
intck65-48,CK65-L0N-DLN210E,HONEYWELL,0
intck65-49,CK65-L0N-DSN210E,HONEYWELL,0
intck65-5,CK65-L0N-CMN210E,HONEYWELL,0
intck65-7,CK65-L0N-BSC210E,HONEYWELL,155
intck65-9,CK65-L0N-DSC210E,HONEYWELL,185
intck65bat-7,318-063-001,HONEYWELL,645
intck65bat-8,318-063-002,HONEYWELL,67
intck65bat-9,318-063-003,HONEYWELL,0
intck65prboot,213-064-001,HONEYWELL,16
intck65prboot2,213-063-001,HONEYWELL,167
intck65scpr,213-065-001,HONEYWELL,28
intck65strap5,8754-870650-01,HONEYWELL,0
intck70adap2,852-074-001,HONEYWELL,0
intck71bat4,318-046-113,HONEYWELL,178
intck71boot,203-961-001,HONEYWELL,0
intck71handle,805-836-001,HONEYWELL,0
intck75bat2,318-046-114,HONEYWELL,0
intck7bstylus,203-932-002,HONEYWELL,0
intck7cup,203-921-001,HONEYWELL,0
intck7xcr4,DX4A2222200,HONEYWELL,0
intck7xcr5,DX4A2444400,HONEYWELL,0
intck7xdock4,DX4A1222200,HONEYWELL,4
intckchg4,DX4A2BBBB00,HONEYWELL,0
intckfldock,DX1A02B20,HONEYWELL,0
intckpowcab,226-109-003,HONEYWELL,10
intcleancard,1-110501-00,HONEYWELL,0
intclientpack2,CLIENTPACK-001,HONEYWELL,9999
intcn50crd2,871-033-021,HONEYWELL,0
intcn51bat4,318-052-031,HONEYWELL,36
intcn51handle,805-679-001,HONEYWELL,0
intcn5acchg,213-029-001,HONEYWELL,167
intcn5usbadap,852-073-001,HONEYWELL,0
intcn704batchg,DX2A2AA20,HONEYWELL,0
intcn704chg,DX4A2111100,HONEYWELL,4
intcn708chg,DX4A2AAAA00,HONEYWELL,0
intcn70bat3,318-043-043,HONEYWELL,0
intcn70cup,203-920-001,HONEYWELL,0
intcn70dock,DX2A11120,HONEYWELL,2
intcn70edock4,DX4A1111100,HONEYWELL,0
intcn70handstrap,203-931-001,HONEYWELL,0
intcn70handstrap2,203-930-001,HONEYWELL,0
intcn70holster,815-067-001,HONEYWELL,0
intcn75,CN75AN5KC00A6101,HONEYWELL,5
intcn75-3,CN75AN5KCF2A6101,HONEYWELL,55
intcnfldock,DX1A01A20,HONEYWELL,0
intct50hol,825-238-001,HONEYWELL,0
intct50hol2,825-239-001,HONEYWELL,0
intct50hs,213-049-001,HONEYWELL,13
intcv31ant2,805-662-001,HONEYWELL,0
intcv31kmk,VE011-2003,HONEYWELL,0
intdcp001,DCP-001,HONEYWELL,9999
intdcpsft1,DCP-SFT1,HONEYWELL,9999
intflex54,15100.421-0020,ANKER,0
intflex54-2,15100.421-0022,ANKER,0
intflex54-3,15100.421-0023,ANKER,0
intflexdock4,852-918-002,HONEYWELL,0
intflexdockcup,213-007-001,HONEYWELL,0
intflexdockcup2,203-922-002,HONEYWELL,0
intfreveras,50144786-002FRE,HONEYWELL,0
intlauncher,LAUNCHERLN-001,HONEYWELL,9999
intmholder,213-035-001,HONEYWELL,0
intmntkit,805-638-001,HONEYWELL,0
intmodem,871-238-002,HONEYWELL,7
intpb50bat3,318-026-004,HONEYWELL,0
intpc23d,PC23DA0010022,HONEYWELL,0
intpc23dph12,201-031-230,HONEYWELL,0
intpc23dph8,201-031-220,HONEYWELL,0
intpc23labdisp,203-184-210,HONEYWELL,0
intpc23pwradap,203-186-201,HONEYWELL,0
intpc43dcutm,203-184-423,HONEYWELL,0
intpc43ddisp,203-184-410,HONEYWELL,0
intpc43tcutm2,203-184-523,HONEYWELL,0
intpc43tribadap,225-781-001,HONEYWELL,0
intpd43cut,213-036-001,HONEYWELL,0
intpd43peel,213-034-001,HONEYWELL,1
intpd43top,213-038-001,HONEYWELL,0
intpf4ph300,1-010044-910,HONEYWELL,0
intpf6cutter,1-040564-900,HONEYWELL,0
intph43-12b,225-784-001,HONEYWELL,0
intph43-8b,225-783-001,HONEYWELL,50
intpm23core3,203-972-001,HONEYWELL,0
intpm43brtc,318-051-001,HONEYWELL,0
intpm43ccut,203-992-002,HONEYWELL,0
intpm43door,710-192S-001,HONEYWELL,0
intpm43doors,710-191S-001,HONEYWELL,0
intpm43peel,203-974-001,HONEYWELL,0
intpm43ph12,710-179S-001,HONEYWELL,0
intpm43ph16,710-180S-001,HONEYWELL,0
intpm43ph8,710-129S-001,HONEYWELL,19
intpm43phprea,710-107S-001,HONEYWELL,0
intpm43platen,710-118S-002,HONEYWELL,348
intpm45-10,PM45A1000EU30200,HONEYWELL,0
intpm45-11,PM45CA1000000200,HONEYWELL,31
intpm45-12,PM45CA1000000600,HONEYWELL,0
intpm45-13,PM45CA0020000200,HONEYWELL,0
intpm45-14,PM45CA1020000200,HONEYWELL,0
intpm45-15,PM45CA1020030200,HONEYWELL,1
intpm45-16,PM45CA1010030600,HONEYWELL,0
intpm45-17,PM45CA0000000200,HONEYWELL,0
intpm45-2,PM45A00000000200,HONEYWELL,0
intpm45-21,PM45A00000000300,HONEYWELL,0
intpm45-22,PM45A00000000310,HONEYWELL,0
intpm45-23,PM45A10010030300,HONEYWELL,0
intpm45-24,PM45A10010030600,HONEYWELL,0
intpm45-27,PM45A10030030200,HONEYWELL,0
intpm45-28,PM45A10030030300,HONEYWELL,0
intpm45-29,PM45A12000000400,HONEYWELL,0
intpm45-3,PM45A00000000210,HONEYWELL,19
intpm45-30,PM45A12000000600,HONEYWELL,0
intpm45-31,PM45A10000000400,HONEYWELL,0
intpm45-32,PM45CA1000030210,HONEYWELL,1
intpm45-4,PM45A10000000300,HONEYWELL,63
intpm45-5,PM45A12000000200,HONEYWELL,0
intpm45-6,PM45A12000000300,HONEYWELL,0
intpm45-7,PM45A10000030300,HONEYWELL,8
intpm45-8,PM45A10000030600,HONEYWELL,0
intpm45-9,PM45A10010030200,HONEYWELL,0
intpm45appl,PM45-APPL-01,HONEYWELL,0
intpm45c,PM45CA0000000210,HONEYWELL,0
intpm45c-2,PM45CA0000030200,HONEYWELL,7
intpm45c-3,PM45CA1010000200,HONEYWELL,1
intpm45c-4,PM45CA1010030200,HONEYWELL,40
intpm45c-5,PM45CA1010030300,HONEYWELL,0
intpmpar,270-188-001,HONEYWELL,0
intpmpar2,PM45-PAR-01,HONEYWELL,1
intpowcordeu2,1-974027-025FRE,HONEYWELL,21
intpr23bat,318-049-001,HONEYWELL,0
intps,851-064-427,HONEYWELL,20
intpsu11,851-809-003FRE,HONEYWELL,63
intpx45,PX45A00000000200,HONEYWELL,13
intpx45-10,PX45A00EU0000200,HONEYWELL,0
intpx45-11,PX45A00010000200,HONEYWELL,0
intpx45-12,PX45A00010000400,HONEYWELL,0
intpx45-13,PX45A00010020200,HONEYWELL,0
intpx45-14,PX45A00010020400,HONEYWELL,0
intpx45-15,PX45A02000030200,HONEYWELL,0
intpx45-2,PX45A00000000300,HONEYWELL,17
intpx45-3,PX45A00000000400,HONEYWELL,0
intpx45-4,PX45A00000030300,HONEYWELL,0
intpx45-5,PX45A00000020200,HONEYWELL,10
intpx45-6,PX45A00000020300,HONEYWELL,0
intpx45-7,PX45A00000020400,HONEYWELL,0
intpx45-8,PX45A02000000200,HONEYWELL,0
intpx45-9,PX45A02000020200,HONEYWELL,0
intpx4cutter,1-040551-900,HONEYWELL,0
intpx4icutter,1-041574-900,HONEYWELL,0
intpx4ph,1-040083-900,HONEYWELL,86
intpx4ph2,850-812-900,HONEYWELL,0
intpx4ph8,1-040082-900,HONEYWELL,1
intpx63ph,1-040085-900,HONEYWELL,28
intpx65,PX65A00000000200,HONEYWELL,40
intpx65-10,PX65A02000010300,HONEYWELL,0
intpx65-11,PX65A00EU0000200,HONEYWELL,0
intpx65-12,PX65A00EU0000300,HONEYWELL,0
intpx65-13,PX65A00010000200,HONEYWELL,0
intpx65-14,PX65A00010000300,HONEYWELL,0
intpx65-2,PX65A00000000300,HONEYWELL,4
intpx65-3,PX65A00000010200,HONEYWELL,6
intpx65-4,PX65A00000010300,HONEYWELL,0
intpx65-5,PX65A00000030200,HONEYWELL,0
intpx65-6,PX65A00000030300,HONEYWELL,0
intpx65-7,PX65A02000000200,HONEYWELL,0
intpx65-8,PX65A02000000300,HONEYWELL,2
intpx65-9,PX65A02000010200,HONEYWELL,0
intpx6icut,1-041584-900,HONEYWELL,0
intpx6kit1,1-PX6654-000,HONEYWELL,0
intpx6ph,1-040084-900,HONEYWELL,98
intpx6press,1-010110-90,HONEYWELL,27
intpx900,PX940A00100000200,HONEYWELL,1
intpx900-2,PX940A00100000300,HONEYWELL,0
intpx900v,PX940V30100000200,HONEYWELL,0
intpx900v-2,PX940V30100000300,HONEYWELL,0
intpx940,PX940V30100060600,HONEYWELL,2
intpx940-2,PX940A00100000600,HONEYWELL,0
intpx940-3,PX940V30100060300,HONEYWELL,1
intpx940-4,PX940V30100060200,HONEYWELL,0
intpx940-5,PX940A00100060600,HONEYWELL,0
intpxapp,50147001-001,HONEYWELL,0
intpxcard,50147002-002,HONEYWELL,0
intpxcvard,50144663-001,HONEYWELL,1
intsf61dchg,DX2A28820,HONEYWELL,1
intsmartsys,454-048-001,HONEYWELL,9999
intsvcpm45-3n,SVCPM45-SG3N,HONEYWELL,9999
intsvcpm45-3n-2,SVCPM45-SP3N,HONEYWELL,9999
intsvcpm45-p5,SVCPM45-SP5N,HONEYWELL,9999
intvkit,805-611-001,HONEYWELL,32
invct100adh,ADH2071,INVUE,4
invct100rtool,CT312,INVUE,4
invct101,CT1011-W,INVUE,0
invct101-2,CT1011-B,INVUE,11
invct101adh,ADH2143,INVUE,4
invct101base-b,CT1012-B,INVUE,8
invct101base-b-2,CT1013-B,INVUE,24
invct101base-w,CT1012-W,INVUE,22
invct101base-w-2,CT1013-W,INVUE,0
invct101plate-b,CT1014-B,INVUE,13
invct101plate-w,CT1014-W,INVUE,25
invct101puck-2,CT1011ADH-USBC,INVUE,193
invct150stand,CTBL001-B,INVUE,0
invct80handle-3,CTLH001-B,INVUE,0
invct80stand,CTLB001-B,INVUE,0
invkey,CTK001,INVUE,119
invkey-2,CTKF001,INVUE,142
invne150base,CT1500-W,INVUE,48
invne150base-4,CT1500,INVUE,176
invne150handle-2,CT1502,INVUE,176
invne150handle-3,CT1502-W,INVUE,48
invne360-4,CT3003V2,INVUE,27
invne360cab-2,CT3011,INVUE,17
invne360cab-3,CT3081,INVUE,9
invne360case-12,CT3068,INVUE,9
invne360case-22,CT3124,INVUE,0
invne360crd-13,CT3099,INVUE,9
invne360crd-6,CT3188,INVUE,10
invne360crd-7,CT3071,INVUE,10
invne360crd-9,CT3020,INVUE,10
invne360mount-2,CT3021,INVUE,29
invne360nhub,CT3005,INVUE,2
invne360rtool,CT3170,INVUE,10
invne360rtool-2,CT3098,INVUE,10
invok4000,OK4000,INVUE,0
invps24v-eu,PS566-EU,INVUE,138
invps24v-eu-3,PS567-EU,INVUE,18
invps24v-uk,PS566-UK,INVUE,50
invps24v-uk-3,PS567-UK,INVUE,9
invps512-eu,PS512-EU,INVUE,0
invusbccab,CT1505,INVUE,0
isi503130,503130,ISIRIS,600
isi503131,503131,ISIRIS,156
isi503135,503135,ISIRIS,96
isi503211,503211,ISIRIS,60
isi503214,503214,ISIRIS,180
isi503238,503238,ISIRIS,239
isi503239,503239,ISIRIS,360
isi503240,503240,ISIRIS,360
isi503241,503241,ISIRIS,0
isi503538,503538,ISIRIS,198
isi505511,505511,ISIRIS,0
isi549100,549100,ISIRIS,580
jtbindszt,jtbindszt,JARLTECH,9999
kabdc24-2,EXTDC24V20,ESEN,461
kabeurosw,KABEU2P20,ESEN,1657
kabeuroswg,KABUK2P20,ESEN,195
kabmmsw2m,B-16657D,INLINE,217
kabpar,PARKAB,ESEN,0
kabparsw,KABPASW18,ESEN,1135
kabusb,LF-USB-1.8F,ESEN,2141
kabusb3ms,333382,JARLTECH,195
kabusb5,LFUSW50F,ESEN,0
kabusbp3,kabusbp3,ESEN,418
kabvga3m,"JT-850 KABVGA3M:3m",ESEN,267
kaltkabch3,B-16652C,INLINE,12
kaltkabel,KABDE3P18,ESEN,5259
kaltkabel3mw,Kaltkkabel2,INLINE,1114
kaltkabel5,B-16655,INLINE,5
kasseinkey,"JT-847 Z1THL-C515K",METAPACE,0
kasseinv,Z1N260-1205A,METAPACE,0
kngmoblp,MLPM,KINGSTON,564
kngsdadap,SD-ADPT01,KINGSTON,1751
kngso8gb-3,KVR56S46BS6-8,KINGSTON,82
koa131102,131102,KOAMTAC,0
koa131104,131104,KOAMTAC,1
koa131150,131150,KOAMTAC,3
koa131200,131200,KOAMTAC,0
koa131205,131205,KOAMTAC,9
koa131206,131206,KOAMTAC,1
koa131210,131210,KOAMTAC,0
koa131215,131215,KOAMTAC,0
koa131220,131220,KOAMTAC,0
koa131225,131225,KOAMTAC,12
koa131226,131226,KOAMTAC,2
koa131230,131230,KOAMTAC,0
koa131235,131235,KOAMTAC,0
koa140000,140000,KOAMTAC,0
koa140005,140005,KOAMTAC,4
koa140011,140011,KOAMTAC,0
koa140020,140020,KOAMTAC,0
koa140030,140030,KOAMTAC,0
koa140041,140041,KOAMTAC,4
koa140050,140050,KOAMTAC,0
koa140500,140500,KOAMTAC,0
koa140520,140520,KOAMTAC,3
koa249130,249130,KOAMTAC,0
koa249300,249300,KOAMTAC,0
koa249400,249400,KOAMTAC,0
koa252000,252000,KOAMTAC,0
koa253000,253000,KOAMTAC,0
koa254000,254000,KOAMTAC,0
koa344200,344200,KOAMTAC,0
koa344300,344300,KOAMTAC,0
koa344800,344800,KOAMTAC,0
koa365510,365510,KOAMTAC,0
koa365625,365625,KOAMTAC,0
koa380505,380505,KOAMTAC,0
koa380635,380635,KOAMTAC,11
koa380637,380637,KOAMTAC,7
koa380660,380660,KOAMTAC,2
koa380688,380688,KOAMTAC,2
koa380825,380825,KOAMTAC,2
koa380830,380830,KOAMTAC,7
koa380831,380831,KOAMTAC,2
koa380931,380931,KOAMTAC,2
koa380940,380940,KOAMTAC,2
koa381590,381590,KOAMTAC,2
koa382720,382720,KOAMTAC,0
koa382740,382740,KOAMTAC,0
koa382760,382760,KOAMTAC,0
koa382811,382811,KOAMTAC,0
koa382820,382820,KOAMTAC,1
koa382840,382840,KOAMTAC,2
koa382851,382851,KOAMTAC,0
koa382871,382871,KOAMTAC,5
koa382880,382880,KOAMTAC,2
koa382910,382910,KOAMTAC,12
koa382930,382930,KOAMTAC,0
koa382935,382935,KOAMTAC,0
koa382941,382941,KOAMTAC,0
koa382943,382943,KOAMTAC,0
koa382945,382945,KOAMTAC,0
koa382947,382947,KOAMTAC,0
koa384200,384200,KOAMTAC,5
koa401000,401000,KOAMTAC,0
koa401010,401010,KOAMTAC,0
koa401030,401030,KOAMTAC,0
koa401040,401040,KOAMTAC,0
koa401060,401060,KOAMTAC,0
koa504810,504810,KOAMTAC,0
koa504840,504840,KOAMTAC,0
koa519000,519000,KOAMTAC,0
koa519010,519010,KOAMTAC,0
koa519050,519050,KOAMTAC,0
koa519060,519060,KOAMTAC,0
koa523460,523460,KOAMTAC,0
koa523510,523510,KOAMTAC,0
koa674500,674500,KOAMTAC,0
koa699200,699200,KOAMTAC,0
koa699320,699320,KOAMTAC,0
koa699330,699330,KOAMTAC,70
koa699350,699350,KOAMTAC,0
koa699370,699370,KOAMTAC,0
koa699380,699380,KOAMTAC,0
koa699600,699600,KOAMTAC,0
koa699700,699700,KOAMTAC,0
koa699800,699800,KOAMTAC,0
koa699820,699820,KOAMTAC,0
koa699830,699830,KOAMTAC,47
koa852285,852285,KOAMTAC,0
koa852295,852295,KOAMTAC,20
koa892071,892071,KOAMTAC,0
koa892081,892081,KOAMTAC,0
koa892121,892121,KOAMTAC,0
koa893452,893452,KOAMTAC,0
koa893710,893710,KOAMTAC,0
koa896021,896021,KOAMTAC,1
koa896061,896061,KOAMTAC,0
koa896071,896071,KOAMTAC,0
koa896081,896081,KOAMTAC,0
koa896082,896082,KOAMTAC,0
koa896101,896101,KOAMTAC,0
koa896106,896106,KOAMTAC,0
koa896151,896151,KOAMTAC,0
koa896152,896152,KOAMTAC,0
koa896161,896161,KOAMTAC,0
koa896171,896171,KOAMTAC,0
koa896172,896172,KOAMTAC,0
koa896201,896201,KOAMTAC,0
koa896202,896202,KOAMTAC,0
koa896231,896231,KOAMTAC,0
koa896232,896232,KOAMTAC,0
koa896241,896241,KOAMTAC,0
koa896242,896242,KOAMTAC,0
koa896321,896321,KOAMTAC,4
koa896322,896322,KOAMTAC,3
koa896331,896331,KOAMTAC,37
koa896332,896332,KOAMTAC,1
koa896341,896341,KOAMTAC,10
koa896351,896351,KOAMTAC,30
koa896381,896381,KOAMTAC,0
koa896391,896391,KOAMTAC,9
koa896392,896392,KOAMTAC,0
koa896400,896400,KOAMTAC,46
koa896421,896421,KOAMTAC,1
koa896431,896431,KOAMTAC,1
koa896441,896441,KOAMTAC,2
koa896451,896451,KOAMTAC,0
koa896570,896570,KOAMTAC,0
koa896631,896631,KOAMTAC,0
koa896632,896632,KOAMTAC,0
koa896641,896641,KOAMTAC,0
koa896642,896642,KOAMTAC,0
koa896661,896661,KOAMTAC,0
koa896662,896662,KOAMTAC,0
koa896671,896671,KOAMTAC,79
koa896672,896672,KOAMTAC,0
koa896681,896681,KOAMTAC,0
koa896682,896682,KOAMTAC,0
koa896800,896800,KOAMTAC,0
koa896810,896810,KOAMTAC,0
koa896900,896900,KOAMTAC,0
koa896910,896910,KOAMTAC,55
koa897020,897020,KOAMTAC,2
koa897110,897110,KOAMTAC,0
koa897400,897400,KOAMTAC,0
koa897510,897510,KOAMTAC,0
koa897671,897671,KOAMTAC,0
koa897672,897672,KOAMTAC,0
koa897710,897710,KOAMTAC,0
koa897720,897720,KOAMTAC,0
koa897810,897810,KOAMTAC,0
koa897910,897910,KOAMTAC,0
koa898010,898010,KOAMTAC,0
koa898020,898020,KOAMTAC,0
koa898110,898110,KOAMTAC,0
koa898120,898120,KOAMTAC,0
koa898211,898211,KOAMTAC,0
koa898225,898225,KOAMTAC,0
koa898310,898310,KOAMTAC,0
koa898410,898410,KOAMTAC,15
koa898510,898510,KOAMTAC,14
koa898601,898601,KOAMTAC,1
koa898611,898611,KOAMTAC,0
koa898621,898621,KOAMTAC,1
koa898631,898631,KOAMTAC,0
koa898641,898641,KOAMTAC,0
koa898651,898651,KOAMTAC,1
koa898661,898661,KOAMTAC,0
koa898671,898671,KOAMTAC,0
koa898681,898681,KOAMTAC,0
koa898691,898691,KOAMTAC,9
koa898701,898701,KOAMTAC,14
koa898711,898711,KOAMTAC,1
koa898721,898721,KOAMTAC,0
koa898731,898731,KOAMTAC,2
koa898760,898760,KOAMTAC,0
koa898761,898761,KOAMTAC,0
koa898763,898763,KOAMTAC,0
koa898764,898764,KOAMTAC,0
koa898780,898780,KOAMTAC,0
koa901610,901610,KOAMTAC,15
koa901620,901620,KOAMTAC,15
koa901635,901635,KOAMTAC,15
koa903300,903300,KOAMTAC,0
koa903622,903622,KOAMTAC,0
koa903631,903631,KOAMTAC,0
koa903632,903632,KOAMTAC,5
koa922000,922000,KOAMTAC,0
koa922020,922020,KOAMTAC,31
koa922100,922100,KOAMTAC,0
koa923100,923100,KOAMTAC,0
koa936110,936110,KOAMTAC,4
koa936710,936710,KOAMTAC,2
lad205,MAXI-0385,APG,0
lad226,460MOD02-0111,APG,0
lad234,MAXI-0410,APG,0
lad243,08512.500-0020,ANKER,2
lad268,MOD237A-BL4617,APG,0
lad303,16102.002-1001,ANKER,0
lad304,16102.002-1003,ANKER,0
lad509,40084,APG,0
lad536,40147,APG,0
lad541,08512.440-1020,ANKER,32
lad541-25,08512.440-1022,ANKER,0
lad556,18929-963,APG,0
lad619,ACCESS-0147,APG,0
lad627,21669PAC,APG,0
lad702,90082PAC-0002,APG,0
lad757,21038-030,APG,0
lad760,SL3000-0911,APG,0
lanavarc-mnt1,310-MA-AVRC10,IVANTI,9999
lanveloccon,140-CON-VELOCTE,IVANTI,9999
lanvelocte,140-SUB-VELOCTE,IVANTI,9999
lanvelocte3,140-SUB-VELOCTE3,IVANTI,9999
lanvelocte5,140-SUB-VELOCTE5,IVANTI,9999
lanveloweb3,160-SUB-VELOCWEB3,IVANTI,9999
lanwavema,120-MA-WIBST3,IVANTI,9999
lcd17lsw-bio,P070730P0000,GLANCETRON,4
lcd17lsw-vfd,P073V220D071,GLANCETRON,2
lmapgcat,LMX444,LABELMATE,0
lmc76220,LMX484,LABELMATE,0
lmcat310in2,LMR007,LABELMATE,0
lmcat31inch,LMR008,LABELMATE,0
lmcat3ach,LMR005,LABELMATE,2
lmcat3bail,LMR004/LMX501,LABELMATE,0
lmcat3chuck,LMR006,LABELMATE,0
lmcat3std,LMR004,LABELMATE,0
lmcatuni,LMR043,LABELMATE,0
lmld115,LMD030,LABELMATE,0
lmld115u,LMD035,LABELMATE,0
lmld115uxl,LMD037,LABELMATE,0
lmld115xl,LMD032,LABELMATE,0
lmld165,LMD031,LABELMATE,0
lmld165u,LMD036,LABELMATE,0
lmld165uxl,LMD038,LABELMATE,0
lmld165xl,LMD033,LABELMATE,0
lmld225uxl,LMD039,LABELMATE,0
lmld225xl,LMD034,LABELMATE,0
lmlmr030,LMR030,LABELMATE,0
lmlmr032,LMR032,LABELMATE,0
lmlmr035,LMR035,LABELMATE,0
lmlmr036,LMR036,LABELMATE,0
lmlmr037,LMR037,LABELMATE,0
lmlmr038,LMR038,LABELMATE,0
lmlmr039,LMR039,LABELMATE,0
lmlmr040,LMR040,LABELMATE,0
lmlmr042,LMR042,LABELMATE,0
lmlmr044,LMR044,LABELMATE,0
lmlmr045,LMR045,LABELMATE,0
lmlmu002,LMU002,LABELMATE,0
lmlmx367,LMX367,LABELMATE,0
lmlmx537ukps,LMX537-UK,LABELMATE,0
lmmc10,LMR001,LABELMATE,0
lmmc10-uk,LMR001-UK,LABELMATE,0
lmmc11,LMR003,LABELMATE,0
lmmc11-uk,LMR003-UK,LABELMATE,0
lmmc65,LMR051,LABELMATE,0
lmps11uk,LMX061,LABELMATE,0
lmps15v2,LMX537,LABELMATE,0
lmpsmc,LMX060,LABELMATE,0
lmr044,LMR044/LMX484,LABELMATE,0
lmrrc330ach,LMC002,LABELMATE,0
lmrrc330uach,LMC004,LABELMATE,0
lmrrc330ustand,LMC003,LABELMATE,0
lms200s,LMS005,LABELMATE,0
lmtm6-57,LMR057,LABELMATE,0
lmtm6-57-uk,LMR057-UK,LABELMATE,0
lmtm6-58,LMR058,LABELMATE,0
lmtm6-58-uk,LMR058-UK,LABELMATE,0
lmtm8-59,LMR059,LABELMATE,0
lmtm8-59-uk,LMR059-UK,LABELMATE,0
lmtm8-60,LMR060,LABELMATE,0
lmtm8-60-uk,LMR060-UK,LABELMATE,0
lmucat110inch,LMU005,LABELMATE,0
lmucat1ach,LMU003,LABELMATE,0
lmucats,LMU001,LABELMATE,0
lmucatsmini,LMU014,LABELMATE,0
lmx550,LMX550,LABELMATE,0
lmx551,LMX551,LABELMATE,2
lxe8650bat,8650376BATTERY,HONEYWELL,0
lxe86703chg,8670378CHARGER-VI,HONEYWELL,1
lxe8ramarm4,VX89A503RAMARM,HONEYWELL,0
lxe8ramball-2,VX89A033RAMBALL,HONEYWELL,15
lxe9ramball,VX89A030RAMBALL,HONEYWELL,1
lxecabdc,VM1055CABLE,HONEYWELL,5
lxecabu052,VM1052CABLE,HONEYWELL,0
lxeeucab,9000090CABLE,HONEYWELL,5373
lxepowcab,VM1078CABLE,HONEYWELL,0
lxepowsupply,VM1302PWRSPLY,HONEYWELL,13
lxevm1-15,VM1A-L0N-1A6A20E,HONEYWELL,1
lxevm1-16,VM1A-L0N-1A1B20E,HONEYWELL,0
lxevm1-17,VM1A-L0N-1A1A20E,HONEYWELL,0
lxevm1-18,VM1A-L0N-1A2A20E,HONEYWELL,0
lxevm1-19,VM1A-L0N-1A2B20E,HONEYWELL,0
lxevm1-20,VM1A-L0N-1A3A20E,HONEYWELL,0
lxevm1-21,VM1A-L0N-1B1A20E,HONEYWELL,4
lxevm1-22,VM1A-L0N-1B2A20E,HONEYWELL,1
lxevm1-23,VM1A-L0N-1B3A20E,HONEYWELL,0
lxevm1-24,VM1A-L0N-1B3B20E,HONEYWELL,0
lxevm1-25,VM1A-L0N-1A4B20E,HONEYWELL,0
lxevm1-26,VM1A-L0N-1B6A20E,HONEYWELL,1
lxevm1-31,VM1A-L0N-1B4A20E,HONEYWELL,0
lxevm1-32,VM1A-L0N-1A4A20E,HONEYWELL,74
lxevm1bat,VM1376BATTERY,HONEYWELL,0
lxevm1brkt,VM1001BRKTKIT,HONEYWELL,44
lxevm1brkt-3,VM1005BRKTKIT,HONEYWELL,0
lxevm1cr,VM1001VMCRADLE,HONEYWELL,177
lxevm1cr-3,VM1002VMCRADLE,HONEYWELL,0
lxevm1ramm,VM1002BRKTKIT,HONEYWELL,0
lxevm2antenna,VM2276ANTENNA,HONEYWELL,34
lxevm2brkt,VM2012BRKTKIT,HONEYWELL,0
m32crd-3,SM2X-2CRD-C00,M3,137
m3bk10-40,BK100N-W10VAE-00,M3,0
m3bk10bat,BK10-BATT-E51,M3,39
m3bk10bat2,BK10-BATT-S34,M3,2
m3bk10caselbe,BK10-CASE-LBE,M3,0
m3bk10cr-2,BK10-2CRD-CC0,M3,11
m3bk10cr2,BK10-8CRD-CUS,M3,0
m3bk10ecr,BK10-2CRD-EUS,M3,0
m3bk10ecr2,BK10-8CRD-EUS,M3,1
m3bk10ps2,BK10-PWSP-V00,M3,0
m3bk10ps4,BK10-PWSP-2EU,M3,21
m3bk10ps4-uk,BK10-PWSP-2UK,M3,31
m3bk10ps7,BK10-PWSP-8EU,M3,0
m3bk10ps7-uk,BK10-PWSP-8UK,M3,0
m3bk10so,BK10-SNAP-CUS,M3,0
m3bk10strap,UNIV-HAND,M3,1
m3bk10strap3,BK10-STRP-S03,M3,0
m3bk10styl,BK10-STYL,M3,0
m3bk10trig,BK10-TRIG-S00,M3,0
m3bk10ubcab,UNIV-CABL-UBA,M3,1
m3bk10vcr,BK10-VCRD-C0S,M3,0
m3carchg,UNIV-PWSP-VVC,M3,5
m3case,UNIV-CASE-F00,M3,0
m3case2,UNIV-CASE-FSH,M3,12
m3case3,UNIV-CASE-FAB,M3,3
m3case4,UL20-CASE-FSH,M3,0
m3case5,UL20-CASE-FHH,M3,4
m3chgcab,UNIV-PWSP-V00,M3,16
m3ox10bat2,OX10-BATT-S33,M3,0
m3ox10caselbe,OX10-CASE-LBE,M3,3
m3ox10caselha,OX10-CASE-LHA,M3,0
m3ox10cr,OX10-2CRD-CUS,M3,0
m3ox10cr-2,OX10-8CRD-EUS,M3,0
m3ox10cr-3,OX10-8CRD-CUS,M3,0
m3ox10cr-4,OX10-2CRD-EUS,M3,0
m3ox10styl,OX10-STYL,M3,0
m3ox10trig,OX10-TRIG-S00,M3,0
m3ox10trigueb,OX10-TRIG-UEB,M3,0
m3pc10brkt,PC10-BRKT-MET,M3,20
m3pc10pwsp,PC10-PWSP-A00-8EU,M3,19
m3pc10pwsppoe,PC10-PWSP-POE-8EU,M3,20
m3pc10t2ff,PC100C-T2FFS0-HF,M3,4
m3ps16,UNIV-PWSP-DEU,M3,13
m3ps24,UNIV-PWSP-TEU,M3,16
m3ps4,UNIV-PWSP-2EU,M3,1
m3ps4-uk,UNIV-PWSP-2UK,M3,0
m3ps7,UNIV-PWSP-8EU,M3,10
m3ps7-uk,UNIV-PWSP-8UK,M3,0
m3psup8,SX2X-PWSP-8EU,M3,0
m3rammount,UNIV-RAMA,M3,49
m3rams,UNIV-RAMS,M3,0
m3ramt,UNIV-RAMT,M3,363
m3rs4710,UNIV-WERS-U20,M3,50
m3rschg,UNIV-WERC-U00,M3,49
m3scpr,UNIV-SCPR,M3,0
m3sl10boot,SL10-BOOT-01,M3,13
m3sl10cr2e,SL10-2CRD-EU0,M3,326
m3sl10kcr2e,SL1K-2CRD-EU0,M3,15
m3sl10ktrig-2,SL1K-TRIG-M00,M3,6
m3sl10ps,SL10-PWSP-2EU,M3,87
m3sl10ps-uk,SL10-PWSP-2UK,M3,14
m3sl204c-4,SL204C-R2CHSE-HF-01,M3,5
m3sl204c-5,SL204C-T2CHSE-HF-01,M3,344
m3sl204c-6,SL204C-T2CHSE-HF-03,M3,137
m3sl208chgc,SL20-8CRD-C00,M3,4
m3sl208chgr,SL20-8CRD-E00,M3,4
m3sl20bat,SL20-BATT-E50,M3,60
m3sl20boot,SL20-BOOT-01,M3,256
m3sl20chg,SL20-1CRD-C00,M3,0
m3sl20crd,SL20-2CRD-EC0,M3,16
m3sl20crd-2,SL20-2CRD-CC0,M3,28
m3sl20ebat,SL20-BTDO-EHF,M3,0
m3sl20f-2,SM2F4R-R2CHSS-HF,M3,0
m3sl20k-bpsp,SL2K-SCPR,M3,0
m3sl20k-hndstrp10,SL2K-STRP-S10,M3,0
m3sl20k-hndstrp50,SL2K-STRP-S50,M3,0
m3sl20k-spst-3,SL2K-SPST-FB3,M3,9999
m3sl20k-spst-5,SL2K-SPST-FB5,M3,9999
m3sl20k-th,SL2K-TRIG-S00,M3,0
m3sl20k-x,L2KX4C-T2CWAS-HF-01,M3,3
m3sl20k2crd,SL2K-2CRD-CC0,M3,51
m3sl20k2crd-c0,SL2K-2CRD-C00,M3,17
m3sl20k8crd,SL2K-8CRD-C00,M3,0
m3sl20k8crd4,SL2K-8CRD-E00,M3,0
m3sl20kbat,SL2K-BATT-S52,M3,0
m3sl20kboot,SL2K-BOOT-01,M3,16
m3sl20kpw-2eu,SL2K-PWSP-2EU,M3,21
m3sl20kpw-ceu,SL2K-PWSP-CEU,M3,13
m3sl20ps,SL20-PWSP-2EU,M3,42
m3sl20ps2,SL20-PWSP-CEU,M3,66
m3sl20ps3,SL20-PWSP-2EU-LL,M3,47
m3sl20scpr,SL20-SCPR,M3,89
m3sl20strap,SL20-STRP-S50,M3,0
m3sl20strap2,SL20-STRP-S10,M3,1
m3sl20trig,SL20-TRIG-S00,M3,73
m3sl20vcrd,SL20-VCRD-C01,M3,2
m3sm10crdhd,SM10-2CRD-EC0-HD,M3,0
m3sm10door,SM10-BTDO-S00,M3,8
m3sm10doornfc,SM10-BTDO-EHF,M3,3
m3sm10psu,SM10-PWSP-U00,M3,41
m3sm10strap,SM10-STRP-S10,M3,8
m3sm10trig,SM10-TRIG-S00,M3,0
m3sm10tyl,SM10-STYL,M3,106
m3sm10ueb,SM10-TRIG-UEB,M3,11
m3sm15bat,SM15-BATT-S41,M3,0
m3sm15bate,SM15-BATT-E61,M3,103
m3sm15batuhf,UNIV-BATT-UHF,M3,0
m3sm15btch,UNIV-BTCH-UHF,M3,0
m3sm15chg8,SM15-8CRD-E00,M3,2
m3sm15cr2,SM15-2CRD-C00,M3,61
m3sm15cr2e,SM15-2CRD-EC0,M3,1
m3sm15cr2u,SM15-2CRD-CC0,M3,18
m3sm15cr8,SM15-8CRD-C00,M3,35
m3sm15door,SM15-BTDO-E00,M3,0
m3sm15doornfce,SM15-BTDO-EHF,M3,0
m3sm15n,S15N4C-N2CHSE-HF,M3,0
m3sm15n-15,S15N4C-Q2CHSS-HF,M3,0
m3sm15n-17,S15N4C-Q1CHSS-HF,M3,0
m3sm15n-19,S15N4C-Q1CHSE-HF,M3,0
m3sm15n-2,S15N4C-N2CHSS-HF,M3,0
m3sm15n-23,S15X4C-Q3CFSS-HF,M3,0
m3sm15n-24,S15X4C-Q3CFSE-HF,M3,165
m3sm15n-27,S15X4C-N3CFSE-HF-R,M3,0
m3sm15n-4,S15N4C-O0CHSE-HF,M3,0
m3sm15n-5,S15N4C-O2CHSS-HF,M3,0
m3sm15n-6,S15N4C-O2CHSE-HF,M3,0
m3sm15n-7,S15N4C-O1CHSS-HF,M3,0
m3sm15prot,SM15-SCPR,M3,0
m3sm15ps,SM15-PWSP-2EU,M3,64
m3sm15ps-uk,SM15-PWSP-2UK,M3,0
m3sm15ps8,SM15-PWSP-8EU,M3,18
m3sm15ps8-uk,SM15-PWSP-8UK,M3,1
m3sm15rsnap,SM15-SNAP-UEB,M3,44
m3sm15sgrip,SM15-TRIG-L00,M3,15
m3sm15snap2,SM15-SNAP-C0U,M3,104
m3sm15snap3,SM15-SNAP-C0A,M3,0
m3sm15stylus,SM15-STYL,M3,0
m3sm15trigger,SM15-TRIG-UEB,M3,0
m3sm15usnap,SM15-SNAP-CUS,M3,0
m3sm15vcrd,SM15-VCRD-C01,M3,24
m3sm15vcrdco2,SM15-VCRD-C02,M3,0
m3sm15w,S15W0C-N2CHSE-HF,M3,0
m3sm15w-12,S15W0C-12CHSS-HF,M3,0
m3sm15w-2,S15W0C-N2CHSS-HF,M3,0
m3sm15w-6,S15W0C-12CHSE-HF,M3,0
m3sm15wetr,SM15-WETR-U00,M3,3
m3sm15wewm,SM15-WEWM-UA1,M3,14
m3sm15wewm2,SM15-WEWM-UB1,M3,50
m3sm15x-14,S15X4C-O2CFSS-HF-R,M3,0
m3sm15x-28,S15X4C-Q2CFSE-HF,M3,0
m3sm15x-30,S15X4C-Q2CFSS-HF,M3,0
m3sm15x-33,S15X4C-Q1CFSS-HF,M3,0
m3sm15x-35,S15X4C-Q1CFSE-HF,M3,0
m3sm15x-37,S15X4C-O2CFSE-HF-R,M3,0
m3sm15x-38,S15X4C-O2CFSE-HF-STR,M3,0
m3sm15x-39,S15X4C-O2CFSS-HF-STR,M3,0
m3sm15x-44,S15X4C-O0CFSS-HF-R,M3,3
m3sm15xr-2,S15X4C-N2CFSE-HF-R,M3,0
m3sm1xboot,SM1X-BOOT-02,M3,0
m3sm20bat,SM20-BATT-S41,M3,118
m3sm20bat-1,SM20-BATT-E61,M3,625
m3sm20boot,SM20-BOOT-01,M3,361
m3sm20f,SM2F4R-S2CHSE-HF,M3,104
m3sm20prot,SM20-SCPR,M3,0
m3sm20sf,SM2X4R-RFCHSS-HF,M3,0
m3sm20sf-1,SM2X4R-RFCHSE-HF,M3,0
m3sm20sf-2,SM2F4R-S3CHSE-HF,M3,0
m3sm20sf-3,SM2F4R-S3CHSS-HF,M3,0
m3sm20sf-4,SM2F4R-SFCHSS-HF,M3,0
m3sm20sf-5,SM2F4R-SFCHSE-HF,M3,0
m3sm20x,SM2X4R-R2CHSS-HF,M3,0
m3sm20x-5,SM2X4R-R2CHSE-HF,M3,0
m3sm20xhf,SM2X4R-S3CHSS-HF-ST,M3,30
m3sm20xhf-4,SM2X4R-S3CHSE-HF-ST,M3,48
m3sm240e,SM240E-W2CHSS-HF,M3,79
m3sm244e-w2chss,SM244E-W2CHSS-HF,M3,48
m3sm24crd,SX2X-8CRD-C00,M3,0
m3sm24spst-fb3,SM24-SPST-FB3,M3,9999
m3sm24spst-fb5,SM24-SPST-FB5,M3,9999
m3sm24strp,SX2X-STRP-S01,M3,0
m3sm24strp-2,SX2X-STRP-S10,M3,0
m3sm24strp-3,SX2X-STRP-S50,M3,0
m3sm25w,SM250E-W2CFSS-HF,M3,0
m3sm25w-2,SM250E-WFCFSS-HF,M3,0
m3sm25x,SM255E-W2CFSS-HF,M3,0
m3sm25x-2,SM255E-WFCFSS-HF,M3,0
m3sm2xbat,SX2X-BATT-S40,M3,50
m3sm2xboot,SX2X-BOOT-01,M3,147
m3sm2xcrpock,SM2X-POCK-C00,M3,0
m3sm2xpwsp-3,SMXX-PWSP-CEU,M3,0
m3sm2xpwsp-4,SX2X-PWSP-8UK,M3,0
m3sm2xscpr,SX2X-SCPR,M3,150
m3sm2xtrig,SX2X-TRIG-S00,M3,80
m3sm300,SM300E-U2CFSS-HF,M3,0
m3sm300-2,SM300E-UFCFSS-HF,M3,48
m3sm300-3,SM305E-U2CFSS-HF,M3,41
m3sm300-4,SM305E-UFCFSS-HF,M3,47
m3sm301crd,SM30-1CRD-C00,M3,92
m3sm302crd,SM30-2CRD-C00,M3,1
m3sm302crd-8,SM30-8CRD-C00,M3,0
m3sm30bat,SM30-BATT-S50,M3,0
m3sm30boot,SM30-BOOT-01,M3,2
m3sm30crd-2,SM30-4CRD-C00,M3,0
m3sm30handle,SM30-TRIG-S00,M3,3
m3sm30pwr,SM30-PWSP-2EU,M3,69
m3sm30pwr-2,SM30-PWSP-4EU,M3,0
m3sm30pwrcbl,SM30-PWSP-CEU,M3,172
m3sm30scpr,SM30-SCPR,M3,0
m3sm30spst,SM30-SPST-FB5,M3,9999
m3sm30spst3,SM30-SPST-FB3,M3,9999
m3sm30strp,SM30-STRP-S01,M3,0
m3u20,U20F0C-QICFES-HF,M3,0
m3u20-2,U20F0C-QICFRS-HF,M3,0
m3u20-3,U20F0C-QICFSS-HF,M3,269
m3u20-4,U20F4C-QICFES-HF,M3,0
m3u20-6,U20F4C-QICFRS-HF,M3,0
m3u20-7,U20F4C-QICFSS-HF,M3,0
m3u30f-10,U30F0E-U2RFRS-HF,M3,5
m3u30f-11,U30F0E-U2RFSS-HF,M3,5
m3u30f-12,U30F0E-U2RFES-HF,M3,5
m3u30f-7,U30F0E-ULRFRS-HF,M3,2
m3u30f-8,U30F0E-ULRFSS-HF,M3,48
m3u30f-9,U30F0E-ULRFES-HF,M3,5
m3u30w-10,U30W0E-U2RFSS-HF,M3,5
m3u30w-11,U30W0E-U2RFES-HF,M3,5
m3u30w-7,U30W0E-ULRFSS-HF,M3,48
m3u30w-8,U30W0E-ULRFES-HF,M3,50
m3u30w-9,U30W0E-U2RFRS-HF,M3,0
m3ul20bat,UL20-BATT-S67,M3,16
m3ul20bat-10,UL20-BATT-F67-S10,M3,40
m3ul20bat10,UL20-BATT-S67-S10,M3,6
m3ul20batffc,UL20-BATT-F67,M3,123
m3ul20cb,UL20-CABL-UCA,M3,61
m3ul20chg,UL20-04BC-C00,M3,27
m3ul20cr2,UL20-2CRD-CU0,M3,157
m3ul20cr2e,UL20-2CRD-EU0,M3,2
m3ul20cr2ps,UL20-PWSP-2EU,M3,159
m3ul20cr2ps-uk,UL20-PWSP-2UK,M3,0
m3ul20cr8-2,UL20-8CRD-C00,M3,20
m3ul20cr8e,UL20-8CRD-E00,M3,4
m3ul20cr8ps,UL20-PWSP-8EU,M3,150
m3ul20cr8ps-uk,UL20-PWSP-8UK,M3,0
m3ul20f-11,U20F0C-QLCFES-HF,M3,5
m3ul20f-13,U20F0C-Q2CFES-HF,M3,0
m3ul20f-16,U20F0C-P2CFRS-HF-R,M3,0
m3ul20f-17,U20F0C-Q2CFSS-HF,M3,0
m3ul20f-18,U20F0C-Q2CFRS-HF,M3,0
m3ul20f-19,U20F4C-QLCFES-HF,M3,24
m3ul20f-4,U20F0C-P2CFSS-HF,M3,54
m3ul20f-7,U20F0C-PLCFSS-HF,M3,6
m3ul20f-9,U20F0C-PLCFSS-HF-R,M3,1
m3ul20fcrd,UL20-CPAK-FCRD-UB,M3,8
m3ul20fcrd-2,UL20-CPAK-FCRD-SQ,M3,0
m3ul20prot,UL20-SCPR,M3,35
m3ul20prot-g,UL20-SCPR-G,M3,0
m3ul20strap10,UL20-STRP-S10,M3,11
m3ul20strap50,UL20-STRP-S50,M3,0
m3ul20styl,UL20-STYL,M3,61
m3ul20trig,UL20-TRIG-S00,M3,0
m3ul20vcr,UL20-CPAK-VCRD,M3,0
m3ul20vcrd,UL20-VCRD-CU0,M3,11
m3ul20w-10,U20X4C-Q2CFSS-HF,M3,1
m3ul20w-11,U20W0C-Q2CFSS-HF,M3,16
m3ul20w-13,U20W0C-QICFRS-HF,M3,0
m3ul20w-14,U20W0C-Q2CFES-HF,M3,0
m3ul20w-15,U20W0C-Q2CFRS-HF,M3,0
m3ul20w-3,U20W0C-PLCFES-HF,M3,6
m3ul20w-4,U20W0C-P2CFRS-HF,M3,0
m3ul20w-5,U20W0C-P2CFSS-HF,M3,1
m3ul20w-6,U20W0C-P2CFES-HF,M3,0
m3ul20w-7,U20W0C-PLCFRS-HF,M3,1
m3ul20wp,UL20-WIPL-U00,M3,10
m3ul20x-12,U20X4C-P2CFRS-HF-R,M3,0
m3ul20x-15,U20X4C-P2CFSS-HF-R,M3,0
m3ul20x-16,U20X4C-Q2CFES-HF,M3,0
m3ul20x-17,U20X4C-QLCFES-HF,M3,0
m3ul20x-18,U20X4C-QLCFSS-HF,M3,0
m3ul20x-19,U20X4C-Q2CFRS-HF,M3,0
m3ul20x-20,U20X4C-QICFRS-HF,M3,48
m3ul20x-9,U20X4C-PLCFSS-HF-R,M3,308
m3ul30boot,UL20-BOOT-01,M3,4
m3ul30cb3,UL30-SPST-CB3,M3,9999
m3ul30cb3lr,UL30-SPST-CB3-LR,M3,9999
m3ul30cb5,UL30-SPST-CB5,M3,9999
m3ul30cb5lr,UL30-SPST-CB5-LR,M3,9999
m3ul30ch,UL30-SNAP-C0A,M3,0
m3ul30w,U30W0E-ULRFRS-HF,M3,36
m3ul30xb3,UL30-SPST-XB3,M3,9999
m3ul30xb3lr,UL30-SPST-XB3-LR,M3,9999
m3ul30xb5,UL30-SPST-XB5,M3,9999
m3ul30xb5lr,UL30-SPST-XB5-LR,M3,9999
m3us20bat,US20-BATT-E67,M3,0
m3us20bat04,US20-04BC-C00,M3,0
m3us20bat10,US20-BATT-E67-S10,M3,0
m3us20boot,US20-BOOT-01,M3,96
m3us20case,US20-CASE-FHH,M3,13
m3us20crd2,US20-2CRD-EC0,M3,0
m3us20crd2eu,US20-2CRD-EU0,M3,0
m3us20crd3,US20-2CRD-CU0,M3,0
m3us20crd5,US20-5CRD-C00,M3,19
m3us20crd5-2,US20-5CRD-C00-MT,M3,0
m3us20hols,US20-CASE-FSH,M3,0
m3us20hsth,US20-STRP-T10,M3,10
m3us20prot,US20-SCPR,M3,0
m3us20ps,US20-PWSP-5EU,M3,16
m3us20ps-uk,US20-PWSP-2UK,M3,2
m3us20ps2,US20-PWSP-2EU,M3,34
m3us20trig,US20-TRIG-S00,M3,25
m3us20vcrd,US20-VCRD-CU0,M3,0
m3us20w,S20W0C-Q2CWSE-HF,M3,6
m3us20w-11,S20W0C-Q9CWRE-HF,M3,0
m3us20w-14,S20W0C-Q9CWSE-HF,M3,2
m3us20w-17,S20W0C-Q9CWEE-HF,M3,12
m3us20w-19,S20W0C-Q3CWEE-HF,M3,0
m3us20w-20,S20W0C-QFCWRE-HF,M3,0
m3us20w-21,S20W0C-QFCWSE-HF,M3,0
m3us20w-22,S20W0C-QFCWEE-HF,M3,0
m3us20w-3,S20W0C-QLCWEE-HF,M3,4
m3us20w-7,S20W0C-Q2CWRE-HF,M3,0
m3us20w-8,S20W0C-Q2CWEE-HF,M3,0
m3us20x-12,S20X4C-Q2CWSE-HF,M3,3
m3us20x-13,S20X4C-Q9CWSE-HF,M3,3
m3us20x-16,S20X4C-Q2CWEE-HF,M3,1
m3us20x-17,S20X4C-Q9CWEE-HF,M3,4
m3us20x-19,S20X4C-QBCWSE-HF,M3,4
m3us20x-20,S20X4C-QFCWRE-HF,M3,0
m3us20x-21,S20X4C-QFCWSE-HF,M3,0
m3us20x-22,S20X4C-QFCWEE-HF,M3,0
m3us20x-8,S20X4C-Q2CWRE-HF,M3,0
m3us20x-9,S20X4C-Q9CWRE-HF,M3,3
m3us30,US300D-T2CWSE-HF,M3,0
m3us30-10,US300D-TLCWXE-HF,M3,0
m3us30-11,US300D-TFCWSE-HF,M3,0
m3us30-12,US300D-TFCWRE-HF,M3,0
m3us30-13,US300D-TFCWXE-HF,M3,0
m3us30-2,US300D-T2CWXE-HF,M3,9
m3us30-6,US300D-T2CWEE-HF,M3,0
m3us30-8,US300D-TLCWSE-HF,M3,0
m3us30-9,US300D-TLCWEE-HF,M3,0
m3us300d,US300D-TFCWEE-HF,M3,0
m3us30t2,US300D-T2CWRE-HF,M3,50
m3us30tl,US300D-TLCWRE-HF,M3,56
m3vehchg,UNIV-PWSP-V01,M3,0
m3vehgen10,UNIV-PWSP-VUA-10,M3,30
m3vehgen50,UNIV-PWSP-VUA-50,M3,46
m3warpc10-3,PC10-SPST-FB3,M3,9999
m3warpc10-5,PC10-SPST-FB5,M3,9999
m3warsl20-2,SL20-SPST-FB2,M3,9999
m3warsl20-3,SL20-SPST-FB3,M3,9999
m3warsl20-5,SL20-SPST-FB5,M3,9999
m3warsl20re-1,SL20-SPRE-F51,M3,9999
m3warsl20re-2,SL20-SPRE-F52,M3,9999
m3warsl20re3-1,SL20-SPRE-F31,M3,9999
m3warsl20re3-2,SL20-SPRE-F32,M3,9999
m3warsm15-3,SM15-SPST-FB3,M3,9999
m3warsm15-5,SM15-SPST-FB5,M3,9999
m3warsm15x-3,SM15-SPST-XB3,M3,9999
m3warsm15x-5,SM15-SPST-XB5,M3,9999
m3warsm15x51,SM15-SPRE-X51,M3,9999
m3warul20-3,UL20-SPST-XB3,M3,9999
m3warul20-5,UL20-SPST-XB5,M3,9999
m3warul20-c5,UL20-SPST-CB5,M3,9999
m3warul20f-c3,UL20-SPST-CB3,M3,9999
m3warul20flr-3,UL20-SPST-CB3-LR,M3,9999
m3warul20lr-3,UL20-SPST-XB3-LR,M3,9999
m3warul20lr-5,UL20-SPST-XB5-LR,M3,9999
m3warul20lr-c5,UL20-SPST-CB5-LR,M3,9999
m3warus30-3,US30-SPST-FB3,M3,9999
m3warus30-5,US30-SPST-FB5,M3,9999
m3wd10,WD1X4C-T0CWSS-HF,M3,0
m3wd10-2,WD1W0C-T0CWSS-HF,M3,96
m3wd1018bc,WD10-18BC-C00,M3,0
m3wd10bat,WD10-BATT-S33,M3,1
m3wd10case,WD10-BOOT-01,M3,0
m3wd10chg,WD10-03BC-C00,M3,29
m3wd10chg-2,WD10-12BC-C00,M3,0
m3wd10chg-3,WD10-06BC-C00,M3,0
m3wd10key,WD10-KEYP,M3,0
m3wd10ps18s,WD10-PWSP-8EU,M3,0
m3wd10psup,WD10-PWSP-CEU,M3,0
m3wd10psup-2,WD10-PWSP-1EU,M3,1
m3wd10psup-3,WD10-PWSP-4EU,M3,0
m3wd10scpro,WD10-SCPR,M3,100
m3wd10svc,WD10-SPST-FB5,M3,9999
m3wd10svc-3,WD10-SPST-FB3,M3,9999
m3wd10usb,WD10-CABL-UCA,M3,0
m3wd10wmount,WD10-WEWM-UA0,M3,0
m3wd10wmount-4,WD10-WEWM-UA1,M3,0
m3wd10wmount-5,WD10-WEWM-UA2,M3,0
m3wr10-03bc,WR10-03BC-U00,M3,1
m3wr10-08bc,WR10-08BC-U00,M3,0
m3wr10-32bc,WR10-32BC-U00,M3,0
m3wr10-bat,WR10-BATT-S10,M3,1
m3wr10-pwsp1,WR10-PWSP-1XX,M3,0
m3wr10-pwsp1eu,WR10-PWSP-1EU,M3,0
m3wr10-pwsp4,WR10-PWSP-4XX,M3,0
m3wr10-pwsp4eu,WR10-PWSP-4EU,M3,0
m3wr10-strpn1,WR10-STRP-N01,M3,0
m3wr10-strpw1,WR10-STRP-W01,M3,1
m3wr10-trg,WR10-TRIG-S00,M3,0
m3wr10-wersu11,WR10-WERS-U11,M3,0
m3wr10-wersu12,WR10-WERS-U12,M3,46
m3wr10-wersu21,WR10-WERS-U21,M3,0
m3wr10-wersu22,WR10-WERS-U22,M3,39
m3wr10psup,WR10-PWSP-CEU,M3,0
m3wr15,WR15-WERS-U11,M3,0
m3wr15-2,WR15-WERS-U12,M3,0
m3wr15-3,WR15-WERS-U21,M3,0
m3wr15-4,WR15-WERS-U22,M3,0
m3wr15-5,WR15-GLOV-GRS,M3,0
m3wr15-6,WR15-GLOV-GLS,M3,0
m3wr15-7,WR15-GLOV-GRL,M3,0
m3wr15-8,WR15-GLOV-GLL,M3,0
mad702,104523-112,ZEBRA,18
magcard250,MAGCARD250,ESEN,5
magcardb1k,magcardb1k,ESEN,0
magcardsil,"JT-1464 Loco MagCards silver",ESEN,10293
magprog,MAGCARD-PROG,ESEN,976
mcdncrzero5,7182-0804-9900,"A TRUST",0
microsd4g,TS4GUSDC4,TRANSCEND,0
mob001024,001024,MOBILIS,39
mob001025,001025,MOBILIS,0
mob001040,001040,MOBILIS,0
mob001080,001080,MOBILIS,0
mob001083,001083,MOBILIS,0
mob001084,001084,MOBILIS,755
mob001089,001089,MOBILIS,79
mob001093,001093,MOBILIS,437
mob001342,001389,MOBILIS,188
mob001360,001360,MOBILIS,2081
mob001361,001361,MOBILIS,21
mob001362,001362,MOBILIS,0
mob001363,001363,MOBILIS,145
mob001364,001364,MOBILIS,0
mob001365,001365,MOBILIS,4
mob020013,020013,MOBILIS,18
mob031023,031023,MOBILIS,57
mob031024,031024,MOBILIS,0
mob036174,036174,MOBILIS,18
mob036242,036242,MOBILIS,19
mob036255,036255,MOBILIS,1929
mob036260,036260,MOBILIS,0
mob036267,036267,MOBILIS,203
mob036276,036276,MOBILIS,464
mob036279,036279,MOBILIS,0
mob036288,036288,MOBILIS,56
mob036297,036297,MOBILIS,2
mob036302,036302,MOBILIS,3895
mob036309,036309,MOBILIS,49
mob036336,036336,MOBILIS,17
mob036341,036341,MOBILIS,0
mob036345,036345,MOBILIS,0
mob036374,036374,MOBILIS,0
mob036375,036375,MOBILIS,0
mob052054,052054,MOBILIS,0
mob052056,052056,MOBILIS,556
mob052057,052057,MOBILIS,1828
mob052060,052060,MOBILIS,5
mob052061,052061,MOBILIS,0
mob052063,052063,MOBILIS,29
mob057035,057035,MOBILIS,0
mob058012,058012,MOBILIS,0
mob058013,058013,MOBILIS,0
mob058014,058014,MOBILIS,0
mob063007,063007,MOBILIS,0
mob063008,063008,MOBILIS,0
mob063009,063009,MOBILIS,0
mob063011,063011,MOBILIS,0
mob063016,063016,MOBILIS,3
mob063022,063022,MOBILIS,15
mob063023,063023,MOBILIS,10
mob065011,065011,MOBILIS,9
mob065017,065017,MOBILIS,2
mob065018,065018,MOBILIS,704
mob065019,065019,MOBILIS,2
mob065021,065021,MOBILIS,0
mob065022,065022,MOBILIS,236
mob065025,065025,MOBILIS,0
mob065026,065026,MOBILIS,23
mob065027,065027,MOBILIS,2
mob065028,065028,MOBILIS,0
mob065029,065029,MOBILIS,0
mob065030,065030,MOBILIS,87
mob067005,067005,MOBILIS,2
mobactul20,063005,MOBILIS,5
mobarmband,030003,MOBILIS,11
mobbclip-2,001359,MOBILIS,0
mobbelt,001255,MOBILIS,1
mobcarchg,001241,MOBILIS,7
mobchstrp,001086,MOBILIS,0
mobec30dis5p,690R-PRO-IK6C-EC30-D,MOBILIS,0
mobextarm,001354,MOBILIS,0
mobholfork,031015,MOBILIS,45
mobik06surgo-2,036203,MOBILIS,22
moblan,001340,MOBILIS,0
mobmagstud,031018,MOBILIS,0
mobprotc21,052040,MOBILIS,2
mobprotcfr,052046,MOBILIS,184
mobrefgunl,031004,MOBILIS,75
mobrefgunm,031011,MOBILIS,62
mobrefguns,031010,MOBILIS,158
mobrefguns2,031012,MOBILIS,5
mobrefl,031003,MOBILIS,127
mobrefm,031002,MOBILIS,130
mobrefmb,031009,MOBILIS,205
mobrefs,031001,MOBILIS,0
mobreftm8-2,031013,MOBILIS,4
mobsbelt,001056,MOBILIS,0
mobscrcm10,036136,MOBILIS,18
mobscrct40xp,036254,MOBILIS,0
mobscrctx0,036087,MOBILIS,16
mobscrea510,036200,MOBILIS,2
mobscrgtab,036189,MOBILIS,0
mobscrm3-2,036102,MOBILIS,0
mobscrmc33,036134,MOBILIS,20
mobscrtc21,036207,MOBILIS,0
mobscrtc5x-3,036156,MOBILIS,269
mobscrtc7x-2,036096,MOBILIS,0
mobscrxc6,036271,MOBILIS,9
mobspcod10,001032,MOBILIS,0
mobspcod10-2,001033,MOBILIS,0
mobsstrap,001027,MOBILIS,0
mobsstrap3,001026,MOBILIS,0
mobsstrap5,001367,MOBILIS,1217
mobstylus2,001030,MOBILIS,0
mobstylus3,001054,MOBILIS,92
mobufixcar,044004,MOBILIS,0
moburotm,001353,MOBILIS,0
mobwristkick,030005,MOBILIS,6
mobwristm,030004,MOBILIS,0
mobwristm2,001041,MOBILIS,29
mp3cabu,UNIV-CABL-UMA,M3,44
mp3cabu2,UNIV-CABL-UAA,M3,0
mp4p,META-4p,METAPACE,68
mp4s,META-4s,METAPACE,1338
mp4ws,IFJ-WDAK/TYPE,METAPACE,39
mpk1e,META-k1e,METAPACE,28
mpk1hold,Z3TP-0083,METAPACE,0
mpk1lock,"Z3TUBULAR CAM LOCK",METAPACE,11
mpk1s,META-k1s,METAPACE,0
mpk1s12v,META-k1s12v,METAPACE,0
mpk1w,META-k1w,METAPACE,606
mpk1w12v,META-mpk1w12v,METAPACE,47
mpk1w2,META-k1ShinyWhite,METAPACE,0
mpk2hold,META_k2hold,METAPACE,33
mpk2ins,4B8C,METAPACE,34
mpk2key01,LK-CD-K2-01,METAPACE,141
mpk2key02,LK-CD-K2-02,METAPACE,241
mpk2key03,LK-CD-K2-03,METAPACE,118
mpk2key04,LK-CD-K2-04,METAPACE,38
mpk2key05,LK-CD-K2-05,METAPACE,98
mpk2key06,LK-CD-K2-06,METAPACE,91
mpk2key07,LK-CD-K2-07,METAPACE,82
mpk2key08,LK-CD-K2-08,METAPACE,159
mpk2key09,LK-CD-K2-09,METAPACE,44
mpk2key10,LK-CD-K2-10,METAPACE,110
mpk2keys01,MPK2-Keys01,METAPACE,3
mpk2keys02,MPK2-Keys02,METAPACE,0
mpk2keys03,MPK2-Keys03,METAPACE,2
mpk2keys05,MPK2-Keys05,METAPACE,0
mpk2keys07,MPK2-Keys07,METAPACE,0
mpk2keys09,MPK2-Keys09,METAPACE,0
mpk2keys10,MPK2-Keys10,METAPACE,0
mpk2lid,META-k2lid,METAPACE,0
mpk2mount,META-k2mount,METAPACE,0
mpk2s,META-k2s,METAPACE,0
mpk2w,META-k2w,METAPACE,1046
mpk3alock,ZCD-01387,METAPACE,0
mpk3ins2,ZCD-00178,METAPACE,0
mpk3key11,ZCD-2227,METAPACE,0
mpk3key12,ZCD-2774,METAPACE,0
mpk3s-2,CD-JTK3-M24-861-SF-9005,METAPACE,0
mpk4s,META-k4s,METAPACE,321
mpm30ibag,"M-30i Bag",METAPACE,805
mps22stand,META-STND-GS,METAPACE,1029
mps52,S-52,METAPACE,999
mps78-1,META-BKWU-KIT,METAPACE,1
mpt3bues3,META-T3IIIBUES,METAPACE,0
mpt3bups3,META-T3IIIBUPS,METAPACE,0
mpt3burs3,META-T3IIIBURS,METAPACE,0
mpt3bus3,META-T3IIIBUS,METAPACE,0
mpt3buws3,META-T3IIIBUWS,METAPACE,0
mpt3us2slot,KP04-00110A,METAPACE,0
mpt40bt,META_T40BT,METAPACE,0
mpt40ifbt,7.9.00.0000253,METAPACE,0
mpt40s,6.6.02.0000047,METAPACE,750
mpt40se,7.9.00.9045000,METAPACE,395
ms24xxpsu2,70-74882,HONEYWELL,0
ms3580rs,MK3580-31C41,HONEYWELL,3
ms3580stand,46-00288,HONEYWELL,0
ms3580us,MK3580-31A38,HONEYWELL,0
ms3780standsw,46-00225-3,HONEYWELL,0
ms5145cabu,55-55235-N-3,HONEYWELL,0
ms5145fsta,46-00131-3,HONEYWELL,0
ms5145hold,46-46758,HONEYWELL,0
ms5145hold-2,46-46758-3,HONEYWELL,0
ms5145mst,46-46633,HONEYWELL,0
ms5145r,MK5145-71C41-EU,HONEYWELL,0
ms5145rsw,MK5145-31C41-EU,HONEYWELL,42
ms5145rsw2,MS5145-41-3-EU,HONEYWELL,2
ms5145u,MK5145-71A38-EU,HONEYWELL,0
ms5145uss,MK5145-32A38-EU,HONEYWELL,0
ms5145usw,MK5145-31A38-EU,HONEYWELL,496
ms5145w,MK5145-71A47-EU,HONEYWELL,0
ms5145wall,46-46433,HONEYWELL,0
ms54002,59-59002-3,HONEYWELL,0
ms59000,59-59000-3,HONEYWELL,0
ms7120rs,MK7120-31C41,HONEYWELL,8
ms7120rw,MK7120-71C41,HONEYWELL,0
ms7120s,MS7120-38-3,HONEYWELL,0
ms7120us,MK7120-31A38,HONEYWELL,92
ms7120uw,MK7120-71A38,HONEYWELL,0
ms7190plug,46-00526-6,HONEYWELL,11
ms7820stand-2,46-00869,HONEYWELL,0
ms9520nt,46-00526,HONEYWELL,484
mscabaux2,52-52511,HONEYWELL,0
mscabk2,5S-5S002-3,HONEYWELL,0
mskabrsw-2,53-53153-N-12,HONEYWELL,88
mskabusb5,59-59235-N-3,HONEYWELL,0
mskabusb6,5S-5S235-3,HONEYWELL,0
msnteu2,PS-12-1250W-C,HONEYWELL,0
msntuk7,PS-12-1250W-G,HONEYWELL,0
msntuk7plug,50122316-001,HONEYWELL,0
new232emod,NLS-EX232-01,NEWLAND,2
newbeltcl,NLS-BCRR-01,NEWLAND,17
newbeltcl-2,NLS-BC-01,NEWLAND,0
newbs80,NLS-BS8080-1D,NEWLAND,52
newbs80-2,NLS-BS8080-2D,NEWLAND,42
newbs80crd,NLS-SCD80,NEWLAND,4
newbs80crd-2,NLS-CCC-BS80-01,NEWLAND,0
newbs80ps,AD60-D-M,NEWLAND,27
newbs80ps-2,ADP710,NEWLAND,0
newcbl0157r,CBL0157R,NEWLAND,0
newcbl017u,CBL017U,NEWLAND,7
newcbl0188u,CBL-0188U,NEWLAND,0
newcbl025r,CBL025R,NEWLAND,0
newcbl0275e,CBL-0275E,NEWLAND,0
newcbl030ua,CBL030UA,NEWLAND,13
newcbl036ua,CBL036UA,NEWLAND,0
newcbl037r,CBL037R,NEWLAND,17
newcbl042ua,CBL042UA,NEWLAND,0
newcbl127r,CBL127R,NEWLAND,0
newcbl151u,CBL151U,NEWLAND,0
newcblmp100u,CBLMP100U,NEWLAND,5
newcd50,CD50,NEWLAND,8
newcdwd5,NLS-CDWD5-01,NEWLAND,0
newfm100,NLS-FM100GD-RC,NEWLAND,57
newfm100-2,NLS-FM100GD-U,NEWLAND,109
newfm100-3,NLS-FM100GD-00,NEWLAND,1
newfm100-4,NLS-FM100GD-18,NEWLAND,0
newfm30,NLS-FM3056-28,NEWLAND,0
newfm30-2,NLS-FM3056-20,NEWLAND,0
newfm30-3,NLS-FM3051-28,NEWLAND,0
newfm30-4,NLS-FM3051-20,NEWLAND,0
newfm3080,NLS-FM3080V2-28,NEWLAND,1
newfm3080-2,NLS-FM3080V2-20,NEWLAND,0
newfm3281,NLS-FM3281-NFC-20,NEWLAND,129
newfm3281-2,NLS-FM3281-NFC-28,NEWLAND,47
newfm415,NLS-FM415-U,NEWLAND,24
newfm430,NLS-FM430L-U,NEWLAND,144
newfm430-2,NLS-FM430L-00,NEWLAND,17
newfm430-3,NLS-FM430L-RC,NEWLAND,19
newfm430-4,NLS-FM430-U,NEWLAND,0
newfm430-5,NLS-FM430-00,NEWLAND,53
newfm430-6,NLS-FM430-RC,NEWLAND,2
newfm430-7,NLS-FM431-SR-U,NEWLAND,3
newfm430-8,NLS-FM431-SR-RC,NEWLAND,0
newfm60,NLS-FM6080V2-U12,NEWLAND,0
newfm60db9,CBL-0173R,NEWLAND,4
newfm60usb,CBL-0164U,NEWLAND,0
newfm8080,NLS-FM8080-20,NEWLAND,12
newfr27,NLS-FR2780-B-20,NEWLAND,45
newfr27-2,NLS-FR2780-20,NEWLAND,3
newfr40,NLS-FR4080-20,NEWLAND,59
newfr40-2,NLS-FR4080-27,NEWLAND,0
newfr40-3,NLS-FR4080-28,NEWLAND,0
newfr5080,NLS-FR5080-B-20,NEWLAND,12
newfr8080,NLS-FR8080-20,NEWLAND,26
newhr11p,NLS-HR1150P-30,NEWLAND,73
newhr11p-2,NLS-HR1150P-30F,NEWLAND,28
newhr11p-3,NLS-HR1150P-37,NEWLAND,0
newhr11p-4,NLS-HR1150P-37F,NEWLAND,0
newhr11p-5,NLS-HR1150P-38,NEWLAND,0
newhr12,NLS-HR1250-70,NEWLAND,57
newhr15-2,NLS-HR1580-BT-SD,NEWLAND,31
newhr15-3,NLS-HR1550-35,NEWLAND,19
newhr15-4,NLS-HR1550-35F,NEWLAND,0
newhr15-5,NLS-HR1550-37,NEWLAND,0
newhr15-6,NLS-HR1550-38,NEWLAND,0
newhr15crd,NLS-CD1580-N0,NEWLAND,0
newhr15stand,NLS-STD20i-32,NEWLAND,1
newhr22dongle,NLS-DG-R,NEWLAND,0
newhr23bt,NLS-HR2300-BT,NEWLAND,285
newhr23hr33std,NLS-STD23-33-SA,NEWLAND,45
newhr23s5,NLS-HR2300-S5,NEWLAND,208
newhr23sa,NLS-HR2300-SA,NEWLAND,86
newhr32-4,NLS-HR3280-S0-HC,NEWLAND,12
newhr32-5,NLS-HR3280-SF-HC,NEWLAND,0
newhr32stand,NLS-STD20i-32-HC,NEWLAND,0
newhr33,NLS-HR3300-S5,NEWLAND,0
newhr33-2,NLS-HR3300-SA,NEWLAND,25
newhr33-3,NLS-HR3300-S8,NEWLAND,12
newhr33bt,NLS-HR3300-BT,NEWLAND,68
newhr33btbat,NLS-BTY2333,NEWLAND,3
newhr33btchg,NLS-CD3233-4C,NEWLAND,0
newhr42stand,NLS-STD20i-42,NEWLAND,8
newhr52,NLS-HR5280RT-S5,NEWLAND,5
newhr52-2,NLS-HR5280RT-SF,NEWLAND,9
newhr52-3,NLS-HR52-DUO-S5,NEWLAND,17
newhr52-4,NLS-HR52-DUO-S8,NEWLAND,0
newhr52-5,NLS-HR5280-BT-C(U),NEWLAND,32
newhr52-6,NLS-HR5280RT-BT-C(U),NEWLAND,8
newhr52crd,NLS-CD52,NEWLAND,0
newhr52stand,NLS-STD20i-52,NEWLAND,0
newhrmount,NLS-STD-WM001,NEWLAND,0
newlhtrgstrp-l,ITS-LH-L-04,NEWLAND,0
newlhtrgstrp-sm,ITS-LH-SM-04,NEWLAND,3
newmrb9,NLS-MRB93X0-AS,NEWLAND,0
newmt37,NLS-MT3752-W4,NEWLAND,0
newmt37case,HS107,NEWLAND,0
newmt37prot,"SP37 HYBRID",NEWLAND,28
newmt37strap-2,MS105,NEWLAND,4
newmt67-3,NLS-MT6757-W4,NEWLAND,345
newmt67bat,BTY-MT67,NEWLAND,72
newmt67chg4,NLS-CD6750-4B,NEWLAND,50
newmt67crd,NLS-CD6750-01,NEWLAND,86
newmt67grip,NLS-PG6750-01,NEWLAND,15
newmt67pcws,NLS-RB67-01,NEWLAND,0
newmt67prot,"SP67 HYBRID",NEWLAND,25
newmt90-3,NLS-MT9085-W4,NEWLAND,1
newmt90crdx,NLS-CD9050-03X,NEWLAND,79
newmt90ps-2,CBL-CCD,NEWLAND,10
newmt93-3,NLS-MT9356-W4-UHF1,NEWLAND,0
newmt93-6,NLS-MT9300-W4-SS,NEWLAND,286
newmt9356,NLS-MT9356-W4-SS-XE,NEWLAND,137
newmt93bat,BTY95L,NEWLAND,29
newmt93case,NLS-MRB9350-AS,NEWLAND,0
newmt93case-2,NLS-MRB9350-SS,NEWLAND,12
newmt93ccrd,NLS-CC-MT93-01,NEWLAND,0
newmt93chg4,NLS-MCD9350-4B,NEWLAND,13
newmt93cigad,NLS-CPA-CCMT93-01,NEWLAND,0
newmt93crd,NLS-MCD9350-01,NEWLAND,75
newmt93dcc,NLS-DCC-CCMT93-01,NEWLAND,0
newmt93grip,NLS-PG93-01,NEWLAND,75
newmt93prot,SPMT93,NEWLAND,13
newmt93strap,HS-MT93,NEWLAND,0
newmt93vcrd,CCMT93,NEWLAND,8
newmt95bat,BTY-MT95,NEWLAND,0
newmt95case,NLS-RB95-01,NEWLAND,12
newmt95chg4,NLS-MCD95-4B,NEWLAND,8
newmt95crd,NLS-MCD95-1C,NEWLAND,15
newmt95grip,NLS-MPG95-01,NEWLAND,6
newmt95prot,SPMT95,NEWLAND,4
newmt95strap,HS-MT95,NEWLAND,0
newn7-14,N7-Pro-W4-S3,NEWLAND,2
newn7-15,N7-Pro-W4-S4,NEWLAND,14
newn7-16,N7-Pro-W4-E2,NEWLAND,1
newn7-17,N7-Pro-W4-E3,NEWLAND,11
newn7-18,N7-Pro-W4-E4,NEWLAND,0
newn7-19,N7-Pro-W4-S2-A13,NEWLAND,14
newn7-20,N7-Pro-W4-S3-A13,NEWLAND,0
newn7-21,N7-Pro-W4-S4-A13,NEWLAND,0
newn7-22,N7-Pro-W4-E2-A13,NEWLAND,8
newn7-23,N7-Pro-W4-E3-A13,NEWLAND,0
newn7-24,N7-Pro-W4-E4-A13,NEWLAND,18
newn7bat,BTY-N7,NEWLAND,0
newn7chg4,NLS-CDN7-4B,NEWLAND,17
newn7crd,NLS-CDN7-C-HIGHV,NEWLAND,7
newn7crd-2,NLS-CDN7-C-LOWV,NEWLAND,4
newn7grip,NLS-PGN7-02,NEWLAND,25
newn7prot,"SPN7 HYBRID",NEWLAND,6
newnft10,NLS-NFT1055-W4,NEWLAND,76
newnft10crd,NLS-CD1051-V2,NEWLAND,9
newnft10crd-4,NLS-CD1051-4C-V2,NEWLAND,8
newnlsrb9051,NLS-RB9051,NEWLAND,49
newnq1000msr,MSR1000V2,NEWLAND,30
newnq1000sl,NLS-NQUIRE1000-W4-SL,NEWLAND,243
newnq1000sp,NLS-NQUIRE1000-W4-SP,NEWLAND,0
newnq1000stand,STD1200,NEWLAND,0
newnq1500sl,NLS-NQUIRE1500-W4-SL,NEWLAND,6
newnq1500sp,NLS-NQUIRE1500-W4-SP,NEWLAND,0
newnq1500stand,STD1500,NEWLAND,0
newnq500bl,NQ500-BL,NEWLAND,40
newnq500nf01,NLS-NQNFC-01,NEWLAND,3
newnq500sl,NLS-NQUIRE500-W4-SL,NEWLAND,12
newnq700sl,NLS-NQUIRE700-W4-SL,NEWLAND,0
newnq700sp,NLS-NQUIRE700-W4-SP,NEWLAND,0
newnqkit,NLS-NQIOKIT-01,NEWLAND,11
newnvf260,NLS-NVF260-20,NEWLAND,7
newnvh220-2,NLS-NVH220-BT,NEWLAND,0
newnvh220-3,NLS-NVH220-V2-XD,NEWLAND,39
newnvh220b,NLS-NVH220B-V2-XD,NEWLAND,26
newnvh220ps,ADP220,NEWLAND,0
newnvh300-2,NLS-NVH300-D0,NEWLAND,0
newnvh300stand,NLS-STD300,NEWLAND,0
newrhtrgstrp-l,ITS-RH-L-04,NEWLAND,8
newrhtrgstrp-sm,ITS-RH-SM-04,NEWLAND,13
newsd100strap,HS-SD100P,NEWLAND,2
newstd30i,NLS-STD30i,NEWLAND,20
newsvcmt37-3,SVCMT37-3Y,NEWLAND,9999
newsvcmt37-5,SVCMT37-5Y,NEWLAND,9999
newsvcmt67-3,SVCMT67-3Y,NEWLAND,9999
newsvcmt67-5,SVCMT67-5Y,NEWLAND,9999
newsvcmt93p-3,SVCMT93P-3Y,NEWLAND,9999
newsvcmt93p-5,SVCMT93P-5Y,NEWLAND,9999
newsvcmt93s-3,SVCMT93S-3Y,NEWLAND,9999
newsvcmt93s-5,SVCMT93S-5Y,NEWLAND,9999
newsvcmt93u-3,SVCMT93U-3Y,NEWLAND,9999
newsvcmt93u-5,SVCMT93U-5Y,NEWLAND,9999
newsvcn7pw4e-3,SVCN7P-W4-E-3Y,NEWLAND,9999
newsvcn7pw4e-5,SVCN7P-W4-E-5Y,NEWLAND,9999
newsvcn7pw4s-3,SVCN7P-W4-S-3Y,NEWLAND,9999
newsvcn7pw4s-5,SVCN7P-W4-S-5Y,NEWLAND,9999
newsvcnq1000sl-3,SVCNQ10-SL-3Y,NEWLAND,9999
newsvcnq1000sl-5,SVCNQ10-SL-5Y,NEWLAND,9999
newsvcnq1000sp-3,SVCNQ10-SP-3Y,NEWLAND,9999
newsvcnq1000sp-5,SVCNQ10-SP-5Y,NEWLAND,9999
newsvcnq104c-5,SVCNQ10-4C-5Y,NEWLAND,9999
newsvcnq1500sl-3,SVCNQ15-7SL3Y,NEWLAND,9999
newsvcnq1500sl-5,SVCNQ15-SL-5Y,NEWLAND,9999
newsvcnq1500sp-3,SVCNQ15-SP-3Y,NEWLAND,9999
newsvcnq1500sp-5,SVCNQ15-SP-5Y,NEWLAND,9999
newsvcnq500sl-3,SVCNQ50-SL-3Y,NEWLAND,9999
newsvcnq500sl-5,SVCNQ50-SL-5Y,NEWLAND,9999
newsvcnq700sl-3,SVCNQ70-SL-3Y,NEWLAND,0
newsvcnq700sl-5,SVCNQ70-SL-5Y,NEWLAND,9999
newsvcnq700sp-3,SVCNQ70-SP-3Y,NEWLAND,9999
newsvcnq700sp-5,SVCNQ70-SP-5Y,NEWLAND,9999
newsvcnq75-5,SVCNQ75-5Y,NEWLAND,9999
newsvcnvh220bt-5,SVCNVH220-BT-5Y,NEWLAND,9999
newsvcwd1-3,SVCWD1-3Y,NEWLAND,9999
newsvcwd1-5,SVCWD1-5Y,NEWLAND,9999
newsvcwd2-3,SVCWD2-3Y,NEWLAND,9999
newsvcwd2-5,SVCWD2-5Y,NEWLAND,9999
newsvcwd3-3,SVCWD3-3Y,NEWLAND,9999
newsvcwd5-3,SVCWD5-3Y,NEWLAND,9999
newsvcwd5-5,SVCWD5-5Y,NEWLAND,9999
newwarnq1000sl-3,WECNQ10-SL-3Y,NEWLAND,9999
newwarnq1000sl-5,WECNQ10-SL-5Y,NEWLAND,9999
newwarnq1000sp-3,WECNQ10-SP-3Y,NEWLAND,9999
newwarnq1000sp-5,WECNQ10-SP-5Y,NEWLAND,9999
newwarnq1500sl-3,WECNQ15-SL-3Y,NEWLAND,9999
newwarnq1500sl-5,WECNQ15-SL-5Y,NEWLAND,9999
newwarnq1500sp-3,WECNQ15-SP-3Y,NEWLAND,9999
newwarnq1500sp-5,WECNQ15-SP-5Y,NEWLAND,9999
newwarnq500sl-3,WECNQ50-SL-3Y,NEWLAND,9999
newwarnq500sl-5,WECNQ50-SL-5Y,NEWLAND,9999
newwarnq700sl-3,WECNQ70-SL-3Y,NEWLAND,9999
newwarnq700sl-5,WECNQ70-SL-5Y,NEWLAND,9999
newwarnq700sp-3,WECNQ70-SP-3Y,NEWLAND,9999
newwarnq700sp-5,WECNQ70-SP-5Y,NEWLAND,9999
newwarnvh220,WECNVH220-5Y,NEWLAND,9999
newwarnvh220bt-3,SVCNVH220-BT-3Y,NEWLAND,9999
newwd1crd,NLS-WCD10-1C,NEWLAND,35
newwd1prot,"SPWD1 HYBRID",NEWLAND,10
newwd1prot2,SPWD1,NEWLAND,10
newwd1sleeve,Sleeve-Arm-10,NEWLAND,6
newwd1sstrap,Strap-SI-01,NEWLAND,0
newwd1v2,NLS-WD1-W4-V2,NEWLAND,0
newwd1vstrap,Strap-VE-10,NEWLAND,0
newwd2,WD2-BS50-SR,NEWLAND,43
newwd2-2,WD2-BS50-MR,NEWLAND,18
newwd3,WD3-BS30,NEWLAND,0
newwd4,WD4-BS20-SR,NEWLAND,20
newwd4crd,NLS-SCD20,NEWLAND,13
newwd5,NLS-WD5-ISW,NEWLAND,0
newwd5screen,NLS-SPWD5-01,NEWLAND,0
newwd5strap,NLS-WD5-WS-01,NEWLAND,0
newwecfm3281-nfc-3,WECFM3281-NFC-3Y,NEWLAND,9999
newwecfm3281-nfc-5,WECFM3281-NFC-5Y,NEWLAND,9999
newwecmt37-3,WECMT37-3Y,NEWLAND,9999
newwecmt37-5,WECMT37-5Y,NEWLAND,9999
newwecmt67-3,WECMT67-3Y,NEWLAND,9999
newwecmt67-5,WECMT67-5Y,NEWLAND,9999
newwecmt93p-3,WECMT93P-3Y,NEWLAND,9999
newwecmt93p-5,WECMT93P-5Y,NEWLAND,9999
newwecmt93s-3,WECMT93S-3Y,NEWLAND,9999
newwecmt93s-5,WECMT93S-5Y,NEWLAND,9999
newwecmt93u-3,WECMT93U-3Y,NEWLAND,9999
newwecmt93u-5,WECMT93U-5Y,NEWLAND,9999
newwecmt95p-3,WECMT95P-3Y,NEWLAND,9999
newwecmt95p-5,WECMT95P-5Y,NEWLAND,9999
newwecn7p-w4-e-3,WECN7P-W4-E-3Y,NEWLAND,9999
newwecn7p-w4-e-5,WECN7P-W4-E-5Y,NEWLAND,9999
newwecn7p-w4-s-3,WECN7P-W4-S-3Y,NEWLAND,9999
newwecn7p-w4-s-5,WECN7P-W4-S-5Y,NEWLAND,9999
newwecnq10-4c-5,WECNQ10-4C-5Y,NEWLAND,9999
newwecnq75-5,WECNQ75-5Y,NEWLAND,9999
newwecwd1-3,WECWD1-3Y,NEWLAND,9999
newwecwd1-5,WECWD1-5Y,NEWLAND,9999
newwecwd5-3,WECWD5-3Y,NEWLAND,9999
newwecwd5-5,WECWD5-5Y,NEWLAND,9999
nt2009slot,nt2009slot,JARLTECH,57
pan2dbarrea,FZ-VBRG211U,PANASONIC,22
pan2dbarrea-2,FZ-VBRG231U,PANASONIC,21
pan2ndlan,FZ-VLNG211U,PANASONIC,2
pan2ndusb,FZ-VUBG211U,PANASONIC,20
pana3bat,FZ-VZSUT11U,PANASONIC,10
panantd,PCPE-GPSDANT,PANASONIC,10
panbat6,FZ-VZSU94W,PANASONIC,0
panbbattcha-2,FZ-VCBG210,PANASONIC,53
panbrd,FZ-VBD401U,PANASONIC,0
pancarchg,CF-LND80S-FD,PANASONIC,72
pancarchg3,CF-LND1224A,PANASONIC,46
pancf-49,CF-33TZ024B4,PANASONIC,2
pancf20ramkit,PCPE-RAMFRK09,PANASONIC,0
pancf20vdock2,PCPE-GJ20V08,PANASONIC,1
pancf20vdock3,PCPE-GJ20V07,PANASONIC,30
pancf20vdock4,PCPE-HAV2007,PANASONIC,0
pancf31-53bat,CF-VZSU46AU,PANASONIC,1
pancf33-35,CF-33GEPFVME,PANASONIC,1
pancf33-41,CF-33RZ022M4,PANASONIC,2
pancf33-46,CF-33GZ057B4,PANASONIC,4
pancf33-52,CF-33RZ063BE,PANASONIC,1
pancf334chg-2,CF-VCB331W,PANASONIC,0
pancf33bat,CF-VZSU1AW,PANASONIC,64
pancf33hcbat,CF-VZSU1BW,PANASONIC,0
pancf33hstrap,CF-VST331U,PANASONIC,9
pancf33icase,PCPE-INF33H1,PANASONIC,0
pancf33keyb,CF-VEK331NGP,PANASONIC,0
pancf33keyb-be,CF-VEK331NLP,PANASONIC,0
pancf33keyb-it,CF-VEK331NTP,PANASONIC,0
pancf33keyb-uk,CF-VEK331NEP,PANASONIC,0
pancf33keyb-us,CF-VEK331N4P,PANASONIC,0
pancf33keyb2,CF-VEK331NNP,PANASONIC,0
pancf33keyb3,CF-VEK331NPP,PANASONIC,0
pancf33keybfr,CF-VEK331NFP,PANASONIC,0
pancf33mk4-1,CF-339AAACBG,PANASONIC,1
pancf33mk4-11,CF-339Z011B4,PANASONIC,0
pancf33mk4-12,CF-33YAAAXB4,PANASONIC,2
pancf33mk4-13,CF-339Z01AB4,PANASONIC,0
pancf33mk4-14,CF-339Z00FB4,PANASONIC,5
pancf33mk4-5,CF-339AAACBL,PANASONIC,0
pancf33mk4-7,CF-33YAAACB4,PANASONIC,0
pancf33pencab,CF-VNT002U,PANASONIC,0
pancf33port,CF-VEB331U,PANASONIC,3
pancf33port2,CF-VEB332W,PANASONIC,0
pancf33stand,CF-VST332U,PANASONIC,12
pancf54infdstr,PCPE-INFGNDS,PANASONIC,0
pancf54vdock,PCPE-GJ54V01,PANASONIC,0
pancf54vdock-2,PCPE-GJ54V02,PANASONIC,0
pancfspsit,CF-AA5713A2T,PANASONIC,0
pancfxz6bat,CF-VZSU0XU,PANASONIC,0
panchg5-3,FZ-VCBN1413,PANASONIC,0
panchg5-4,FZ-VCBT1313,PANASONIC,0
panclean,CF-VNC002U,PANASONIC,0
pancrd-6,FZ-VEBN111A3,PANASONIC,41
panczkeyb,FZ-VEKG21L6,PANASONIC,0
pandekeyb,FZ-VEKG21LG,PANASONIC,8
paneskeyb,FZ-VEKG21LP,PANASONIC,0
panextant,CDS-504505,PANASONIC,8
panfilm-3,FZ-VPFN11U,PANASONIC,20
panfilm-4,FZ-VPFT11U,PANASONIC,0
panfilm-7,FZ-VPF38U,PANASONIC,0
panfz1bat,FZ-VZSUN120U,PANASONIC,48
panfz1cupchg,FZ-VCBN11U,PANASONIC,0
panfz40-29,FZ-40FZ004B4,PANASONIC,3
panfz40-30,FZ-40FZ006B4,PANASONIC,0
panfz40-31,FZ-40FZ001B4,PANASONIC,8
panfz40-32,FZ-40FZ00MB4,PANASONIC,0
panfz40-34,FZ-40FZ003B4,PANASONIC,0
panfz40-35,FZ-40FZ00DBE,PANASONIC,0
panfz40-44,FZ-40FZ01GB4,PANASONIC,0
panfz40-46,FZ-40HZ01MBE,PANASONIC,3
panfz40-6,FZ-40BZ01HME,PANASONIC,1
panfz40bat,FZ-VZSU1XU,PANASONIC,10
panfz40dvd,FZ-VDM401U,PANASONIC,0
panfz40scr,FZ-VSC402U,PANASONIC,1
panfz40scrfront,FZ-VSC401U,PANASONIC,5
panfz40ssd1,FZ-V2S401T1U,PANASONIC,0
panfz40ssd512,FZ-V2S400T1U,PANASONIC,0
panfz55-100,FZ-55J2601BF,PANASONIC,3
panfz55-101,FZ-55J6601BF,PANASONIC,0
panfz55-114,FZ-55JA601BE,PANASONIC,16
panfz55-117,FZ-55JZ00VB4,PANASONIC,0
panfz55-118,FZ-55GZ00UB4,PANASONIC,0
panfz55-119,FZ-55JZ012B4,PANASONIC,0
panfz55-120,FZ-55JZ00ZB4,PANASONIC,0
panfz55-121,FZ-55JZ00YB4,PANASONIC,0
panfz55-124,FZ-55J261KBG,PANASONIC,0
panfz55-125,FZ-55J260KBG,PANASONIC,7
panfz55-126,FZ-55J2601BG,PANASONIC,9
panfz55-127,FZ-55G260KBG,PANASONIC,1
panfz55-128,FZ-55G660KBG,PANASONIC,0
panfz55-129,FZ-55GZ00TB4,PANASONIC,10
panfz55-130,FZ-55G6601BG,PANASONIC,0
panfz55-135,FZ-55G6601BE,PANASONIC,18
panfz55-143,FZ-55J2601B4,PANASONIC,0
panfz55-148,FZ-55JZ011B4,PANASONIC,0
panfz55-149,FZ-55G2621B4,PANASONIC,0
panfz55-160,FZ-55GZ01EBE,PANASONIC,0
panfz55-177,FZ-55J6601BE,PANASONIC,1
panfz55-189,FZ-55GZ03UBE,PANASONIC,0
panfz55-39,FZ-55FZ0A3M4,PANASONIC,2
panfz55-99,FZ-55G6601BF,PANASONIC,0
panfz55bat,FZ-VZSU1HU,PANASONIC,39
panfz55brd,FZ-VBD551U,PANASONIC,0
panfz55dvd,FZ-VDM551U,PANASONIC,0
panfz55fpr,FZ-VFP551U,PANASONIC,8
panfz55fpr-2,FZ-VFPG221U,PANASONIC,1
panfz55fz40chg,FZ-VCB551W,PANASONIC,0
panfz55hfrfid,FZ-VNF551U,PANASONIC,5
panfz55modul,FZ-VEW553U,PANASONIC,3
panfz55pen2,FZ-VNP551U,PANASONIC,0
panfz55psu,CF-AA5713A2G,PANASONIC,41
panfz55psuch,CF-AA5713A2D,PANASONIC,0
panfz55rep,FZ-VEB551U,PANASONIC,3
panfz55scr,FZ-VSC552U,PANASONIC,5
panfz55scrfront,FZ-VSC551U,PANASONIC,6
panfz55scrrear,FZ-VSCG211U,PANASONIC,30
panfz55ssd1,FZ-VSD551T1U,PANASONIC,0
panfz55ssd2,FZ-VSD55121U,PANASONIC,0
panfz55ssd4,FZ-VSD55152U,PANASONIC,5
panfz55ssd5,FZ-VSD55122U,PANASONIC,0
panfz55ssdslot2,FZ-VSDR55N2W,PANASONIC,4
panfz56,FZ-56AZ00DB4,PANASONIC,4
panfz56-10,FZ-56BZ016B4,PANASONIC,0
panfz56-11,FZ-56BZ01FB4,PANASONIC,0
panfz56-12,FZ-56AZ001B4,PANASONIC,0
panfz56-13,FZ-56AZ00AB4,PANASONIC,0
panfz56-14,FZ-56BZ00UB4,PANASONIC,0
panfz56-15,FZ-56BZ00YB4,PANASONIC,0
panfz56-16,FZ-56BZ017B4,PANASONIC,0
panfz56-17,FZ-56BZ012B4,PANASONIC,0
panfz56-18,FZ-56BZ01BB4,PANASONIC,0
panfz56-19,FZ-56AZ004BT,PANASONIC,0
panfz56-2,FZ-56AZ020B4,PANASONIC,9
panfz56-20,FZ-56AZ00EBT,PANASONIC,0
panfz56-21,FZ-56BZ00QBT,PANASONIC,0
panfz56-22,FZ-56BZ011BT,PANASONIC,0
panfz56-23,FZ-56AZ006B4,PANASONIC,0
panfz56-24,FZ-56BZ00SB4,PANASONIC,0
panfz56-25,FZ-56AZ002B4,PANASONIC,0
panfz56-26,FZ-56BZ00NB4,PANASONIC,0
panfz56-27,FZ-56AZ02FBD,PANASONIC,0
panfz56-28,FZ-56AZ00HBD,PANASONIC,0
panfz56-29,FZ-56BZ00TBD,PANASONIC,0
panfz56-3,FZ-56BZ03RB4,PANASONIC,5
panfz56-30,FZ-56BZ014BD,PANASONIC,0
panfz56-31,FZ-56BZ01DBD,PANASONIC,0
panfz56-32,FZ-56AZ02TBE,PANASONIC,0
panfz56-33,FZ-56AZ030BE,PANASONIC,0
panfz56-34,FZ-56BZ00WBE,PANASONIC,0
panfz56-35,FZ-56BZ033BE,PANASONIC,0
panfz56-36,FZ-56AZ02UBE,PANASONIC,0
panfz56-37,FZ-56AZ02PBE,PANASONIC,0
panfz56-38,FZ-56AZ031BE,PANASONIC,0
panfz56-39,FZ-56BZ02YBE,PANASONIC,0
panfz56-4,FZ-56BZ019B4,PANASONIC,0
panfz56-40,FZ-56BZ032BE,PANASONIC,0
panfz56-41,FZ-56AZ02RBE,PANASONIC,0
panfz56-42,FZ-56AZ00JBE,PANASONIC,0
panfz56-43,FZ-56AZ02QBE,PANASONIC,0
panfz56-44,FZ-56BZ02XBE,PANASONIC,0
panfz56-45,FZ-56BZ045BE,PANASONIC,0
panfz56-46,FZ-56BZ01EBE,PANASONIC,0
panfz56-47,FZ-56BZ015BE,PANASONIC,0
panfz56-5,FZ-56BZ010B4,PANASONIC,6
panfz56-7,FZ-56AZ008B4,PANASONIC,0
panfz56-8,FZ-56AZ00MB4,PANASONIC,0
panfz56-9,FZ-56BZ049B4,PANASONIC,0
panfz56dvd,FZ-VDM561U,PANASONIC,0
panfz56lan,FZ-VLN561U,PANASONIC,0
panfz56lan-2,FZ-VCN561U,PANASONIC,0
panfz56ram16,FZ-BAZ2416,PANASONIC,0
panfz56ram32,FZ-BAZ2432,PANASONIC,0
panfz56scr,FZ-VSC561U,PANASONIC,0
panfz56ssd1,FZ-VSD560T1U,PANASONIC,0
panfz56ssd1tb,FZ-V2S561T1U,PANASONIC,0
panfz56ssd2,FZ-VSD561T1U,PANASONIC,0
panfz56ssd3,FZ-VSD562T1U,PANASONIC,0
panfz56ssd512,FZ-V2S560T1U,PANASONIC,0
panfza2mchg,CF-LNDMLSTD,PANASONIC,0
panfza2ramkit,PCPE-RAMFRK03,PANASONIC,0
panfza3crd,FZ-VEBA21U,PANASONIC,0
panfza3psu,CF-AA6413AG,PANASONIC,6
panfza3sstrap,CF-VNS331U,PANASONIC,9
panfzcfha,PCPE-HAV2008,PANASONIC,0
panfzg1bat,FZ-VZSU84A2U,PANASONIC,0
panfzg1bate,FZ-VZSU88U,PANASONIC,0
panfzg1car,PCPE-LNDFH60,PANASONIC,0
panfzg1prot,FZ-VPFG11U,PANASONIC,0
panfzg1psu2,PCPE-LNDFH32,PANASONIC,8
panfzg1stylus,FZ-VNPG15U,PANASONIC,0
panfzg1tether,FZ-VNTG11U,PANASONIC,0
panfzg1v9dock,PCPE-GJG1V09,PANASONIC,0
panfzg1vch,CF-LND8024FD,PANASONIC,0
panfzg1vch-2,CF-LND8024BW,PANASONIC,17
panfzg1vdock,PCPE-GJG1V05,PANASONIC,100
panfzg1vdock2,PCPE-GJG1V02,PANASONIC,3
panfzg1vdock3,PCPE-GJG1V01,PANASONIC,0
panfzg2b4-13,FZ-G2NZ05YB4,PANASONIC,0
panfzg2be,FZ-G2NZ04GBE,PANASONIC,0
panfzg2dock,FZ-VEBG21U,PANASONIC,10
panfzg2hf,FZ-VRFG211U,PANASONIC,0
panfzg2hstrapx,PCPE-INFG2H1,PANASONIC,0
panfzg2hstrapx-2,PCPE-INFG2XS,PANASONIC,0
panfzg2keybbe,FZ-VEKG21LL,PANASONIC,0
panfzg2keybfr,FZ-VEKG21LF,PANASONIC,3
panfzg2keybhu,FZ-VEKG21LH,PANASONIC,5
panfzg2keybit,FZ-VEKG21LT,PANASONIC,0
panfzg2keybsg,FZ-VEKG21LD,PANASONIC,0
panfzg2keybtu,FZ-VEKG21LK,PANASONIC,0
panfzg2mnt-2,PCPE-CDSG2P2,PANASONIC,0
panfzg2mob,PCPE-INFG2MB,PANASONIC,0
panfzg2n,FZ-G2NZ02XB4,PANASONIC,3
panfzg2sp,PCPE-INFG2TG1,PANASONIC,0
panfzg2stif,FZ-VNP026U,PANASONIC,0
panfzg2trag,FZ-VSTG21U,PANASONIC,0
panfzm1bat4,FZ-VZSU2EW,PANASONIC,0
panfzn1strap,FZ-VSTN11BU,PANASONIC,0
panfzn1vdock,PCPE-GJN1V01,PANASONIC,3
panfzram16,FZ-BAZ2116,PANASONIC,0
panfzram32,FZ-BAZ2132,PANASONIC,0
panfzs1ac,FZ-AAE184E1G,PANASONIC,12
panfzs1hstrap,FZ-VSTS11U,PANASONIC,14
panfzs1scase,FZ-VNSS11U,PANASONIC,3
panfzsb,FZ-VZSUN120W,PANASONIC,0
panfzstbat,FZ-VZSU1UU,PANASONIC,136
panfzstbat-2,FZ-VZSU1TU,PANASONIC,2
panfzstbat2,FZ-VZSU1VU,PANASONIC,7
panfzvsta,FZ-VSTA31U,PANASONIC,0
pang2-110,FZ-G2NBMBXB4,PANASONIC,8
pang2-111,FZ-G2NBMBGB4,PANASONIC,50
pang2-112,FZ-G2NBMBXBD,PANASONIC,4
pang2-114,FZ-G2NBMBXBE,PANASONIC,10
pang2-115,FZ-G2NBMBGBE,PANASONIC,0
pang2-121,FZ-G2NZ042B4,PANASONIC,5
pang2-126,FZ-G2NZ04EBE,PANASONIC,5
pang2-130,FZ-G2NZ043B4,PANASONIC,5
pang2-91,FZ-G2EZ00HB4,PANASONIC,2
panhav3305,PCPE-HAV3305,PANASONIC,4
panhav3309,PCPE-HAV3309,PANASONIC,0
panhavg103,PCPE-HAVG103,PANASONIC,0
panhavg104,PCPE-HAVG104,PANASONIC,2
panholst-2,FZ-VSTN12U,PANASONIC,17
paninf-3,PCPE-INFAB3-V,PANASONIC,9999
paninf-4,PCPE-INFAB4-V,PANASONIC,9999
paninf-5,PCPE-INFAB5-V,PANASONIC,9999
paninfss03,PCPE-INFSS03,PANASONIC,0
paniop1u,FZ-VCN551U,PANASONIC,7
paniop2u,FZ-VCN552U,PANASONIC,0
paniop3u,FZ-VCN553U,PANASONIC,4
paniop4w,FZ-VCN554W,PANASONIC,0
pankbukbl,FZ-VEKG21LE,PANASONIC,1
pankbusbl,FZ-VEKG21L4,PANASONIC,2
panl1,FZ-L1AGAAGAS,PANASONIC,1
panl1bat,FZ-VZSUT10U,PANASONIC,0
panl1crd,FZ-VEH1L1AA3,PANASONIC,0
panl1hstrap,FZ-VSTL11U,PANASONIC,5
panl1hstrap2,FZ-VSTL12U,PANASONIC,23
panl1uchg,FZ-AAE184EG,PANASONIC,0
panl1uchguk,FZ-AAE184EE,PANASONIC,27
panlcdfoil,CF-VPF34U,PANASONIC,20
panlcdfoil2,CF-VPF29U,PANASONIC,10
panmobinf,PCPE-INF33B1,PANASONIC,0
panmsdock3v,PCPE-MSPROTD3-V,PANASONIC,9999
panmx4stylus,CF-VNP021U,PANASONIC,0
pannokeyb,FZ-VEKG21LN,PANASONIC,9
panpcpedock,PCPE-GJ33V02,PANASONIC,4
panpcpegjdock,PCPE-GJ33V04,PANASONIC,18
panpcpegjdock3,PCPE-GJ33V03,PANASONIC,0
panpowadp,PCPE-LND1224M,PANASONIC,0
panprotp3,PCPE-PROTP3-V,PANASONIC,9999
panprotp4v,PCPE-PROTP4-V,PANASONIC,9999
panprotp5v,PCPE-PROTP5-V,PANASONIC,9999
panramfz55,FZ-BAZ2008,PANASONIC,12
panramfz55-3,FZ-BAZ2216,PANASONIC,8
panramfz55-4,FZ-BAZ2232,PANASONIC,4
panshstrap,FZ-VNSG21U,PANASONIC,0
panspsup,CF-AA5713A2E,PANASONIC,0
panssd512,FZ-VSD55151U,PANASONIC,4
panstpen-1,CF-VNP332U,PANASONIC,14
panstpen2,CF-VNP025U,PANASONIC,0
panstrap,PCPE-INFA3XS,PANASONIC,4
pantabkbdacc,CF-VZSU0QW,PANASONIC,0
panthermcam,FZ-VTSG211U,PANASONIC,0
pantmaloncs,PCPE-INFG2AO,PANASONIC,0
pantrueser,FZ-VSRG211U,PANASONIC,8
panvcn401,FZ-VCN401U,PANASONIC,1
panvcn402,FZ-VCN402U,PANASONIC,1
panvcn403,FZ-VCN403U,PANASONIC,1
panvfp401,FZ-VFP401BU,PANASONIC,0
panvfp402,FZ-VFP402BW,PANASONIC,0
panvnf401,FZ-VNF401BU,PANASONIC,0
panwifi,PCPE-PAN4318,PANASONIC,11
pap11292,KB-1003,KASSENBON24,42
pap5740b,KB-4000,KASSENBON24,150
pap5746,KB-1024,KASSENBON24,150
pap7665,KB-3007,KASSENBON24,1050
pap7670c,KB-3020,KASSENBON24,1940
patch1s,SK250SW10U,ESEN,122
patch2w2,patch2w2,ESEN,88
pg006uk,"C006-UK (Bundle)",PROGLOVE,44
pg7l,G001-7L,PROGLOVE,1
pg7ll3,G007-LL-3,PROGLOVE,1
pgacc1s,A006-EU,PROGLOVE,52
pgxa006uk,X005-A006-UK,PROGLOVE,56
pgz23,Z002-003,PROGLOVE,98
pmer75010,ER750-10,PROMAG,0
pmer77510,ER755-10,PROMAG,0
pmgp20,GP20-10,PROMAG,10
pmgp20ns,GP20N-10D,PROMAG,0
pmmf7,MF7-20,PROMAG,85
pmmf700,MF700-10,PROMAG,2
pmmtag63,MTAG63,PROMAG,0
pmnt12v2a,APR-T0045,PROMAG,454
pmpcr300-1,PCR300MU-10,PROMAG,0
pmpcr300fmu,PCR300FMU-00,PROMAG,0
pmpcr300fu,PCR300FU-00,PROMAG,16
pmpcr300mf,PCR300MU-01,PROMAG,22
pmpcr300r0,PCR300AR-02,PROMAG,0
pmpcr300u0,PCR300AU-02,PROMAG,5
pmpcr310u0,PCR310U-00,PROMAG,1
pmpcr310u1,PCR310U-10,PROMAG,0
pmpcr330a,PCR330A-00,PROMAG,23
pmpcr330m,PCR330M-00,PROMAG,71
pmpcr34050,PCR340-50,PROMAG,0
pmpcr340cabu,WAS-T0043B-1,PROMAG,0
pmur110,UR110-00,PROMAG,0
pmur110u,UR110U-00,PROMAG,0
pmwec200,WEC200-00E,PROMAG,0
posbase400-bk,PP-B45-03746-9005,POSPOLE,0
pospa4538,PP-A4538-03851-9005,POSPOLE,0
pospa4538-2,PP-A4538-03818-9005,POSPOLE,0
pospa4538-7,PP-A4538-01202-9005,POSPOLE,0
posppv45,PP-V45-06547-9005,POSPOLE,0
posprs,PP-PRS-09421-9005,POSPOLE,0
posprs-2,PP-PRS-09422-9005,POSPOLE,2
posprs-3,PP-PRS-09423-9005,POSPOLE,12
posprs-4,PP-PRS-09425-9005,POSPOLE,0
posprs-5,PP-PRS-09428-9005,POSPOLE,0
posv45b,PP-V45-06675-9005,POSPOLE,0
posvtop75-bk,PP-V45-06685-9005,POSPOLE,14
pot621,13007-473/0000,"PREH KEYTEC",65
pot622,13007-466/0000,"PREH KEYTEC",23
prehblatt17,12671-088/0000,"PREH KEYTEC",33
prehblinds,13007-302/0000,"PREH KEYTEC",48
prehi128cu,90328-602/5805,"PREH KEYTEC",12
prehi128m,90328-613/1805,"PREH KEYTEC",1
prehnsw,13038-046/0000,"PREH KEYTEC",4
prehset2,13018-402/0000,"PREH KEYTEC",28
prehsik2500s-us,90327-101/1800,"PREH KEYTEC",5
prehtaste4,12308-093/1800-RAL9002,"PREH KEYTEC",35
prehtaste4gr,12308-093/1800-RAL6032,"PREH KEYTEC",4
prehtaste4ro,12308-093/1800-RAL3002,"PREH KEYTEC",1
prehtsw1,12308-084/1800,"PREH KEYTEC",1
prehtsw4,12308-067/1800,"PREH KEYTEC",4
pscab73604,8-0751-10,DATALOGIC,0
pscab8075111,8-0751-11,DATALOGIC,2
pscab8075412,8-0754-12,DATALOGIC,0
pscab80935,8-0935,DATALOGIC,1199
psmg1500,MG1501-10211-0200,DATALOGIC,557
psmg1500-12,MG1502-10241-0200,DATALOGIC,0
psmg1500-14,MG1502-10260-0200,DATALOGIC,0
psmg1500-2,MG1501-10210-2100,DATALOGIC,14
psmg1500-2w,MG1502-10220-2100,DATALOGIC,0
psmg1500-3,MG1501-10210-0200,DATALOGIC,162
psmg1500-3w,MG1502-10220-0200,DATALOGIC,9
psmg1500-4,MG1502-10220,DATALOGIC,0
psmg1500-5,MG1502-10221-0200,DATALOGIC,5
psmg1500-8,MG1501-10231-0200,DATALOGIC,20
psmg1500-9,MG1501-10250-0200,DATALOGIC,0
psmg3410,M3410-010200-00604,DATALOGIC,7
psmg3410-2,M3410-010210-00604,DATALOGIC,155
psmg3410-3,M3410-010210-00403,DATALOGIC,0
psmg3410-8,M3420-010230,DATALOGIC,0
psmg3410-9,M3420-010230-00605,DATALOGIC,0
psmg3450,M3450-010200-07104,DATALOGIC,0
psmg3450-2,M3450-010200-07604,DATALOGIC,0
psmg3450-3,M3450-010210-07604,DATALOGIC,39
psmg3450-5,M3450-010310-07104,DATALOGIC,0
psmg3450-6,M3450-010210-07104,DATALOGIC,2
psmg3450-9,M3450-010210-00403,DATALOGIC,0
psmg3450mount,90ACC0299,DATALOGIC,0
psmg3510hsi,M3513-010210,DATALOGIC,1
psmg3510hsi-2,M3511-010200-00403,DATALOGIC,199
psmg3510hsi-3,M3510-010200,DATALOGIC,0
psmg3510hsi-5,M3513-010210-00604,DATALOGIC,53
psmg3510hsi-6,M3511-010210-00604,DATALOGIC,55
psmg3510hsi-7,M3511-010210,DATALOGIC,0
psmg3510hsi-8,M3511-010200,DATALOGIC,0
psmg3550,M3550-010200,DATALOGIC,0
psmg3550-10,M3550-010210,DATALOGIC,0
psmg3550-2,M3551-010210-07604,DATALOGIC,167
psmg3550-3,M3551-010210,DATALOGIC,0
psmg3550tin,90ACC0302,DATALOGIC,0
psmg3610,M3610-010200,DATALOGIC,0
psmg3610-2,M3610-010210-00604,DATALOGIC,27
psmg3650,M3650-010200,DATALOGIC,0
psmg3670,M3670-010200,DATALOGIC,0
psmg3711,M3711-010200,DATALOGIC,0
psmg3711-2,M3711-010210-00604,DATALOGIC,0
psmg3751,M3751-010200,DATALOGIC,0
psmg3751-4,M3751-010211-07604,DATALOGIC,0
psmg3771,M3771-010200,DATALOGIC,0
psmgpceu,6003-0940,DATALOGIC,349
psmgpcit,6003-0924,DATALOGIC,192
psmgpcus,6003-0941,DATALOGIC,0
psmgps3,11-0114,DATALOGIC,117
psmgrdisp-4,90ACC0490,DATALOGIC,0
ptr170829001,170829-001,TSC,0
ptr172444001,172444-001,TSC,0
ptr178956001,178956-001,TSC,4
ptr178957001,178957-001,TSC,0
ptr178958001,178958-001,TSC,0
ptr220063902,P220063-902,TSC,0
ptr220064901,P220064-901,TSC,0
ptr220064902,P220064-902,TSC,0
ptr220227020,P220227-020,TSC,0
ptr220227021,P220227-021,TSC,0
ptr220400001,P220400-001,TSC,0
ptr220405901,P220405-901,TSC,0
ptr257341003,257341-003,TSC,1
ptr257341004,257341-004,TSC,0
ptr257820001,257820-001,TSC,1
ptr258615001,258615-001,TSC,0
ptr258615002,258615-002,TSC,4
ptr258615003,258615-003,TSC,0
ptr258633901,258633-901,TSC,0
ptr258634901,258634-901,TSC,0
ptr258637901,258637-901,TSC,0
ptr258686001,258686-001,TSC,0
ptr258704001,258704-001,TSC,0
ptr258704002,258704-002,TSC,19
ptr258705001,258705-001,TSC,10
ptr258705002,258705-002,TSC,14
ptr258706001,258706-001,TSC,0
ptr258706002,258706-002,TSC,15
ptr258707001,258707-001,TSC,0
ptr258707002,258707-002,TSC,0
ptr258712001,258712-001,TSC,0
ptr258712002,258712-002,TSC,0
ptr258712003,258712-003,TSC,0
ptr98072001900,98-0720019-00LF,TSC,0
ptr98072002900,98-0720029-00LF,TSC,0
ptr98073001700,98-0730017-00LF,TSC,0
ptrp220005901,P220005-901,TSC,0
ptrp220015901,P220015-901,TSC,0
ptrp220019-901,P220019-901,TSC,2
ptrp220020901,P220020-901,TSC,0
ptrp220020902,P220020-902,TSC,0
ptrp220063901,P220063-901,TSC,0
ptrp220338901,P220338-901,TSC,0
ptrp220348001,P220348-001,TSC,0
ptrp220362901,P220362-901,TSC,0
ptrt4000cut,98-0720015-00LF,TSC,0
ptrt4000ph12,98-0720032-01LF,TSC,0
ptrt4000ph8,98-0720032-00LF,TSC,0
ptrt4000wifi,98-0720028-00LF,TSC,0
ptrt6000ph12,P220355-001,TSC,2
ptrt6000ph12-2,P220361-001,TSC,0
ptrt6000ph12-3,P220358-001,TSC,5
ptrt6000ph12-4,P220065-902,TSC,1
ptrt6000ph12-5,P220065-901,TSC,4
ptrt6000ph24p,P220359-001,TSC,12
ptrt6000ph8,P220354-001,TSC,0
ptrt6000ph8-2,P220360-001,TSC,7
ptrt6000ph8p,P220357-001,TSC,19
ptrt6000rfid,P220353-901,TSC,2
ptrt6000rfid2,P220382-901,TSC,1
ptrt6e2r4,T6E2R4-2100-02,TSC,3
ptrt6e2r6,T6E2R6-2100-02,TSC,0
ptrt6e2x4,T6E2X4-2100-00,TSC,15
ptrt6e2x4-2,T6E2X4-2110-00,TSC,0
ptrt6e2x4-6,T6E2X4-3100-00,TSC,15
ptrt6e2x6,T6E2X6-2100-00,TSC,0
ptrt6e3r4,T6E3R4-2100-02,TSC,0
ptrt6e3r6,T6E3R6-2100-02,TSC,0
ptrt6e3x4,T6E3X4-2100-00,TSC,8
ptrt6e3x4-13,T6E3X4-2410-20,TSC,0
ptrt6e3x4-6,T6E3X4-2410-00,TSC,0
ptrt6e3x6,T6E3X6-2100-00,TSC,0
ptrt6p220013901,P220013-901,TSC,0
ptrt6p220069901,P220069-901,TSC,0
ptrt6p220362903,P220362-903,TSC,0
ptrt6p220383901,P220383-901,TSC,0
ptrt6p220386901,P220386-901,TSC,0
ptrt800cut,98-0730019-00LF,TSC,0
ptrt800ph12,98-0730027-01LF,TSC,0
ptrt800ph8,98-0730027-00LF,TSC,0
ptrt800wifi,98-0730022-00LF,TSC,0
ptrt82x4,T82X4-2100-0,TSC,44
ptrt82x4-2,T82X4-2120-0,TSC,0
ptrt82x4-4,T82X4-2101-0,TSC,0
ptrt82x4-7,T82X4-2101-2,TSC,0
ptrt82x4-8,T82X4-3100-2,TSC,0
ptrt82x6,T82X6-2100-0,TSC,1
ptrt82x6-uk,T82X6-3100-0,TSC,1
ptrt82x8,T82X8-2100-0,TSC,0
ptrt82x8-2,T82X8-2120-0,TSC,0
ptrt82x8-3,T82X8-2106-0,TSC,0
ptrt82x8-5,T82X8-2103-0,TSC,0
ptrt82x8uk-2,T82X8-3110-0,TSC,0
ptrt83x4,T83X4-2100-0,TSC,5
ptrt83x4-12,T83X4-2104-0,TSC,0
ptrt83x4-14,T83X4-2101-0,TSC,0
ptrt83x4-2,T83X4-2120-0,TSC,0
ptrt83x4-4,T83X4-3100-0,TSC,5
ptrt83x4-7,T83X4-2141-0,TSC,0
ptrt83x6,T83X6-2100-0,TSC,0
ptrt83x6-12,T83X6-2105-0,TSC,22
ptrt83x6-2,T83X6-2120-0,TSC,0
ptrt83x6-6,T83X6-3100-0,TSC,0
ptrt83x6-7,T83X6-2200-0,TSC,0
ptrt83x8,T83X8-2100-0,TSC,0
ptrt83x8-2,T83X8-2120-0,TSC,0
ptrt83x8-4,T83X8-2116-0,TSC,0
ptrt83x8c8,T83X8-2106-0,TSC,0
ptrtp220120001,P220120-001,TSC,0
pwrcrd-it-2,B-16652I,INLINE,0
ram-16gb4,1262400,CORSAIR,0
ram-202u-cro1,RAM-D-202U-CRO1,"RAM MOUNT",29
ram-202u-in1,RAM-D-202U-IN1,"RAM MOUNT",0
ram-8gbd4,1663847,CRUCIAL,52
ram101b225b2u,RAM-101-B-225B2U,"RAM MOUNT",0
ram101u,RAM-101U,"RAM MOUNT",0
ram101u246,RAM-D-101U-246,"RAM MOUNT",0
ram101u2461,RAM-101U-2461,"RAM MOUNT",6
ram101u2474,RAM-101U-247-4,"RAM MOUNT",0
ram101ub2461,RAM-101U-B-2461,"RAM MOUNT",0
ram101ub247,RAM-101U-B-247,"RAM MOUNT",6
ram101ud246,RAM-101U-D-246,"RAM MOUNT",0
ram101ud2461,RAM-101U-D-2461,"RAM MOUNT",0
ram101uip1,RAM-101U-IP1,"RAM MOUNT",0
ram101uze1,RAM-101U-ZE1,"RAM MOUNT",0
ram102,RAP-B-102U,"RAM MOUNT",0
ram102lu2461,RAM-102LU-2461,"RAM MOUNT",0
ram102u2461,RAM-102U-B-2461,"RAM MOUNT",0
ram103238u,RAM-103-238U,"RAM MOUNT",0
ram103b238u,RAM-103-B-238U,"RAM MOUNT",0
ram103d238u,RAM-103-D-238U,"RAM MOUNT",0
ram103u,RAM-103U,"RAM MOUNT",0
ram103u-2,RAM-103U-B-2461,"RAM MOUNT",0
ram108,RAM-108BU,"RAM MOUNT",0
ram109hs4u,RAM-109HS-4U,"RAM MOUNT",5
ram111-247,RAM-111-247U-2,"RAM MOUNT",0
ram121bu,RAM-B-121BU,"RAM MOUNT",0
ram151ub,RAM-151U-B,"RAM MOUNT",0
ram166,RAM-166-202U,"RAM MOUNT",0
ram187u,RAP-SB-187U,"RAM MOUNT",0
ram2001u,RAM-200-1U,"RAM MOUNT",0
ram201duc,RAM-D-201U-C,"RAM MOUNT",9
ram201lu,RAM-201LU,"RAM MOUNT",0
ram201mud,RAM-201MU-D,"RAM MOUNT",0
ram201u,RAM-201U-D,"RAM MOUNT",42
ram201u-2,RAM-201U,"RAM MOUNT",30
ram201u2,RAM-D-201U,"RAM MOUNT",0
ram201ub,RAM-201U-B,"RAM MOUNT",20
ram201uc,RAM-B-201U-C,"RAM MOUNT",43
ram201ue,RAM-D-201U-E,"RAM MOUNT",0
ram202u,RAM-202U-23,"RAM MOUNT",0
ram202u12,RAM-202U-12,"RAM MOUNT",0
ram202u152,RAM-202U-152,"RAM MOUNT",0
ram202u2,RAM-202U,"RAM MOUNT",161
ram202u225,RAM-202U-225,"RAM MOUNT",0
ram202u25,RAM-202U-25,"RAM MOUNT",10
ram217-1u,RAM-217-1U,"RAM MOUNT",58
ram2181u,RAM-218-1U,"RAM MOUNT",0
ram224-3u,RAM-224-3U,"RAM MOUNT",0
ram2241u,RAP-224-1U,"RAM MOUNT",0
ram230u,RAM-230U,"RAM MOUNT",0
ram2343fl,RAM-234-3FL,"RAM MOUNT",0
ram2346,RAM-234-6,"RAM MOUNT",0
ram2347,RAM-234-7,"RAM MOUNT",0
ram234k14u,RAM-234K1-4U,"RAM MOUNT",0
ram234s2u,RAM-234-S2U,"RAM MOUNT",0
ram2351u,RAM-235-1U,"RAM MOUNT",0
ram235u,RAM-235U,"RAM MOUNT",44
ram238mag88u,RAM-238-MAG88U,"RAM MOUNT",0
ram238u,RAM-238U,"RAM MOUNT",14
ram2461pl,RAM-D-101U-C-MI1-2461,"RAM MOUNT",0
ram2461ray1,RAM-D-101U-C-RAY1,"RAM MOUNT",0
ram2461u,RAM-2461U,"RAM MOUNT",26
ram2461uin1,RAM-2461U-IN1,"RAM MOUNT",0
ram2462461u,RAM-246-2461U,"RAM MOUNT",0
ram246247u,RAM-246-247U-5,"RAM MOUNT",0
ram246ad1u,RAM-246-AD1U,"RAM MOUNT",0
ram246u-2,RAM-D-246U,"RAM MOUNT",16
ram246u-3,RAM-246U,"RAM MOUNT",31
ram246uin,RAM-D-246U-IN1,"RAM MOUNT",0
ram247u,RAM-247U-4,"RAM MOUNT",3
ram247u-2,RAM-D-247U-4,"RAM MOUNT",0
ram247u-3,RAM-D-247U-25,"RAM MOUNT",0
ram247u-4,RAM-D-247U-2,"RAM MOUNT",0
ram247u-5,RAM-D-247U-4-IN1,"RAM MOUNT",0
ram247u-6,RAM-D-247U,"RAM MOUNT",0
ram247u-7,RAM-247U,"RAM MOUNT",0
ram247u25,RAM-247U-25,"RAM MOUNT",1
ram247u25nh,RAM-247U-25NH,"RAM MOUNT",0
ram247u2n,RAM-247U-2NHB,"RAM MOUNT",0
ram247u3,RAM-247U-3,"RAM MOUNT",0
ram247u5,RAM-247U-5,"RAM MOUNT",0
ram2511sa,RAM-251-1SA,"RAM MOUNT",0
ram2511u,RAP-251-1U,"RAM MOUNT",0
ram263u,RAM-263U,"RAM MOUNT",0
ram271u2,RAM-271U-2,"RAM MOUNT",0
ram299-1u,RAP-B-299-4-201U,"RAM MOUNT",0
ram2994u,RAP-B-299-4U,"RAM MOUNT",0
ram316hd18202u,RAM-316-HD-18-202U,"RAM MOUNT",0
ram316hd202u,RAM-316-HD-202U,"RAM MOUNT",0
ram317,RAP-317U,"RAM MOUNT",0
ram333-224-1u,RAM-333-224-1U,"RAM MOUNT",0
ram3341u,RAM-334-1U,"RAM MOUNT",0
ram335,RAM-335,"RAM MOUNT",1
ram347u,RAM-347U,"RAM MOUNT",0
ram351415152u,RAM-351-415-15-2U,"RAM MOUNT",0
ram3652241bu,RAP-365-224-1BU,"RAM MOUNT",0
ram3652241u,RAP-365-224-1U,"RAM MOUNT",29
ram379um8,RAP-379U-M812510,"RAM MOUNT",0
ram396mag88u,RAP-396-MAG88U,"RAM MOUNT",0
ram396u,RAP-396U,"RAM MOUNT",0
ram404,RAP-404U,"RAM MOUNT",0
ram408,RAM-408-75-1U,"RAM MOUNT",3
ram408-2,RAM-408-112-15U,"RAM MOUNT",0
ram560001,560001,"RAM MOUNT",6
ram560003,560003,"RAM MOUNT",3
ram560004,560004,"RAM MOUNT",1
ram560005,560005,"RAM MOUNT",1
ram560006,560006,"RAM MOUNT",3
ram560009,560009,"RAM MOUNT",3
ram560010,560010,"RAM MOUNT",3
ram560011,560011,"RAM MOUNT",5
ram560014,560014,"RAM MOUNT",1
ram560022,560022,"RAM MOUNT",3
ram560023,560023,"RAM MOUNT",5
ram560025,560025,"RAM MOUNT",0
ram560027,560027,"RAM MOUNT",5
ram560028,560028,"RAM MOUNT",3
ram560029,560029,"RAM MOUNT",3
ram560030,560030,"RAM MOUNT",0
ram560031,560031,"RAM MOUNT",0
ram560032,560032,"RAM MOUNT",0
ram560034,560034,"RAM MOUNT",0
ram560042,560042,"RAM MOUNT",0
ramarm1,RAM-B-166-202U,"RAM MOUNT",0
ramb101u,RAM-B-101U,"RAM MOUNT",0
ramb103,RAM-B-103-238U,"RAM MOUNT",0
ramb138u,RAM-B-138U,"RAM MOUNT",0
ramb138ua,RAM-B-138U-A,"RAM MOUNT",0
ramb149z,RAM-B-149Z-202U,"RAM MOUNT",0
ramb149zun,RAM-B-149Z-UN7U,"RAM MOUNT",1
ramb166c202u,RAM-B-166-C-202U,"RAM MOUNT",0
ramb166u,RAM-B-166U,"RAM MOUNT",21
ramb166u-2,RAP-B-166U,"RAM MOUNT",0
ramb166ua,RAP-B-166U-A,"RAM MOUNT",0
ramb166uc,RAM-B-166U-C,"RAM MOUNT",5
ramb166un7u,RAM-B-166-UN7U,"RAM MOUNT",0
ramb189b2,RAM-B-189B-202U,"RAM MOUNT",0
ramb189bu,RAM-B-189BU,"RAM MOUNT",0
ramb200-2u,RAP-B-200-2U,"RAM MOUNT",0
ramb20018u,RAP-B-200-1-18U,"RAM MOUNT",0
ramb200293u,RAP-B-200-1-293U,"RAM MOUNT",0
ramb201,RAM-B-201U,"RAM MOUNT",46
ramb201a,RAM-B-201U-A,"RAM MOUNT",54
ramb201u,RAP-B-201U,"RAM MOUNT",0
ramb201u-a,RAP-B-201U-A,"RAM MOUNT",0
ramb202apmag,RAP-B-202-AP-MAG-1-W2MU,"RAM MOUNT",0
ramb202u,RAM-B-202U,"RAM MOUNT",36
ramb202u5,RAM-B-202U-1525,"RAM MOUNT",44
ramb2241u,RAP-B-224-1U,"RAM MOUNT",0
ramb2241um,RAM-B-224-1U,"RAM MOUNT",0
ramb230,RAM-B-230U,"RAM MOUNT",1
ramb238u,RAM-B-238U,"RAM MOUNT",60
ramb247u2,RAM-B-247U-2,"RAM MOUNT",0
ramb247u25,RAM-B-247U-25,"RAM MOUNT",0
ramb247u3,RAM-B-247U-3,"RAM MOUNT",3
ramb273cu,RAM-B-273-CU,"RAM MOUNT",0
ramb316202u,RAM-B-316-1-202U,"RAM MOUNT",0
ramb347u,RAM-B-347U,"RAM MOUNT",67
ramb367u,RAM-B-367U,"RAM MOUNT",0
ramb375u,RAP-B-375U,"RAM MOUNT",0
ramb379um,RAP-B-379U-M10-JD1,"RAM MOUNT",0
ramb379um6,RAP-B-379U-M616,"RAM MOUNT",0
ramb3972u,RAP-B-397-2U,"RAM MOUNT",0
ramb397bu,RAP-B-397BU,"RAM MOUNT",0
ramb400u,RAP-B-400U,"RAM MOUNT",0
ramb40811215u,RAM-B-408-112-15U,"RAM MOUNT",0
ramb40862u,RAM-B-408-37-62U,"RAM MOUNT",0
ramb408751u,RAM-B-408-75-1U,"RAM MOUNT",0
rambase,RAM-D-202U,"RAM MOUNT",14
rambase-2,RAM-D-202U-23,"RAM MOUNT",2
rambase-3,RAM-D-202U-25,"RAM MOUNT",0
rambc400u,RAP-BC-400U,"RAM MOUNT",0
rambku,RAM-B-231ZU,"RAM MOUNT",0
rambku-2,RAM-B-101U-C,"RAM MOUNT",21
ramclamp,RAM-D-247U-3,"RAM MOUNT",0
ramct4x,RAM-HOL-HON12U,"RAM MOUNT",0
ramct4x-2,RAM-HOL-HON12PU,"RAM MOUNT",0
ramd101ub2461,RAM-D-101U-2461,"RAM MOUNT",2
ramd101ucin1,RAM-D-101U-C-IN1,"RAM MOUNT",0
ramd103,RAM-103U-D,"RAM MOUNT",0
ramd201umi1,RAM-D-201U-MI1,"RAM MOUNT",3
ramd2351u,RAM-D-235-1U,"RAM MOUNT",0
ramd235u,RAM-D-235U,"RAM MOUNT",0
ramd2461u,RAM-D-2461U,"RAM MOUNT",12
ramd2461u-247,RAM-D-2461U-C-247-4,"RAM MOUNT",5
ramd2461uin1,RAM-D-2461U-IN1,"RAM MOUNT",0
ramd254u,RAM-D-254U,"RAM MOUNT",21
ramd254uin1,RAM-D-254U-IN1,"RAM MOUNT",0
ramd254wu,RAM-D-254-WD1U,"RAM MOUNT",0
ramdis1031au,RAM-DIS-103-1AU,"RAM MOUNT",0
ramdis1032au,RAM-DIS-103-2AU,"RAM MOUNT",0
ramdock6g8pu,RAM-DOCK-6G8PU,"RAM MOUNT",0
ramdock6gsam,RAM-DOCK-6G-SAM10PU,"RAM MOUNT",0
ramdock6gsam59,RAM-DOCK-6G-SAM59P-OT1U,"RAM MOUNT",0
ramdocket6065,RAM-HOL-ZE25PD2HLU,"RAM MOUNT",0
ramdockfza3,RAM-HOL-PAN16PU,"RAM MOUNT",0
ramdockheat1-eu,RAM-DOCK-HEATER1-EU,"RAM MOUNT",0
ramdocklsam62,RAM-GDS-DOCKL-SAM62CPU,"RAM MOUNT",0
ramdockngu,RAM-GDS-DOCK-6G1PD-NGU,"RAM MOUNT",0
ramdocksam62,RAM-GDS-DOCK-SAM62CPU,"RAM MOUNT",0
ramdocktc8300,RAM-HOL-ZE26PDHLU,"RAM MOUNT",1
ramet4t,RAM-HOL-ZE21PD2KLU,"RAM MOUNT",0
ramet4t-2,RAM-HOL-ZE21PD2U,"RAM MOUNT",0
ramet8dock,RAM-HOL-ZE22PU,"RAM MOUNT",0
ramet8tab,RAM-HOL-ZE22U,"RAM MOUNT",0
ramgds10,RAM-GDS-CHARGE-V3C-1U,"RAM MOUNT",0
ramgds14,RAM-GDS-DOCK-6G16P,"RAM MOUNT",1
ramgds2,RAM-GDS-CHARGE-V10U,"RAM MOUNT",15
ramgds20,RAM-GDS-SKIN-SAM86-NG,"RAM MOUNT",0
ramgds21,RAM-GDS-DOCK-SAM76CPU,"RAM MOUNT",0
ramgds25,RAM-GDS-SKIN-SAM84-C,"RAM MOUNT",0
ramgds26,RAM-GDS-SKIN-SAM95-NG,"RAM MOUNT",0
ramgds3,RAM-GDS-SKIN-ZE20C-NG,"RAM MOUNT",0
ramgds37,RAM-GDS-SKIN-ZE37-C-NC,"RAM MOUNT",0
ramgds37-2,RAM-GDS-SKIN-ZE37-NC,"RAM MOUNT",0
ramgds4,RAM-GDS-CHARGE-V12U,"RAM MOUNT",0
ramgds5,RAM-GDS-CHARGE-V16U,"RAM MOUNT",0
ramgds6,RAM-GDS-CHARGE-V18U,"RAM MOUNT",1
ramgds8,RAM-GDS-CHARGE-V11U,"RAM MOUNT",1
ramgds9,RAM-GDS-CHARGE-V17U,"RAM MOUNT",0
ramgdscab1u,RAM-GDS-CAB-USBA-DC-1U,"RAM MOUNT",0
ramgdscha-2,RAM-GDS-CHARGE-M55-V7B1U,"RAM MOUNT",0
ramgdscha-3,RAM-GDS-CHARGE-M55-V8BU,"RAM MOUNT",0
ramgdscha-5,RAM-GDS-CHARGE-V21CU,"RAM MOUNT",0
ramgdscha-6,RAM-GDS-CHARGE-V19U,"RAM MOUNT",0
ramgdscha-7,RAM-GDS-CHARGE-V20U,"RAM MOUNT",0
ramgdscha-8,RAM-GDS-CHARGE-W2M,"RAM MOUNT",0
ramgdschdock,RAM-GDS-DOCK-U4CDU,"RAM MOUNT",0
ramgdschdock2,RAM-GDS-DOCK-U4CP-RJ45AU,"RAM MOUNT",0
ramgdschgdock,RAM-GDS-DOCKL-U4CP-CU,"RAM MOUNT",0
ramgdschgdock3,RAM-GDS-DOCKL-U4CDU,"RAM MOUNT",0
ramgdschgdock4,RAM-GDS-DOCKL-U4CP-CAU,"RAM MOUNT",0
ramgdschgdock5,RAM-GDS-DOCK-U4CD2U,"RAM MOUNT",0
ramgdschgdock6,RAM-GDS-DOCKL-U4CD2U,"RAM MOUNT",0
ramgdschgdock7,RAM-GDS-DOCKL-U4CP-RJ45AU,"RAM MOUNT",0
ramgdschgv14u,RAM-GDS-CHARGE-V14U,"RAM MOUNT",1
ramgdschgv15u,RAM-GDS-CHARGE-V15U,"RAM MOUNT",1
ramgdschgv22cu,RAM-GDS-CHARGE-V22CU,"RAM MOUNT",0
ramgdschrgv3fc,RAM-GDS-CHARGE-V3FC-2U-NC,"RAM MOUNT",0
ramgdschrv10u,RAM-GDS-CHARGE-V10-1U,"RAM MOUNT",0
ramgdschrv3c2u,RAM-GDS-CHARGE-V3C-2U,"RAM MOUNT",0
ramgdschrv3c3u,RAM-GDS-CHARGE-V3C-3U,"RAM MOUNT",0
ramgdschrv3ch2u,RAM-GDS-CHARGE-V3CH-2U,"RAM MOUNT",1
ramgdschrv7cu,RAM-GDS-CHARGE-V7CU,"RAM MOUNT",18
ramgdschrv8bu,RAM-GDS-CHARGE-V8BU,"RAM MOUNT",0
ramgdschrv8cu,RAM-GDS-CHARGE-V8CU,"RAM MOUNT",0
ramgdschrv9u,RAM-GDS-CHARGE-V9U,"RAM MOUNT",0
ramgdsdckd2cm,RAM-GDS-DOCK-D2CM-NDU-GRY,"RAM MOUNT",0
ramgdsdckfsam,RAM-GDS-DOCKF-SAM62CPU,"RAM MOUNT",0
ramgdsdckfsam-2,RAM-GDS-DOCKF-SAM62CU,"RAM MOUNT",0
ramgdsdckfsam-3,RAM-GDS-DOCKF-SAM78CPU,"RAM MOUNT",0
ramgdsdckl,RAM-GDS-DOCKL-U4CPU,"RAM MOUNT",0
ramgdsdcklfsam,RAM-GDS-DOCKLF-SAM62CPU,"RAM MOUNT",0
ramgdsdcklfsam-2,RAM-GDS-DOCKLF-SAM78CPU,"RAM MOUNT",0
ramgdsdckllu1,RAM-GDS-DOCKLL-U1CD2U,"RAM MOUNT",0
ramgdsdckllu1-2,RAM-GDS-DOCKLL-U1CDU,"RAM MOUNT",0
ramgdsdckllu1-3,RAM-GDS-DOCKLL-U1CP-CU,"RAM MOUNT",0
ramgdsdckllu1-4,RAM-GDS-DOCKLL-U1CPU,"RAM MOUNT",0
ramgdsdcklru,RAM-GDS-DOCKLR-U1CD2U,"RAM MOUNT",0
ramgdsdcklru-2,RAM-GDS-DOCKLR-U1CDU,"RAM MOUNT",0
ramgdsdcklru-3,RAM-GDS-DOCKLR-U1CP-CU,"RAM MOUNT",0
ramgdsdcklsam,RAM-GDS-DOCKL-SAM62CDU,"RAM MOUNT",0
ramgdsdcklsam-10,RAM-GDS-DOCKL-SAM80CPU,"RAM MOUNT",0
ramgdsdcklsam-11,RAM-GDS-DOCKL-SAM83CDU,"RAM MOUNT",0
ramgdsdcklsam-12,RAM-GDS-DOCKL-SAM83CPU,"RAM MOUNT",0
ramgdsdcklsam-13,RAM-GDS-DOCKL-SAM88CD2U,"RAM MOUNT",0
ramgdsdcklsam-14,RAM-GDS-DOCKL-SAM88CDU,"RAM MOUNT",0
ramgdsdcklsam-2,RAM-GDS-DOCKL-SAM62CP-NFCU,"RAM MOUNT",0
ramgdsdcklsam-3,RAM-GDS-DOCKL-SAM62CU,"RAM MOUNT",0
ramgdsdcklsam-4,RAM-GDS-DOCKL-SAM76CPU,"RAM MOUNT",0
ramgdsdcklsam-5,RAM-GDS-DOCKL-SAM76CU,"RAM MOUNT",0
ramgdsdcklsam-6,RAM-GDS-DOCKL-SAM78CPU,"RAM MOUNT",0
ramgdsdcklsam-7,RAM-GDS-DOCKL-SAM78CU,"RAM MOUNT",0
ramgdsdcklsam-8,RAM-GDS-DOCKL-SAM80CD2U,"RAM MOUNT",0
ramgdsdcklsam-9,RAM-GDS-DOCKL-SAM80CDU,"RAM MOUNT",0
ramgdsdcklv12,RAM-GDS-DOCKL-V12-U1CP-CU,"RAM MOUNT",0
ramgdsdcklv12-2,RAM-GDS-DOCKL-V12-U1CPDHU,"RAM MOUNT",0
ramgdsdcklv12-3,RAM-GDS-DOCKL-V12-U1CPDU,"RAM MOUNT",0
ramgdsdcklv12-4,RAM-GDS-DOCKL-V12-U1CPHU,"RAM MOUNT",0
ramgdsdcklv12-5,RAM-GDS-DOCKL-V12-ZE2434CPDHU,"RAM MOUNT",0
ramgdsdcksam,RAM-GDS-DOCK-SAM62C-CU,"RAM MOUNT",0
ramgdsdcksam-10,RAM-GDS-DOCK-SAM80CPU,"RAM MOUNT",0
ramgdsdcksam-11,RAM-GDS-DOCK-SAM80-MMU,"RAM MOUNT",0
ramgdsdcksam-12,RAM-GDS-DOCK-SAM83CDU,"RAM MOUNT",0
ramgdsdcksam-13,RAM-GDS-DOCK-SAM83CPU,"RAM MOUNT",0
ramgdsdcksam-14,RAM-GDS-DOCK-SAM88CD2U,"RAM MOUNT",0
ramgdsdcksam-15,RAM-GDS-DOCK-SAM88CDU,"RAM MOUNT",0
ramgdsdcksam-2,RAM-GDS-DOCK-SAM62CDU,"RAM MOUNT",0
ramgdsdcksam-3,RAM-GDS-DOCK-SAM62CP-NFCU,"RAM MOUNT",0
ramgdsdcksam-4,RAM-GDS-DOCK-SAM62CU,"RAM MOUNT",0
ramgdsdcksam-5,RAM-GDS-DOCK-SAM62-MMU,"RAM MOUNT",0
ramgdsdcksam-6,RAM-GDS-DOCK-SAM76CU,"RAM MOUNT",0
ramgdsdcksam-7,RAM-GDS-DOCK-SAM78CU,"RAM MOUNT",0
ramgdsdcksam-8,RAM-GDS-DOCK-SAM80CD2U,"RAM MOUNT",0
ramgdsdcksam-9,RAM-GDS-DOCK-SAM80CDU,"RAM MOUNT",0
ramgdsdcku,RAM-GDS-DOCK-U1CD2U,"RAM MOUNT",0
ramgdsdcku-2,RAM-GDS-DOCK-U1CP-CU,"RAM MOUNT",0
ramgdsdcku-3,RAM-GDS-DOCK-U4CPU,"RAM MOUNT",0
ramgdsdcku-4,RAM-GDS-DOCK-U4CP-CU,"RAM MOUNT",0
ramgdsdcku-5,RAM-GDS-DOCK-U4CP-CAU,"RAM MOUNT",0
ramgdsdckv12,RAM-GDS-DOCK-V12-U1CP-CU,"RAM MOUNT",0
ramgdsdckv12-2,RAM-GDS-DOCK-V12-U1CPDHU,"RAM MOUNT",0
ramgdsdckv12-3,RAM-GDS-DOCK-V12-U1CPHU,"RAM MOUNT",0
ramgdsdckv12-4,RAM-GDS-DOCK-V12-ZE16CPDU,"RAM MOUNT",0
ramgdsdckv12-5,RAM-GDS-DOCK-V12-ZE2434CPDU,"RAM MOUNT",0
ramgdsdock-10,RAM-GDS-DOCKL-V12-ZE16CPDU,"RAM MOUNT",2
ramgdsdock-11,RAM-GDS-DOCKL-V12-ZE16CPU,"RAM MOUNT",2
ramgdsdock-12,RAM-GDS-DOCKL-V12-ZE2434CPDU,"RAM MOUNT",0
ramgdsdock-13,RAM-GDS-DOCKL-V12-ZE2434CPU,"RAM MOUNT",2
ramgdsdock-14,RAM-GDS-DOCKL-V12-ZE35CPDHU,"RAM MOUNT",2
ramgdsdock-15,RAM-GDS-DOCKL-V12-ZE35CPDU,"RAM MOUNT",2
ramgdsdock-16,RAM-GDS-DOCKL-V12-ZE35CPU,"RAM MOUNT",2
ramgdsdock-17,RAM-GDS-DOCKNLL-ZE20PU,"RAM MOUNT",0
ramgdsdock-18,RAM-GDS-DOCKNLL-ZE21PU,"RAM MOUNT",0
ramgdsdock-2,RAM-GDS-DOCK-ZE20PD2U,"RAM MOUNT",3
ramgdsdock-20,RAM-GDS-DOCK-D7AU,"RAM MOUNT",1
ramgdsdock-21,RAM-GDS-DOCK-D7U,"RAM MOUNT",0
ramgdsdock-22,RAM-GDS-DOCK-V12-ZE16CPU,"RAM MOUNT",2
ramgdsdock-23,RAM-GDS-DOCK-V12-ZE2434CPU,"RAM MOUNT",0
ramgdsdock-24,RAM-GDS-DOCK-V12-ZE35CPDU,"RAM MOUNT",0
ramgdsdock-26,RAM-GDS-DOCKL-ZE20PU,"RAM MOUNT",0
ramgdsdock-28,RAM-GDS-DOCK-ZE20PU,"RAM MOUNT",1
ramgdsdock-29,RAM-GDS-DOCK-SAM62CD2U,"RAM MOUNT",0
ramgdsdock-3,RAM-GDS-DOCK-ZE20PDU,"RAM MOUNT",3
ramgdsdock-32,RAM-GDS-CHARGE-POE-PDU,"RAM MOUNT",0
ramgdsdock-34,RAM-GDS-DOCK-D10V-C,"RAM MOUNT",0
ramgdsdock-35,RAM-GDS-DOCK-D14-U1E,"RAM MOUNT",0
ramgdsdock-36,RAM-GDS-DOCK-D10V-C-GRY,"RAM MOUNT",0
ramgdsdock-37,RAM-GDS-DOCK-D14-U1E-2A,"RAM MOUNT",0
ramgdsdock-38,RAM-GDS-DOCK-D11-14-U1C,"RAM MOUNT",0
ramgdsdock-39,RAM-GDS-DOCK-D14-U1E-2A-GRY,"RAM MOUNT",0
ramgdsdock-4,RAM-GDS-DOCK-ZE21PD2U,"RAM MOUNT",0
ramgdsdock-40,RAM-GDS-DOCK-D11-14-U1C-GRY,"RAM MOUNT",0
ramgdsdock-41,RAM-GDS-DOCK-D14-U1E-GRY,"RAM MOUNT",0
ramgdsdock-42,RAM-GDS-DOCK-D11-14-U1E,"RAM MOUNT",0
ramgdsdock-43,RAM-GDS-DOCK-D14-U3C,"RAM MOUNT",0
ramgdsdock-44,RAM-GDS-DOCK-D11-14-U1E-GRY,"RAM MOUNT",0
ramgdsdock-45,RAM-GDS-DOCK-D14-U3C-2A,"RAM MOUNT",0
ramgdsdock-46,RAM-GDS-DOCK-D11-14-U3C-GRY,"RAM MOUNT",0
ramgdsdock-47,RAM-GDS-DOCK-D14-U3C-2A-GRY,"RAM MOUNT",0
ramgdsdock-48,RAM-GDS-DOCK-D11-14-U3E,"RAM MOUNT",0
ramgdsdock-49,RAM-GDS-DOCK-D14-U3C-GRY,"RAM MOUNT",0
ramgdsdock-5,RAM-GDS-DOCK-ZE21PU,"RAM MOUNT",5
ramgdsdock-50,RAM-GDS-DOCK-D11-14-U3E-GRY,"RAM MOUNT",0
ramgdsdock-51,RAM-GDS-DOCK-D14-U3E,"RAM MOUNT",0
ramgdsdock-53,RAM-GDS-DOCK-D14-U3E-2A,"RAM MOUNT",0
ramgdsdock-54,RAM-GDS-DOCK-D11-7-U1C,"RAM MOUNT",0
ramgdsdock-55,RAM-GDS-DOCK-D14-U3E-2A-GRY,"RAM MOUNT",0
ramgdsdock-56,RAM-GDS-DOCK-D11-7-U1C-GRY,"RAM MOUNT",0
ramgdsdock-57,RAM-GDS-DOCK-D14-U3E-GRY,"RAM MOUNT",0
ramgdsdock-58,RAM-GDS-DOCK-D11-7-U1E,"RAM MOUNT",0
ramgdsdock-59,RAM-GDS-DOCK-U3CPU,"RAM MOUNT",0
ramgdsdock-6,RAM-GDS-DOCKL-ZE21PD2U,"RAM MOUNT",0
ramgdsdock-60,RAM-GDS-DOCK-D11-7-U1E-GRY,"RAM MOUNT",0
ramgdsdock-61,RAM-GDS-DOCK-U3EU,"RAM MOUNT",0
ramgdsdock-62,RAM-GDS-DOCK-D11-7-U3C,"RAM MOUNT",0
ramgdsdock-63,RAM-GDS-DOCK-U5CPU,"RAM MOUNT",0
ramgdsdock-64,RAM-GDS-DOCK-D11-7-U3C-GRY,"RAM MOUNT",0
ramgdsdock-66,RAM-GDS-DOCK-D11-7-U3E,"RAM MOUNT",0
ramgdsdock-67,RAM-GDS-DOCK-W3-POE,"RAM MOUNT",0
ramgdsdock-68,RAM-GDS-DOCK-D11-7-U3E-GRY,"RAM MOUNT",0
ramgdsdock-69,RAM-GDS-DOCK-W3-POE-GRY,"RAM MOUNT",0
ramgdsdock-7,RAM-GDS-DOCKL-ZE21PU,"RAM MOUNT",0
ramgdsdock-70,RAM-GDS-DOCK-D14-U1C,"RAM MOUNT",0
ramgdsdock-71,RAM-GDS-DOCK-W4-CU,"RAM MOUNT",0
ramgdsdock-72,RAM-GDS-DOCK-D14-U1C-2A,"RAM MOUNT",0
ramgdsdock-73,RAM-GDS-DOCK-W4-CU-GRY,"RAM MOUNT",0
ramgdsdock-74,RAM-GDS-DOCK-D10K-C,"RAM MOUNT",0
ramgdsdock-75,RAM-GDS-DOCK-W4-POEU,"RAM MOUNT",0
ramgdsdock-76,RAM-GDS-DOCK-D10K-C-GRY,"RAM MOUNT",0
ramgdsdock-77,RAM-GDS-DOCK-W4-POEU-GRY,"RAM MOUNT",0
ramgdsdock-78,RAM-GDS-DOCK-D10K-POE,"RAM MOUNT",0
ramgdsdock-79,RAM-GDS-DOCK-W5-U3-POEU,"RAM MOUNT",0
ramgdsdock-8,RAM-GDS-DOCK-V12-ZE35CPU,"RAM MOUNT",3
ramgdsdock-80,RAM-GDS-DOCK-W7-POEU,"RAM MOUNT",0
ramgdsdock-81,RAM-GDS-DOCK-D10K-POE-GRY,"RAM MOUNT",0
ramgdsdock-83,RAM-GDS-DOCK-D10K-U3-C,"RAM MOUNT",0
ramgdsdock-84,RAM-GDS-DOCK-W8-POEU,"RAM MOUNT",0
ramgdsdock-85,RAM-GDS-DOCK-D10K-U3-C-GRY,"RAM MOUNT",0
ramgdsdock-86,RAM-GDS-DOCK-D10K-U3-POE,"RAM MOUNT",0
ramgdsdock-88,RAM-GDS-DOCK-D14-U1C-2A-GRY,"RAM MOUNT",0
ramgdsdock-89,RAM-GDS-DOCK-D10K-U3-POE-GRY,"RAM MOUNT",0
ramgdsdock-9,RAM-GDS-DOCKL-V12-ZE16CPDHU,"RAM MOUNT",2
ramgdsdock-90,RAM-GDS-DOCK-D14-U1C-GRY,"RAM MOUNT",0
ramgdsdock-91,RAM-GDS-DOCK-D9U,"RAM MOUNT",0
ramgdsdock-92,RAM-GDS-DOCKL-V15-CU,"RAM MOUNT",0
ramgdsdockf,RAM-GDS-DOCKF-AP32CPU,"RAM MOUNT",0
ramgdsdockl,RAM-GDS-DOCKL-U5CPU,"RAM MOUNT",0
ramgdsdockl-2,RAM-GDS-DOCKL-W5-U3-POEU,"RAM MOUNT",0
ramgdsdockll,RAM-GDS-DOCKLL-U3CPU,"RAM MOUNT",0
ramgdsdocklr,RAM-GDS-DOCKLR-U1CPU,"RAM MOUNT",1
ramgdsdocklr-10,RAM-GDS-DOCKLR-D11-7-U1C-GRY,"RAM MOUNT",0
ramgdsdocklr-11,RAM-GDS-DOCKLR-D11-7-U1E,"RAM MOUNT",0
ramgdsdocklr-12,RAM-GDS-DOCKLR-D11-7-U1E-GRY,"RAM MOUNT",0
ramgdsdocklr-13,RAM-GDS-DOCKLR-D11-7-U3C,"RAM MOUNT",0
ramgdsdocklr-14,RAM-GDS-DOCKLR-D11-7-U3C-GRY,"RAM MOUNT",0
ramgdsdocklr-15,RAM-GDS-DOCKLR-D11-7-U3E,"RAM MOUNT",0
ramgdsdocklr-16,RAM-GDS-DOCKLR-D11-7-U3E-GRY,"RAM MOUNT",0
ramgdsdocklr-17,RAM-GDS-DOCKLR-D14-U1C,"RAM MOUNT",0
ramgdsdocklr-18,RAM-GDS-DOCKLR-D14-U1C-2A,"RAM MOUNT",0
ramgdsdocklr-19,RAM-GDS-DOCKLR-D14-U1C-2A-GRY,"RAM MOUNT",0
ramgdsdocklr-2,RAM-GDS-DOCKLR-D11-14-U1C,"RAM MOUNT",0
ramgdsdocklr-20,RAM-GDS-DOCKLR-D14-U1C-GRY,"RAM MOUNT",0
ramgdsdocklr-21,RAM-GDS-DOCKLR-D14-U1E,"RAM MOUNT",0
ramgdsdocklr-22,RAM-GDS-DOCKLR-D14-U1E-2A,"RAM MOUNT",0
ramgdsdocklr-23,RAM-GDS-DOCKLR-D14-U1E-2A-GRY,"RAM MOUNT",0
ramgdsdocklr-24,RAM-GDS-DOCKLR-D14-U1E-GRY,"RAM MOUNT",0
ramgdsdocklr-25,RAM-GDS-DOCKLR-D14-U3C,"RAM MOUNT",0
ramgdsdocklr-26,RAM-GDS-DOCKLR-D14-U3C-2A,"RAM MOUNT",0
ramgdsdocklr-27,RAM-GDS-DOCKLR-D14-U3C-2A-GRY,"RAM MOUNT",0
ramgdsdocklr-28,RAM-GDS-DOCKLR-D14-U3C-GRY,"RAM MOUNT",0
ramgdsdocklr-29,RAM-GDS-DOCKLR-D14-U3E,"RAM MOUNT",0
ramgdsdocklr-3,RAM-GDS-DOCKLR-D11-14-U1E,"RAM MOUNT",0
ramgdsdocklr-30,RAM-GDS-DOCKLR-D14-U3E-2A,"RAM MOUNT",0
ramgdsdocklr-31,RAM-GDS-DOCKLR-D14-U3E-2A-GRY,"RAM MOUNT",0
ramgdsdocklr-32,RAM-GDS-DOCKLR-D14-U3E-GRY,"RAM MOUNT",0
ramgdsdocklr-33,RAM-GDS-DOCKLR-U3CPU,"RAM MOUNT",0
ramgdsdocklr-34,RAM-GDS-DOCKLR-D11-14-U1C-GRY,"RAM MOUNT",0
ramgdsdocklr-4,RAM-GDS-DOCKLR-D11-14-U1E-GRY,"RAM MOUNT",0
ramgdsdocklr-5,RAM-GDS-DOCKLR-D11-14-U3C,"RAM MOUNT",0
ramgdsdocklr-6,RAM-GDS-DOCKLR-D11-14-U3C-GRY,"RAM MOUNT",0
ramgdsdocklr-7,RAM-GDS-DOCKLR-D11-14-U3E,"RAM MOUNT",0
ramgdsdocklr-8,RAM-GDS-DOCKLR-D11-14-U3E-GRY,"RAM MOUNT",0
ramgdsdocklr-9,RAM-GDS-DOCKLR-D11-7-U1C,"RAM MOUNT",0
ramgdsdocklv12,RAM-GDS-DOCKL-V12-U1CPU,"RAM MOUNT",1
ramgdsdocksam78,RAM-GDS-DOCK-SAM78CPU,"RAM MOUNT",2
ramgdsdocksam88,RAM-GDS-DOCK-SAM88CPU,"RAM MOUNT",1
ramgdsdocku1cdu,RAM-GDS-DOCK-U1CDU,"RAM MOUNT",1
ramgdsdocku1cpu,RAM-GDS-DOCK-U1CPU,"RAM MOUNT",5
ramgdsdockv12,RAM-GDS-DOCK-V12-U1CPDU,"RAM MOUNT",1
ramgdsdockv12-2,RAM-GDS-DOCK-V12-U1CPU,"RAM MOUNT",5
ramgdsdockv3,RAM-GDS-DOCK-V3CPAU,"RAM MOUNT",3
ramgdshs,RAM-GDS-HS1MU,"RAM MOUNT",0
ramgdshs-2,RAM-GDS-HS1-ZE21U,"RAM MOUNT",1
ramgdshs-3,RAM-GDS-HS2-ZE21U,"RAM MOUNT",0
ramgdshs-4,RAM-GDS-HS1M-ZE21U,"RAM MOUNT",0
ramgdsroto,RAM-GDS-ROTO2-ZE20U,"RAM MOUNT",0
ramgdsroto-2,RAM-GDS-ROTO2-ZE21U,"RAM MOUNT",0
ramgdsroto-3,RAM-GDS-ROTO2-ZE25U,"RAM MOUNT",0
ramgdsskin40,RAM-GDS-SKIN-AP40-NG,"RAM MOUNT",0
ramgdsskinap36,RAM-GDS-SKIN-AP36-TCB,"RAM MOUNT",0
ramgdsskinap36-2,RAM-GDS-SKIN-AP36-TCD,"RAM MOUNT",0
ramgdsskinap37,RAM-GDS-SKIN-AP37-TCB,"RAM MOUNT",0
ramgdsskinap37-2,RAM-GDS-SKIN-AP37-TCD,"RAM MOUNT",0
ramgdsskinap40,RAM-GDS-SKIN-AP40-TCB,"RAM MOUNT",0
ramgdsskinap40-2,RAM-GDS-SKIN-AP40-TCD,"RAM MOUNT",0
ramgdsskinap45m2,RAM-GDS-SKIN-AP45-M2-TCB,"RAM MOUNT",0
ramgdsskinap45m2-2,RAM-GDS-SKIN-AP45-M2-TCD,"RAM MOUNT",0
ramgdsskinap45m2-3,RAM-GDS-SKIN-AP45-M2-TCDB,"RAM MOUNT",0
ramgdsskinap45m4,RAM-GDS-SKIN-AP45-M4-TCB,"RAM MOUNT",0
ramgdsskinap45m4-2,RAM-GDS-SKIN-AP45-M4-TCD,"RAM MOUNT",0
ramgdsskinap45m4-3,RAM-GDS-SKIN-AP45-M4-TCDB,"RAM MOUNT",0
ramgdsskins87,RAM-GDS-SKIN-SAM87-NG,"RAM MOUNT",3
ramgdsskinsam88,RAM-GDS-SKIN-SAM88-TCB,"RAM MOUNT",0
ramgdsskinsam88-2,RAM-GDS-SKIN-SAM88-TCB-GRY,"RAM MOUNT",0
ramgdsskinsam88-3,RAM-GDS-SKIN-SAM88-TCD,"RAM MOUNT",0
ramgdsskinsam88-4,RAM-GDS-SKIN-SAM88-TCD-GRY,"RAM MOUNT",0
ramgdsskinsam93,RAM-GDS-SKIN-SAM93-TCB,"RAM MOUNT",0
ramgdsskinsam93-2,RAM-GDS-SKIN-SAM93-TCB-GRY,"RAM MOUNT",0
ramgdsskinsam93-3,RAM-GDS-SKIN-SAM93-TCD,"RAM MOUNT",0
ramgdsskinsam96,RAM-GDS-SKIN-SAM96-TCB,"RAM MOUNT",0
ramgdsskinsam96-2,RAM-GDS-SKIN-SAM96-TCB-GRY,"RAM MOUNT",0
ramgdsskinsam96-3,RAM-GDS-SKIN-SAM96-TCD,"RAM MOUNT",0
ramgdsskinze16,RAM-GDS-SKIN-ZE16-NG,"RAM MOUNT",2
ramgdsskinze21,RAM-GDS-SKIN-ZE21C-NG,"RAM MOUNT",1
ramgdsskinze24,RAM-GDS-SKIN-ZE24,"RAM MOUNT",0
ramgdsskinze34,RAM-GDS-SKIN-ZE34,"RAM MOUNT",1
ramgdsskinze35,RAM-GDS-SKIN-ZE35-NG,"RAM MOUNT",0
ramgdssknct37,RAM-GDS-SKIN-HON14-C,"RAM MOUNT",0
ramgdssknsam,RAM-GDS-SKIN-SAM84-GRY,"RAM MOUNT",0
ramgdssknsam-2,RAM-GDS-SKIN-SAM88-NG-GRY,"RAM MOUNT",0
ramgdssknsam-3,RAM-GDS-SKIN-ZE34-GRY,"RAM MOUNT",0
ramgdssknsam54,RAM-GDS-SKIN-SAM54-NG-1,"RAM MOUNT",0
ramgdssknsam74,RAM-GDS-SKIN-SAM74-NG,"RAM MOUNT",3
ramgdssknsam84,RAM-GDS-SKIN-SAM84,"RAM MOUNT",0
ramgdssknsam88,RAM-GDS-SKIN-SAM88-NG,"RAM MOUNT",0
ramgdssknsam88-2,RAM-GDS-SKIN-SAM88-NG-1,"RAM MOUNT",0
ramgdssknsam89,RAM-GDS-SKIN-SAM89-HC,"RAM MOUNT",0
ramgdssknsam90,RAM-GDS-SKIN-SAM90-NG,"RAM MOUNT",0
ramgdssknsam94,RAM-GDS-SKIN-SAM94,"RAM MOUNT",2
ramgdssknze24,RAM-GDS-SKIN-ZE24-GRY,"RAM MOUNT",0
ramgdssknze37,RAM-GDS-SKIN-ZE37,"RAM MOUNT",0
ramgdssknze37c,RAM-GDS-SKIN-ZE37-C,"RAM MOUNT",0
ramgdsss1tcu,RAM-GDS-SS1-TCU,"RAM MOUNT",0
ramgdsss2u,RAM-GDS-SS2U,"RAM MOUNT",0
ramgdstabc,RAM-GDS-TABC-B1B,"RAM MOUNT",0
ramgdstabc-10,RAM-GDS-TABC-OTD1B,"RAM MOUNT",0
ramgdstabc-11,RAM-GDS-TABC-OTD1B-GRY,"RAM MOUNT",0
ramgdstabc-12,RAM-GDS-TABC-OTD1DB,"RAM MOUNT",0
ramgdstabc-13,RAM-GDS-TABC-OTD1DB-GRY,"RAM MOUNT",0
ramgdstabc-2,RAM-GDS-TABC-B1B-GRY,"RAM MOUNT",0
ramgdstabc-3,RAM-GDS-TABC-B1D,"RAM MOUNT",0
ramgdstabc-4,RAM-GDS-TABC-B1DB,"RAM MOUNT",0
ramgdstabc-5,RAM-GDS-TABC-B1DB-GRY,"RAM MOUNT",0
ramgdstabc-6,RAM-GDS-TABC-F1B,"RAM MOUNT",0
ramgdstabc-7,RAM-GDS-TABC-F1B-GRY,"RAM MOUNT",0
ramgdstabc-8,RAM-GDS-TABC-F1DB,"RAM MOUNT",0
ramgdstabc-9,RAM-GDS-TABC-F1DB-GRY,"RAM MOUNT",0
ramgdstc,RAM-GDS-TC-HS1U,"RAM MOUNT",0
ramgdstc-2,RAM-GDS-TC-HS2U,"RAM MOUNT",0
ramgdsu1,RAM-GDS-U1HSKU,"RAM MOUNT",0
ramgdsu1-2,RAM-GDS-U1HSKU-GRY,"RAM MOUNT",0
ramgdsu1ugry,RAM-GDS-U1U-GRY,"RAM MOUNT",0
ramhol8bcu,RAM-HOL-UN8BCU,"RAM MOUNT",0
ramhol8bu,RAM-HOL-UN8BU,"RAM MOUNT",0
ramholbcu1u,RAM-HOL-BC-U1U,"RAM MOUNT",0
ramholdb9k,RAM-HOL-HON11PD2-DB9KLU,"RAM MOUNT",0
ramholder10,RAM-HOL-ZE15PDU,"RAM MOUNT",0
ramholder100,RAM-HOL-ZE25PDHLU,"RAM MOUNT",0
ramholder101,RAM-HOL-ZE25PHLU,"RAM MOUNT",0
ramholder102,RAM-HOL-ZE10PD2KLU,"RAM MOUNT",0
ramholder103,RAM-HOL-ZE22PLU,"RAM MOUNT",0
ramholder104,RAM-HOL-HON9KLU,"RAM MOUNT",0
ramholder105,RAM-HOL-HON12PHU,"RAM MOUNT",0
ramholder106,RAM-GDS-DOCK-ZE21PDU,"RAM MOUNT",0
ramholder107,RAM-HOL-HON9CLU,"RAM MOUNT",0
ramholder108,RAM-HOL-ZE26PDHU,"RAM MOUNT",0
ramholder109,RAM-HOL-ZE10U,"RAM MOUNT",0
ramholder11,RAM-HOL-ZE15PDU,"RAM MOUNT",0
ramholder110,RAM-GDS-DOCKL-ZE20PDU,"RAM MOUNT",0
ramholder111,RAM-HOL-HON7CLU,"RAM MOUNT",0
ramholder112,RAM-HOL-ZE11PDU,"RAM MOUNT",0
ramholder113,RAM-HOL-HON9PD2CLU,"RAM MOUNT",0
ramholder114,RAM-HOL-ZE21PNLLU,"RAM MOUNT",0
ramholder115,RAM-HOL-GE4PDU,"RAM MOUNT",0
ramholder116,RAM-HOL-ZE26PLU,"RAM MOUNT",0
ramholder117,RAM-HOL-ZE26PDU,"RAM MOUNT",0
ramholder118,RAM-HOL-ZE26PHLU,"RAM MOUNT",0
ramholder119,RAM-HOL-HON11PKLU,"RAM MOUNT",0
ramholder12,RAM-HOL-ZE15PD2U,"RAM MOUNT",0
ramholder120,RAM-HOL-HON11PD2U,"RAM MOUNT",0
ramholder120-2,RAM-HOL-HON11PDU,"RAM MOUNT",0
ramholder121,RAM-HOL-ZE17L-2U,"RAM MOUNT",0
ramholder122,RAM-DOCK-ZE25U,"RAM MOUNT",0
ramholder123,RAM-HOL-V15-ZE38PLU,"RAM MOUNT",0
ramholder13,RAM-HOL-UN9U,"RAM MOUNT",0
ramholder14,RAM-HOL-GE4KLU,"RAM MOUNT",0
ramholder15,RAM-HOL-GE4PD2U,"RAM MOUNT",0
ramholder16,RAM-HOL-GE3FKLU,"RAM MOUNT",3
ramholder17,RAM-HOL-GE3NKLU,"RAM MOUNT",3
ramholder18,RAM-HOL-GE4PD2KLU,"RAM MOUNT",0
ramholder19,RAM-HOL-GE4PKLU,"RAM MOUNT",0
ramholder2,RAM-HOL-TABL19U,"RAM MOUNT",2
ramholder20,RAM-HOL-HON7KLU,"RAM MOUNT",2
ramholder21,RAM-HOL-HON7NPU,"RAM MOUNT",0
ramholder22,RAM-HOL-ZE10PD2CLU,"RAM MOUNT",2
ramholder23,RAM-HOL-ZE10PD2U,"RAM MOUNT",2
ramholder24,RAM-HOL-ZE11PD2CLU,"RAM MOUNT",0
ramholder25,RAM-HOL-ZE11PU,"RAM MOUNT",0
ramholder26,RAM-HOL-ZE15PD2KLU,"RAM MOUNT",0
ramholder27,RAM-HOL-ZE17-NP-1U,"RAM MOUNT",0
ramholder28,RAM-HOL-ZE17L-NP-2U,"RAM MOUNT",2
ramholder29,RAM-HOL-ZE24-1U,"RAM MOUNT",0
ramholder3,RAM-HOL-ZE11PDKLU,"RAM MOUNT",0
ramholder30,RAM-HOL-ZE25PD2LU,"RAM MOUNT",0
ramholder31,RAM-HOL-ZE26PDLU,"RAM MOUNT",2
ramholder32,RAM-HOL-ZE15U,"RAM MOUNT",0
ramholder34,RAM-HOL-ZE11PCLU,"RAM MOUNT",0
ramholder35,RAM-HOL-ZE11PDCLU,"RAM MOUNT",0
ramholder36,RAM-HOL-ZE25PDLU,"RAM MOUNT",0
ramholder37,RAM-HOL-ZE25PDU,"RAM MOUNT",0
ramholder38,RAM-HOL-ZE17L-NP-1U,"RAM MOUNT",0
ramholder39,RAM-HOL-ZE7U,"RAM MOUNT",0
ramholder4,RAM-HOL-ZE10PU,"RAM MOUNT",1
ramholder42,RAM-HOL-GE3NU,"RAM MOUNT",0
ramholder43,RAM-HOL-ZE15PDKLU,"RAM MOUNT",0
ramholder44,RAM-HOL-ZE32PHLU,"RAM MOUNT",0
ramholder45,RAM-HOL-ZE25PDHU,"RAM MOUNT",0
ramholder46,RAM-HOL-HON12PDHU,"RAM MOUNT",0
ramholder47,RAM-HOL-HON12PLU,"RAM MOUNT",0
ramholder48,RAM-HOL-ZE15PDCLU,"RAM MOUNT",0
ramholder49,RAM-HOL-ZE11PKLU,"RAM MOUNT",0
ramholder5,RAM-HOL-ZE11PD2U,"RAM MOUNT",0
ramholder50,RAM-HOL-HON12PDU,"RAM MOUNT",0
ramholder51,RAM-HOL-ZE22PD2U,"RAM MOUNT",0
ramholder52,RAM-HOL-ZE26PHU,"RAM MOUNT",0
ramholder53,RAM-HOL-ZE10PCLU,"RAM MOUNT",0
ramholder54,RAM-HOL-ZE32PLU,"RAM MOUNT",0
ramholder55,RAM-HOL-GE4PU,"RAM MOUNT",0
ramholder56,RAM-HOL-HON9PCLU,"RAM MOUNT",0
ramholder57,RAM-HOL-ZE22PDLU,"RAM MOUNT",0
ramholder58,RAM-HOL-ZE10PKLU,"RAM MOUNT",0
ramholder59,RAM-HOL-ZE32U,"RAM MOUNT",0
ramholder6,RAM-HOL-ZE11PD2KLU,"RAM MOUNT",0
ramholder60,RAM-HOL-ZE24PLU,"RAM MOUNT",0
ramholder61,RAM-HOL-ZE15PCLU,"RAM MOUNT",0
ramholder62,RAM-HOL-ZE10PDU,"RAM MOUNT",0
ramholder63,RAM-HOL-ZE22LU,"RAM MOUNT",0
ramholder64,RAM-HOL-ZE32PHU,"RAM MOUNT",0
ramholder65,RAM-HOL-ZE24PL-1U,"RAM MOUNT",0
ramholder66,RAM-HOL-HON9PDCLU,"RAM MOUNT",0
ramholder67,RAM-HOL-ZE15CLU,"RAM MOUNT",0
ramholder68,RAM-HOL-ZE25PD2HU,"RAM MOUNT",0
ramholder69,RAM-HOL-GE4U,"RAM MOUNT",0
ramholder7,RAM-HOL-ZE20PD2U,"RAM MOUNT",13
ramholder70,RAM-HOL-GE3FU,"RAM MOUNT",0
ramholder71,RAM-HOL-HON12PHLU,"RAM MOUNT",0
ramholder72,RAM-HOL-ZE32PDU,"RAM MOUNT",0
ramholder73,RAM-HOL-ZE25PLU,"RAM MOUNT",0
ramholder74,RAM-HOL-ZE10CLU,"RAM MOUNT",0
ramholder75,RAM-HOL-ZE25LU,"RAM MOUNT",0
ramholder76,RAM-HOL-ZE10KLU,"RAM MOUNT",0
ramholder77,RAM-HOL-ZE10PDKLU,"RAM MOUNT",0
ramholder78,RAM-HOL-ZE11KLU,"RAM MOUNT",0
ramholder79,RAM-HOL-ZE20PDKLU,"RAM MOUNT",0
ramholder8,RAM-HOL-ZE20PD2KLU,"RAM MOUNT",8
ramholder80,RAM-HOL-HON9PDU,"RAM MOUNT",0
ramholder81,RAM-GDS-DOCKL-ZE20PD2U,"RAM MOUNT",0
ramholder82,RAM-HOL-GE4PDKLU,"RAM MOUNT",0
ramholder83,RAM-HOL-ZE20PKLU,"RAM MOUNT",0
ramholder84,RAM-HOL-HON12PDHLU,"RAM MOUNT",0
ramholder85,RAM-HOL-ZE10PDCLU,"RAM MOUNT",0
ramholder86,RAM-HOL-ZE11CLU,"RAM MOUNT",0
ramholder87,RAM-HOL-HON9PDKLU,"RAM MOUNT",0
ramholder88,RAM-HOL-ZE32PDHLU,"RAM MOUNT",0
ramholder89,RAM-HOL-HON9PKLU,"RAM MOUNT",0
ramholder9,RAM-HOL-ZE15PKLU,"RAM MOUNT",0
ramholder90,RAM-HOL-ZE15KLU,"RAM MOUNT",0
ramholder91,RAM-HOL-ZE32PDHU,"RAM MOUNT",0
ramholder92,RAM-HOL-ZE17L-1U,"RAM MOUNT",0
ramholder93,RAM-HOL-ZE25PD2U,"RAM MOUNT",0
ramholder94,RAM-HOL-ZE32PDLU,"RAM MOUNT",0
ramholder95,RAM-HOL-ZE24U,"RAM MOUNT",0
ramholder96,RAM-GDS-DOCKL-ZE21PDU,"RAM MOUNT",0
ramholder97,RAM-HOL-HON9PU,"RAM MOUNT",0
ramholder98,RAM-HOL-ZE15PD2CLU,"RAM MOUNT",0
ramholder99,RAM-HOL-ZE20PDU,"RAM MOUNT",0
ramholet4,RAM-HOL-ZE21PU,"RAM MOUNT",0
ramholet4-2,RAM-HOL-ZE21PKLU,"RAM MOUNT",0
ramholet4x,RAM-HOL-ZE20PU,"RAM MOUNT",0
ramholet4x-2,RAM-HOL-ZE20PNLLU,"RAM MOUNT",0
ramholge5klu,RAM-HOL-GE5KLU,"RAM MOUNT",0
ramholge5pd2klu,RAM-HOL-GE5PD2KLU,"RAM MOUNT",0
ramholge5pd2u,RAM-HOL-GE5PD2U,"RAM MOUNT",0
ramholge5pdklu,RAM-HOL-GE5PDKLU,"RAM MOUNT",0
ramholge5pdu,RAM-HOL-GE5PDU,"RAM MOUNT",0
ramholge5pklu,RAM-HOL-GE5PKLU,"RAM MOUNT",0
ramholhon11pd2db9u,RAM-HOL-HON11PD2-DB9U,"RAM MOUNT",0
ramholhon11pd2klu,RAM-HOL-HON11PD2KLU,"RAM MOUNT",0
ramholhon11pdklu,RAM-HOL-HON11PDKLU,"RAM MOUNT",0
ramholhon11pu,RAM-HOL-HON11PU,"RAM MOUNT",2
ramholhon11u,RAM-HOL-HON11U,"RAM MOUNT",0
ramholpd5bu,RAM-HOL-PD5BU,"RAM MOUNT",0
ramholpd7bu,RAM-HOL-PD7BU,"RAM MOUNT",0
ramholsam,RAM-HOL-SAM57CPKLU,"RAM MOUNT",0
ramholsam-10,RAM-HOL-SAM58CPT-CAU,"RAM MOUNT",0
ramholsam-11,RAM-HOL-SAM60CPN-1AU,"RAM MOUNT",0
ramholsam-12,RAM-HOL-SAM60CPN-CAU,"RAM MOUNT",0
ramholsam-13,RAM-HOL-SAM60CP-OT1U,"RAM MOUNT",0
ramholsam-2,RAM-HOL-SAM58CPKLN-CAU,"RAM MOUNT",0
ramholsam-3,RAM-HOL-SAM58CPKLN-CU,"RAM MOUNT",0
ramholsam-4,RAM-HOL-SAM58CPKL-NFCU,"RAM MOUNT",0
ramholsam-5,RAM-HOL-SAM58CPKLNU,"RAM MOUNT",0
ramholsam-6,RAM-HOL-SAM58CPKLT-AU,"RAM MOUNT",0
ramholsam-7,RAM-HOL-SAM58CPKLT-RJ45AU,"RAM MOUNT",0
ramholsam-8,RAM-HOL-SAM58CPKLTU,"RAM MOUNT",0
ramholsam-9,RAM-HOL-SAM58CPT-1AU,"RAM MOUNT",0
ramholsam60cpu,RAM-HOL-SAM60CPU,"RAM MOUNT",0
ramholtabkbu,RAM-HOL-TAB-KBU,"RAM MOUNT",0
ramholun10bu,RAM-HOL-UN10BU,"RAM MOUNT",0
ramholun11u,RAM-HOL-UN11U,"RAM MOUNT",0
ramholun7bu,RAM-HOL-UN7BU,"RAM MOUNT",0
ramholun7u,RAM-HOL-UN7-400U,"RAM MOUNT",0
ramholun9235u,RAM-HOL-UN9-235U,"RAM MOUNT",0
ramholw2mu,RAM-HOL-PD7B-W2MU,"RAM MOUNT",0
ramholw2mu-2,RAM-HOL-PD5B-W2MU,"RAM MOUNT",0
ramholze11,RAM-HOL-ZE11U,"RAM MOUNT",0
ramholze14,RAM-HOL-ZE14U,"RAM MOUNT",0
ramholze15,RAM-HOL-ZE17-1U,"RAM MOUNT",0
ramholze17,RAM-HOL-ZE17-NP-2U,"RAM MOUNT",0
ramholze171u,RAM-HOL-ZE17-2U,"RAM MOUNT",1
ramholze22pd2lu,RAM-HOL-ZE22PD2LU,"RAM MOUNT",0
ramholze22pdu,RAM-HOL-ZE22PDU,"RAM MOUNT",0
ramholze24,RAM-HOL-ZE24PU,"RAM MOUNT",0
ramholze24l1u,RAM-HOL-ZE24L-1U,"RAM MOUNT",0
ramholze24lu,RAM-HOL-ZE24LU,"RAM MOUNT",0
ramholze24p1u,RAM-HOL-ZE24P-1U,"RAM MOUNT",0
ramholze25,RAM-HOL-ZE25PHU,"RAM MOUNT",0
ramholze25pu,RAM-HOL-ZE25PU,"RAM MOUNT",0
ramholze25u,RAM-HOL-ZE25U,"RAM MOUNT",0
ramholze26pu,RAM-HOL-ZE26PU,"RAM MOUNT",0
ramholze27u,RAM-HOL-ZE27U,"RAM MOUNT",3
ramholze28u,RAM-HOL-ZE28U,"RAM MOUNT",2
ramholze29u,RAM-HOL-ZE29U,"RAM MOUNT",0
ramholze30u,RAM-HOL-ZE30U,"RAM MOUNT",0
ramholze31u,RAM-HOL-ZE31U,"RAM MOUNT",0
ramholze32pu,RAM-HOL-ZE32PU,"RAM MOUNT",0
ramholze33pu,RAM-HOL-ZE33PU,"RAM MOUNT",1
ramholze39,RAM-HOL-ZE39-GRY,"RAM MOUNT",0
ramholze39c,RAM-HOL-ZE39-C-GRY,"RAM MOUNT",0
ramholze6,RAM-HOL-ZE6U,"RAM MOUNT",0
ramholze7,RAM-HOL-ZE7CLU,"RAM MOUNT",0
ramholze9u,RAM-HOL-ZE9U,"RAM MOUNT",0
ramhsch,RAM-HOL-HON7U,"RAM MOUNT",2
ramhsch-2,RAM-HOL-ZE15PU,"RAM MOUNT",3
ramknob5lu,RAM-KNOB5LU,"RAM MOUNT",5
ramknob5u,RAP-S-KNOB5U,"RAM MOUNT",0
ramknob9hu,RAM-KNOB9HU,"RAM MOUNT",1
ramlade,RAM-HOL-HON12PDLU,"RAM MOUNT",3
ramlade2,RAM-HOL-HON9PD2U,"RAM MOUNT",3
ramlade3,RAM-HOL-ZE16U,"RAM MOUNT",3
rammag66u,RAM-B-MAG66U,"RAM MOUNT",0
rammkls,RAM-D-271U-12,"RAM MOUNT",0
rammounttc7077,RAM-HOL-ZE7LU,"RAM MOUNT",1
rammxgrip,RAM-B-166-UN9U,"RAM MOUNT",0
rammxmount,RAM-B-166-UN8U,"RAM MOUNT",0
ramp101u,RAP-101U,"RAM MOUNT",0
ramp201u,RAP-201U,"RAM MOUNT",0
ramp202u,RAP-202U,"RAM MOUNT",0
ramp299,RAP-299-3-B-102U,"RAM MOUNT",0
ramp400nbu,RAP-400NBU,"RAM MOUNT",0
ramp400u,RAP-400U,"RAM MOUNT",0
ramp401u,RAP-401U,"RAM MOUNT",0
ramp450f,RAP-450F-2U,"RAM MOUNT",0
rampa8209,RAM-PA8209,"RAM MOUNT",0
rampb401u,RAP-B-401U,"RAM MOUNT",0
rampgrip,RAP-450U,"RAM MOUNT",0
rampm1ze31u,RAM-PM1-ZE31U,"RAM MOUNT",28
ramrail,RAM-D-271U-2,"RAM MOUNT",0
ramrt10,RAM-HOL-HON9U,"RAM MOUNT",0
ramrt10t,RAM-HOL-HON9PD2KLU,"RAM MOUNT",0
ramshock75u,RAM-SHOCK-75U,"RAM MOUNT",0
ramsnut54u,RAP-S-NUT5-4U,"RAM MOUNT",26
ramsocket,RAM-D-201U-C-MI1,"RAM MOUNT",0
ramtab17,RAM-HOL-TAB17-CUPSU,"RAM MOUNT",0
ramtab34u,RAM-HOL-TAB34U,"RAM MOUNT",0
ramtaba4cpu,RAM-HOL-SAM52CPU,"RAM MOUNT",0
ramtaba4pro,RAM-HOL-SAM57CPKL-CAU,"RAM MOUNT",0
ramtaba4proc,RAM-HOL-SAM57CPKL-CU,"RAM MOUNT",0
ramtablbu,RAM-HOL-TABLBU,"RAM MOUNT",0
ramtabth,RAP-TAB-KB1-300U,"RAM MOUNT",0
ramtabtite,RAM-HOL-TAB19U,"RAM MOUNT",0
ramtclaw,RAP-401-202U,"RAM MOUNT",0
ramtdock,RAM-HOL-ZE21PDKLU,"RAM MOUNT",0
ramtdock-2,RAM-HOL-ZE21PDU,"RAM MOUNT",0
ramteap36,RAM-TE-AP36,"RAM MOUNT",0
ramteap36-2,RAM-TE-AP36-GRY,"RAM MOUNT",0
ramteap40,RAM-TE-AP40,"RAM MOUNT",0
ramteap40-2,RAM-TE-AP40-GRY,"RAM MOUNT",0
ramteap47,RAM-TE-AP47,"RAM MOUNT",0
ramteap47-2,RAM-TE-AP47-GRY,"RAM MOUNT",0
ramtesam86,RAM-TE-SAM86,"RAM MOUNT",0
ramtesam86-2,RAM-TE-SAM86-GRY,"RAM MOUNT",0
ramtesam87,RAM-TE-SAM87,"RAM MOUNT",0
ramtesam87-2,RAM-TE-SAM87-GRY,"RAM MOUNT",0
ramtesam88,RAM-TE-SAM88,"RAM MOUNT",0
ramtesam88-2,RAM-TE-SAM88-GRY,"RAM MOUNT",0
ramtesam99,RAM-TE-SAM99,"RAM MOUNT",0
ramtesam99-2,RAM-TE-SAM99-GRY,"RAM MOUNT",0
ramteze20,RAM-TE-ZE20,"RAM MOUNT",0
ramteze20-2,RAM-TE-ZE20-GRY,"RAM MOUNT",0
ramteze21,RAM-TE-ZE21,"RAM MOUNT",0
ramteze21-2,RAM-TE-ZE21-GRY,"RAM MOUNT",0
ramuncap4u,RAP-UN-CAP-4U,"RAM MOUNT",0
ramunihol,RAM-HOL-PD3U,"RAM MOUNT",0
ramunihol-2,RAM-HOL-PD4-238AU,"RAM MOUNT",0
ramunilap,RAM-234-3,"RAM MOUNT",0
ramvb110v2u,RAM-VB-110V-2U,"RAM MOUNT",4
ramvb196sw1,RAM-VB-196-SW1,"RAM MOUNT",0
ramvb196sw2,RAM-VB-196-SW2,"RAM MOUNT",0
ramvpr104,RAM-VPR-104,"RAM MOUNT",1
ramvpr107,RAM-VPR-107,"RAM MOUNT",0
ramwashs24u,RAP-WASHS2-4U,"RAM MOUNT",0
rap251,RAP-251-2U,"RAM MOUNT",0
rapd11v100,RAP-D11-14-V100,"RAM MOUNT",0
rapd11v100-2,RAP-D11-14-V100-GRY,"RAM MOUNT",0
rapd11v100-3,RAP-D11-7-V100,"RAM MOUNT",0
rapd11v100-4,RAP-D11-7-V100-GRY,"RAM MOUNT",0
rapd11v75,RAP-D11-14-V75,"RAM MOUNT",0
rapd11v75-2,RAP-D11-14-V75-GRY,"RAM MOUNT",0
rapd11v75-3,RAP-D11-7-V75,"RAM MOUNT",0
rapd11v75-4,RAP-D11-7-V75-GRY,"RAM MOUNT",0
rapskinsp,RAP-SKIN-SP-2,"RAM MOUNT",0
rapskinsp-3,RAP-SKIN-SP-4,"RAM MOUNT",0
rapskinsp3-2,RAP-SKIN-SP-3,"RAM MOUNT",0
rodopp76,65076-20210,HEIPA,50
ron7050,45070-40709,HEIPA,0
ron7080a,46170-50702,HEIPA,1450
ron7680a,46176-60702,HEIPA,1050
ronorm114d,65001-20000,HEIPA,0
ronorm57,45057-30711,HEIPA,0
ronorm5723-2,45057-20703,HEIPA,0
ronorm76,45076-30703,HEIPA,950
ronorm76m,45076-50001,HEIPA,7000
rot112100,55001-90001,HEIPA,258
rot11246,55001-20705,HEIPA,120
rot5712,55057-30702,HEIPA,0
rot5712m,56157-10376,HEIPA,13550
rot5714ecaf,56157-10436,HEIPA,14300
rot5714ll,55057-10006,HEIPA,200
rot5714maf,55057-10372,HEIPA,2300
rot5718blue,55057-10014,HEIPA,100
rot5725maf,55057-20721,HEIPA,0
rot5725mecaf,56157-20004,HEIPA,0
rot5740-24,55057-10342,HEIPA,6050
rot5740ec,56157-30706,HEIPA,0
rot5740ec3,56157-10759,HEIPA,4800
rot5750af,55057-40708,HEIPA,50
rot5780,55057-70704,HEIPA,250
rot579af,56157-00324,HEIPA,5000
rot57ecaf,56157-20727,HEIPA,600
rot5828af,55057-00310,HEIPA,200
rot5840maf,55057-30706,HEIPA,550
rot5850maf,55058-40721,HEIPA,1000
rot6250af,55062-40717,HEIPA,0
rot80124m,55080-90403,HEIPA,480
rot8025af,55080-20701,HEIPA,3350
rot8032af,55080-30010,HEIPA,1550
rot8040af,55080-10018,HEIPA,2400
rot8080a,56180-70397,HEIPA,950
rot8080a-2,56180-71070,HEIPA,0
rot8080blue,55080-70108,HEIPA,0
rot8080blue-2,55080-70186,HEIPA,1760
rot8080mll3,55080-70824,HEIPA,1500
rot8080wirt-af,56180-70733,HEIPA,680
rot8096maf,55080-90008,HEIPA,0
rot8096mll,55080-90017,HEIPA,0
rotherm6040,55060-30701,HEIPA,0
rotherm60maf,55060-40702,HEIPA,0
rotherm80-2,55080-40326,HEIPA,240
rotherm80af,55080-40721,HEIPA,2450
rotherm80maf,55080-70809,HEIPA,13050
rotherm80maf20,55080-70788,HEIPA,160
rotherm80maf48,55080-70750,HEIPA,1600
rotherm80mblue,55080-70242,HEIPA,1420
rotr8080maf,56080-70002,HEIPA,0
sam200batt2,PBP-R200_V2/STD,METAPACE,15
sam200cas1,PLC-R200_V3/STD,BIXOLON,41
sam200nt,K409-00011A-AS,BIXOLON,0
sambuzzer,RBC-100,BIXOLON,44
samwall350,RWM-350,METAPACE,0
scm3310v2-2,775-3310-02,IDENTIVE,0
scm3340,904557,IDENTIVE,9
sco505,45-45619,HONEYWELL,0
seiacu04cut,ACU04-37-A3,SEIKO,0
seicap06247c1,CAP06-247-C1,SEIKO,0
seicap06347c1,CAP06-347-C1,SEIKO,279
seicapd245e,CAPD245E-E,SEIKO,0
seicapd247e,CAPD247E-E,SEIKO,0
seicapd345e,CAPD345E-E,SEIKO,0
seicapd347m,CAPD347M-E,SEIKO,9650
seicapm347g,CAPM347G-E-A,SEIKO,0
seicvrcase,CVR-B01-1-E,SEIKO,0
seidpud2,DPU-D2-00A-E,SEIKO,0
seidpud3,DPU-D3-00A-E,SEIKO,0
seidpus445,"DPU-S445-01C 10819-E BT",SEIKO,0
seidspa01k1,DSP-A01-K1,SEIKO,0
seiifcm2220ae,IFC-M2220A-E,SEIKO,7
seiksm347rsu,KSM347R-S/U,SEIKO,1
seiltp0124512,LTP01-245-12,SEIKO,1000
seiltp0224513c,LTP02-245-13C,SEIKO,0
seiltp04347d4,LTP04-347-D4,SEIKO,0
seiltp1245r,LTP1245R-C384-E,SEIKO,0
seiltp1245t,LTP1245T-S384-E,SEIKO,0
seiltp1245u,LTP1245U-S384-E,SEIKO,0
seiltpc245g,LTPC245G-C384-E,SEIKO,0
seiltpd245b,LTPD245B-384-E,SEIKO,8500
seiltpd345a,LTPD345A-576-E,SEIKO,0
seiltph245d,LTPH245D-C384-E,SEIKO,0
seiltpv345c,LTPV345C-576-E,SEIKO,0
seiltpv445c,LTPV445C-832-E,SEIKO,0
seiltpz245u,LTPZ245U-C384-E,SEIKO,0
seimedw1cab,"MED W1",SEIKO,0
seimpa40-2,"MP-A40-B06JK3 10819-E",SEIKO,11
seimpb20-2,MP-B20-B02JK1-74,SEIKO,135
seimpb20crdl,CDL-B01K-1,SEIKO,0
seimpb21l,MP-B21L-B46JK1-EA,SEIKO,48
seimpb21l-2,MP-B21L-W46JK1E-EA,SEIKO,26
seimpb30,MP-B30-B02JK1-EA,SEIKO,25
seimpb30-2,MP-B30-W02JK1E-EA,SEIKO,70
seimpb30l,MP-B30L-B46JK1-EA,SEIKO,49
seimpb30l-2,MP-B30L-W46JK1E-EA,SEIKO,50
seimpb30lplate,"Partition Plate(58)Set",SEIKO,0
seimpb30lplate-2,"Partition Pl.(76,2)Set",SEIKO,0
seinp2411d,NP-2411D,SEIKO,0
seinp2511d3,NP-2511D-3,SEIKO,0
seinp2611bd3,NP-2611BD-3,SEIKO,0
seinp2r20,NP-2R20,SEIKO,0
seirpe10,RP-E10-K3FJ1-U-C5,SEIKO,16
seirpe10-2,RP-E10-K3FJ1-E-C5,SEIKO,0
seirpe10-3,RP-E11-K3FJ1-E-C5,SEIKO,0
seirpe10-4,RP-E11-K3FJ1-U-C5,SEIKO,18
seirpf10,"RP-F10-K27J1-2 10819",SEIKO,0
seirpf103,"RP-F10-K27J1-3 10819",SEIKO,59
seirpf105,"RP-F10-K27J1-5 10819",SEIKO,56
seislp620cab,SLP620-EU,SEIKO,0
seislp650cab,SLP650-EU,SEIKO,3
seislp650secab,IFC-WH-003S,SEIKO,0
seislp650sepowspl,42-900112,SEIKO,124
seislp720rtek,SLP720RT-EK2F11-05,SEIKO,1
seislp720rtuk,SLP720RT-UK2F11-15,SEIKO,68
seislp720rtwk,SLP720RT-WK2FE1-05,SEIKO,0
seislp721rtbk,SLP721RT-BK2F11-05,SEIKO,24
seislp850clcrd,SLP-CLNCRD,SEIKO,0
seislp850clcrd-2,"SLP-CLNCRD (15/crt)",SEIKO,0
sgbta1,BTA-PRT,"SEAGULL SCIENTIFIC",9999
sgbta10sub-1,BTA-10-SUB-1YR,"SEAGULL SCIENTIFIC",9999
sgbta10sub-3,BTA-10-SUB-3YR,"SEAGULL SCIENTIFIC",9999
sgbta20sub-3,BTA-20-SUB-3YR,"SEAGULL SCIENTIFIC",9999
sgbta20sub-5,BTA-20-SUB-5YR,"SEAGULL SCIENTIFIC",9999
sgbta20sub1yr,BTA-20-SUB-1YR,"SEAGULL SCIENTIFIC",9999
sgbta2sub-1,BTA-2-SUB-1YR,"SEAGULL SCIENTIFIC",9999
sgbta2sub-3,BTA-2-SUB-3YR,"SEAGULL SCIENTIFIC",9999
sgbta2sub-5,BTA-2-SUB-5YR,"SEAGULL SCIENTIFIC",9999
sgbta5sub3y,BTA-5-SUB-3YR,"SEAGULL SCIENTIFIC",9999
sgbtaamnt,BTA-APP-MNT,"SEAGULL SCIENTIFIC",9999
sgbtaamnt-bp,BTA-APP-BPMNT,"SEAGULL SCIENTIFIC",9999
sgbtaamnt1y,BTA-APP-MNT-1YR,"SEAGULL SCIENTIFIC",9999
sgbtaamnt3y,BTA-APP-MNT-3YR,"SEAGULL SCIENTIFIC",9999
sgbtaamnt5y,BTA-APP-MNT-5YR,"SEAGULL SCIENTIFIC",9999
sgbtaappma,BTA-APP-SUB-ADV,"SEAGULL SCIENTIFIC",9999
sgbtaappsuba,BTA-APP-SUB-ADV-1YR,"SEAGULL SCIENTIFIC",9999
sgbtaappsuba3,BTA-APP-SUB-ADV-3YR,"SEAGULL SCIENTIFIC",9999
sgbtaappsuba5,BTA-APP-SUB-ADV-5YR,"SEAGULL SCIENTIFIC",9999
sgbtab10,BTA-10,"SEAGULL SCIENTIFIC",9999
sgbtab3-2,BTA-3,"SEAGULL SCIENTIFIC",9999
sgbtaprtma,BTA-PRT-SUB-ADV,"SEAGULL SCIENTIFIC",9999
sgbtaprtpspt,BTA-PRT-PSPT,"SEAGULL SCIENTIFIC",9999
sgbtaprtsub5-1,BTA-5-SUB-1YR,"SEAGULL SCIENTIFIC",9999
sgbtaprtsuba,BTA-PRT-SUB-ADV-1YR,"SEAGULL SCIENTIFIC",9999
sgbtaprtsuba3,BTA-PRT-SUB-ADV-3YR,"SEAGULL SCIENTIFIC",9999
sgbtaprtsuba5,BTA-PRT-SUB-ADV-5YR,"SEAGULL SCIENTIFIC",9999
sgbtaupa,BTA-UP-APP,"SEAGULL SCIENTIFIC",9999
sgbtaupp,BTA-UP-PRT,"SEAGULL SCIENTIFIC",9999
sgbtauppmnt,BTA-UP-PRT-MNT,"SEAGULL SCIENTIFIC",9999
sgbte1,BTE-PRT,"SEAGULL SCIENTIFIC",9999
sgbte10sub-1y,BTE-10-SUB-1YR,"SEAGULL SCIENTIFIC",9999
sgbte10sub-3y,BTE-10-SUB-3YR,"SEAGULL SCIENTIFIC",9999
sgbte20sub-1y,BTE-20-SUB-1YR,"SEAGULL SCIENTIFIC",9999
sgbte20sub-3y,BTE-20-SUB-3YR,"SEAGULL SCIENTIFIC",9999
sgbte3sub-1,BTE-3-SUB-1YR,"SEAGULL SCIENTIFIC",9999
sgbte3sub-3,BTE-3-SUB-3YR,"SEAGULL SCIENTIFIC",9999
sgbte50sub-1y,BTE-50-SUB-1YR,"SEAGULL SCIENTIFIC",9999
sgbte5sub-1y,BTE-5-SUB-1YR,"SEAGULL SCIENTIFIC",9999
sgbte5sub-3y,BTE-5-SUB-3YR,"SEAGULL SCIENTIFIC",9999
sgbtea-1,BTE-APP-PSPT-1YR,"SEAGULL SCIENTIFIC",9999
sgbtea247,BTE-APP-PSPT,"SEAGULL SCIENTIFIC",9999
sgbteamnt,BTE-APP-MNT,"SEAGULL SCIENTIFIC",9999
sgbteamnt-bp,BTE-APP-BPMNT,"SEAGULL SCIENTIFIC",9999
sgbteamnt1y,BTE-APP-MNT-1YR,"SEAGULL SCIENTIFIC",9999
sgbteamnt3y,BTE-APP-MNT-3YR,"SEAGULL SCIENTIFIC",9999
sgbteamnt5y,BTE-APP-MNT-5YR,"SEAGULL SCIENTIFIC",9999
sgbteappam,BTE-APP-SUB-ADV,"SEAGULL SCIENTIFIC",9999
sgbteappsuba,BTE-APP-SUB-ADV-1YR,"SEAGULL SCIENTIFIC",9999
sgbteappsuba3,BTE-APP-SUB-ADV-3YR,"SEAGULL SCIENTIFIC",9999
sgbteappsuba5,BTE-APP-SUB-ADV-5YR,"SEAGULL SCIENTIFIC",9999
sgbteb10,BTE-10,"SEAGULL SCIENTIFIC",9999
sgbteb5,BTE-5,"SEAGULL SCIENTIFIC",9999
sgbtep-1,BTE-PRT-PSPT-1YR,"SEAGULL SCIENTIFIC",9999
sgbtep247,BTE-PRT-PSPT,"SEAGULL SCIENTIFIC",9999
sgbtepmnt,BTE-PRT-MNT,"SEAGULL SCIENTIFIC",9999
sgbtepmnt-bp,BTE-PRT-BPMNT,"SEAGULL SCIENTIFIC",9999
sgbtepmnt1y,BTE-PRT-MNT-1YR,"SEAGULL SCIENTIFIC",9999
sgbtepmnt3y,BTE-PRT-MNT-3YR,"SEAGULL SCIENTIFIC",9999
sgbtepmnt5y,BTE-PRT-MNT-5YR,"SEAGULL SCIENTIFIC",9999
sgbteprtam,BTE-PRT-SUB-ADV,"SEAGULL SCIENTIFIC",9999
sgbteprtsuba,BTE-PRT-SUB-ADV-1YR,"SEAGULL SCIENTIFIC",9999
sgbteprtsuba3,BTE-PRT-SUB-ADV-3YR,"SEAGULL SCIENTIFIC",9999
sgbteprtsuba5,BTE-PRT-SUB-ADV-5YR,"SEAGULL SCIENTIFIC",9999
sgbterappa,BTE-APP-SUB-ADV-RL-1YR,"SEAGULL SCIENTIFIC",9999
sgbterappam,BTE-APP-SUB-ADV-RL,"SEAGULL SCIENTIFIC",9999
sgbterprta,BTE-PRT-SUB-ADV-RL-1YR,"SEAGULL SCIENTIFIC",9999
sgbterprtam,BTE-PRT-SUB-ADV-RL,"SEAGULL SCIENTIFIC",9999
sgbteuaa,BTE-UA-APP,"SEAGULL SCIENTIFIC",9999
sgbteuaamnt,BTE-UA-APP-MNT,"SEAGULL SCIENTIFIC",9999
sgbteuap,BTE-UA-PRT,"SEAGULL SCIENTIFIC",9999
sgbteuapmnt,BTE-UA-PRT-MNT,"SEAGULL SCIENTIFIC",9999
sgbteupa,BTE-UP-APP,"SEAGULL SCIENTIFIC",9999
sgbteupamnt,BTE-UP-APP-MNT,"SEAGULL SCIENTIFIC",9999
sgbteupp,BTE-UP-PRT,"SEAGULL SCIENTIFIC",9999
sgbteuppmnt,BTE-UP-PRT-MNT,"SEAGULL SCIENTIFIC",9999
sgbtp1,BTP-PRT,"SEAGULL SCIENTIFIC",9999
sgbtp2sub-1y,BTP-2-SUB-1YR,"SEAGULL SCIENTIFIC",9999
sgbtp2sub-3y,BTP-2-SUB-3YR,"SEAGULL SCIENTIFIC",9999
sgbtp2sub-5y,BTP-2-SUB-5YR,"SEAGULL SCIENTIFIC",9999
sgbtp5sub-1y,BTP-5-SUB-1YR,"SEAGULL SCIENTIFIC",9999
sgbtpaamnt,BTP-APP-MNT,"SEAGULL SCIENTIFIC",9999
sgbtpaamnt1y,BTP-APP-MNT-1YR,"SEAGULL SCIENTIFIC",9999
sgbtpaamnt3y,BTP-APP-MNT-3YR,"SEAGULL SCIENTIFIC",9999
sgbtpaamnt5y,BTP-APP-MNT-5YR,"SEAGULL SCIENTIFIC",9999
sgbtpamnt-bp,BTP-APP-BPMNT,"SEAGULL SCIENTIFIC",9999
sgbtpappma,BTP-APP-SUB-ADV,"SEAGULL SCIENTIFIC",9999
sgbtpappsuba,BTP-APP-SUB-ADV-1YR,"SEAGULL SCIENTIFIC",9999
sgbtpappsuba3,BTP-APP-SUB-ADV-3YR,"SEAGULL SCIENTIFIC",9999
sgbtpappsuba5,BTP-APP-SUB-ADV-5YR,"SEAGULL SCIENTIFIC",9999
sgbtpb10,BTP-10,"SEAGULL SCIENTIFIC",9999
sgbtpb5,BTP-5,"SEAGULL SCIENTIFIC",9999
sgbtpma,BTP-WS-SUB-ADV,"SEAGULL SCIENTIFIC",9999
sgbtppmnt,BTP-PRT-MNT,"SEAGULL SCIENTIFIC",9999
sgbtppmnt-bp,BTP-PRT-BPMNT,"SEAGULL SCIENTIFIC",9999
sgbtppmnt1y,BTP-PRT-MNT-1YR,"SEAGULL SCIENTIFIC",9999
sgbtppmnt3y,BTP-PRT-MNT-3YR,"SEAGULL SCIENTIFIC",9999
sgbtppmnt5y,BTP-PRT-MNT-5YR,"SEAGULL SCIENTIFIC",9999
sgbtpprtsuba,BTP-PRT-SUB-ADV-1YR,"SEAGULL SCIENTIFIC",9999
sgbtpprtsuba3,BTP-PRT-SUB-ADV-3YR,"SEAGULL SCIENTIFIC",9999
sgbtpprtsuba5,BTP-PRT-SUB-ADV-5YR,"SEAGULL SCIENTIFIC",9999
sgbtpsub10-1yr,BTP-10-SUB-1YR,"SEAGULL SCIENTIFIC",9999
sgbtpwssuba,BTP-WS-SUB-ADV-1YR,"SEAGULL SCIENTIFIC",9999
sgbtpwssuba3,BTP-WS-SUB-ADV-3YR,"SEAGULL SCIENTIFIC",9999
sgbtpwssuba5,BTP-WS-SUB-ADV-5YR,"SEAGULL SCIENTIFIC",9999
sgbtsam,BTS-WS-SUB-ADV,"SEAGULL SCIENTIFIC",9999
sgbtsappam,BTS-APP-SUB-ADV,"SEAGULL SCIENTIFIC",9999
sgbtsappbpmnt,BTS-APP-BPMNT,"SEAGULL SCIENTIFIC",9999
sgbtsappmnt,BTS-APP-MNT,"SEAGULL SCIENTIFIC",9999
sgbtsappsuba,BTS-APP-SUB-ADV-1YR,"SEAGULL SCIENTIFIC",9999
sgbtsappsuba3,BTS-APP-SUB-ADV-3YR,"SEAGULL SCIENTIFIC",9999
sgbtsappsuba5,BTS-APP-SUB-ADV-5YR,"SEAGULL SCIENTIFIC",9999
sgbtsmnt,BTS-PRT-MNT,"SEAGULL SCIENTIFIC",9999
sgbtsmnt-1,BTS-APP-MNT-1YR,"SEAGULL SCIENTIFIC",9999
sgbtsmnt-3,BTS-APP-MNT-3YR,"SEAGULL SCIENTIFIC",9999
sgbtsmntp-1,BTS-PRT-MNT-1YR,"SEAGULL SCIENTIFIC",9999
sgbtsmntp-3,BTS-PRT-MNT-3YR,"SEAGULL SCIENTIFIC",9999
sgbtspmnt,BTS-PRT-BPMNT,"SEAGULL SCIENTIFIC",9999
sgbtsprt,BTS-PRT,"SEAGULL SCIENTIFIC",9999
sgbtsprtam,BTS-PRT-SUB-ADV,"SEAGULL SCIENTIFIC",9999
sgbtsprtsuba,BTS-PRT-SUB-ADV-1YR,"SEAGULL SCIENTIFIC",9999
sgbtsprtsuba3,BTS-PRT-SUB-ADV-3YR,"SEAGULL SCIENTIFIC",9999
sgbtsprtsuba5,BTS-PRT-SUB-ADV-5YR,"SEAGULL SCIENTIFIC",9999
sgbtswsbpmnt,BTS-WS-BPMNT,"SEAGULL SCIENTIFIC",9999
sgbtswsmnt1y,BTS-WS-MNT-1YR,"SEAGULL SCIENTIFIC",9999
sgbtswsmnt3y,BTS-WS-MNT-3YR,"SEAGULL SCIENTIFIC",9999
sgbtswsmnt5y,BTS-WS-MNT-5YR,"SEAGULL SCIENTIFIC",9999
sgbtswssub,BTS-WS-SUB,"SEAGULL SCIENTIFIC",9999
sgbtswssub1y,BTS-WS-SUB-1YR,"SEAGULL SCIENTIFIC",9999
sgbtswssub3y,BTS-WS-SUB-3YR,"SEAGULL SCIENTIFIC",9999
sgbtswssub5y,BTS-WS-SUB-5YR,"SEAGULL SCIENTIFIC",9999
sgbtswssuba,BTS-WS-SUB-ADV-1YR,"SEAGULL SCIENTIFIC",9999
sgbtswssuba3,BTS-WS-SUB-ADV-3YR,"SEAGULL SCIENTIFIC",9999
sgbtswssuba5,BTS-WS-SUB-ADV-5YR,"SEAGULL SCIENTIFIC",9999
sginteg,PS-INTEGRATION2BTC,"SEAGULL SCIENTIFIC",9999
sginteg1,PS-INTEGRATION1,"SEAGULL SCIENTIFIC",9999
sginteg2,PS-INTEGRATION2,"SEAGULL SCIENTIFIC",9999
sgscop,PS-SCOPINGSERVICES,"SEAGULL SCIENTIFIC",9999
sgtbtapmnt,BTA-PRT-MNT,"SEAGULL SCIENTIFIC",9999
sgtbtapmnt-bp,BTA-PRT-BPMNT,"SEAGULL SCIENTIFIC",9999
sgtbtapmnt1y,BTA-PRT-MNT-1YR,"SEAGULL SCIENTIFIC",9999
sgtbtapmnt3y,BTA-PRT-MNT-3YR,"SEAGULL SCIENTIFIC",9999
sgtbtapmnt5y,BTA-PRT-MNT-5YR,"SEAGULL SCIENTIFIC",9999
sgtbtaupamnt,BTA-UP-APP-MNT,"SEAGULL SCIENTIFIC",9999
sgtemplate,PS-TEMPLATE-DESIGN,"SEAGULL SCIENTIFIC",9999
sgupgrd,PS-UPGRADEASSESSMENT,"SEAGULL SCIENTIFIC",9999
sgwsbpmnt,BTP-WS-BPMNT,"SEAGULL SCIENTIFIC",9999
sgwsmnt,BTP-WS-MNT,"SEAGULL SCIENTIFIC",9999
sgwsmnt1y,BTP-WS-MNT-1YR,"SEAGULL SCIENTIFIC",9999
sgwsmnt3y,BTP-WS-MNT-3YR,"SEAGULL SCIENTIFIC",9999
sgwsmnt5y,BTP-WS-MNT-5YR,"SEAGULL SCIENTIFIC",9999
sgwssub,BTP-WS-SUB,"SEAGULL SCIENTIFIC",9999
sgwssub1y,BTP-WS-SUB-1YR,"SEAGULL SCIENTIFIC",9999
sgwssub3y,BTP-WS-SUB-3YR,"SEAGULL SCIENTIFIC",9999
sgwssuby,BTP-WS-SUB-5YR,"SEAGULL SCIENTIFIC",9999
smselo32-foot,T0413001-1A1,SMS,25
smselo32-pillar,T0413001-1A2,SMS,25
sp20bracket,BRKT-LB0020-04,ZEBRA,33
sp20bracket-2,BRKT-FB0020-04,ZEBRA,20
sp20stand,STND-AD0020-04,ZEBRA,86
stageit-l,Stageit-l,JARLTECH,99923
stageit-m,Stageit-m,JARLTECH,99713
stageit-s,Stageit-s,JARLTECH,99926
stageit-xl,Stageit-xl,JARLTECH,99978
star143-2,39472490,"STAR MICRONICS EUROP",0
star1432b,39472730,"STAR MICRONICS EUROP",60
star1433b2,39474790,"STAR MICRONICS EUROP",306
star1433w2,39474890,"STAR MICRONICS EUROP",2
star1434b,39473090,"STAR MICRONICS EUROP",0
star1434g,39473390,"STAR MICRONICS EUROP",23
star1434g-2,39473990,"STAR MICRONICS EUROP",36
star1434w,39473190,"STAR MICRONICS EUROP",0
star1434w-2,39473790,"STAR MICRONICS EUROP",0
star143gryuk,39472740,"STAR MICRONICS EUROP",60
star143iv-2,39473890,"STAR MICRONICS EUROP",0
star143sw2,39472390,"STAR MICRONICS EUROP",54
star18ms,37954820,"STAR MICRONICS EUROP",0
star18mw,37954810,"STAR MICRONICS EUROP",0
star2002ins,99250027,"STAR MICRONICS EUROP",0
star2002ins2,99250015,"STAR MICRONICS EUROP",0
star2002sw,55555560,"STAR MICRONICS EUROP",0
star2002sw2,55555561,"STAR MICRONICS EUROP",47
star2002sw3,55555562,"STAR MICRONICS EUROP",13
star2002zbr,99250025,"STAR MICRONICS EUROP",0
star298ps,39309311,"STAR MICRONICS EUROP",1
star300gr-2,39634630,"STAR MICRONICS EUROP",0
star300i2,39634830,"STAR MICRONICS EUROP",0
star300i2-uk,39634840,"STAR MICRONICS EUROP",0
star300uk-2,39634640,"STAR MICRONICS EUROP",0
star301i2,39634930,"STAR MICRONICS EUROP",0
star301i2-uk,39634940,"STAR MICRONICS EUROP",0
star30907210,30907210,"STAR MICRONICS EUROP",1
star37950070,37950070,"STAR MICRONICS EUROP",0
star37951640,37951640,"STAR MICRONICS EUROP",5
star37951650,37951650,"STAR MICRONICS EUROP",5
star37964060,37964060,"STAR MICRONICS EUROP",6
star37964070,37964070,"STAR MICRONICS EUROP",11
star39591200,39591200,"STAR MICRONICS EUROP",0
star39607040,39607041,"STAR MICRONICS EUROP",0
star39781650,30781650,"STAR MICRONICS EUROP",0
star742e,39339432,"STAR MICRONICS EUROP",0
star742esw-uk,39339442,"STAR MICRONICS EUROP",0
star7mb,37954800,"STAR MICRONICS EUROP",4
star7mw,37954790,"STAR MICRONICS EUROP",0
star847ap,39441920,"STAR MICRONICS EUROP",0
star847ap2,39441830,"STAR MICRONICS EUROP",0
star847us,39443911,"STAR MICRONICS EUROP",3
star99250018,99250018,"STAR MICRONICS EUROP",0
star99250050,99250050,"STAR MICRONICS EUROP",0
starbez,37965520,"STAR MICRONICS EUROP",0
starbsd40,37950900,"STAR MICRONICS EUROP",0
starbsh20,37950920,"STAR MICRONICS EUROP",0
starbsh20b,37950940,"STAR MICRONICS EUROP",3
starbsh32,37950970,"STAR MICRONICS EUROP",5
starbsh32u,37950960,"STAR MICRONICS EUROP",0
starbuzzer,09990641,"STAR MICRONICS EUROP",22
starcabs4,37967330,"STAR MICRONICS EUROP",0
starcabsens,37969030,"STAR MICRONICS EUROP",0
starcabuk,09110216,"STAR MICRONICS EUROP",292
starcbl,37950030,"STAR MICRONICS EUROP",0
starcbsk1d8,37950040,"STAR MICRONICS EUROP",0
starcd414-bl,37969430,"STAR MICRONICS EUROP",0
starcd414-wh,37969440,"STAR MICRONICS EUROP",0
starcd416-bl,37950880,"STAR MICRONICS EUROP",0
starcd416-bl2,37969490,"STAR MICRONICS EUROP",0
starcd416-wh,37969500,"STAR MICRONICS EUROP",0
starcd416-wh2,37950890,"STAR MICRONICS EUROP",0
starchgs,39569320,"STAR MICRONICS EUROP",0
stareth2,39607804,"STAR MICRONICS EUROP",8
starez100b,37954780,"STAR MICRONICS EUROP",5
starez100w,37954770,"STAR MICRONICS EUROP",0
starez3sb,37954760,"STAR MICRONICS EUROP",6
starez3sw,37954750,"STAR MICRONICS EUROP",3
starezkioskb,37954740,"STAR MICRONICS EUROP",5
starezkioskw,37954730,"STAR MICRONICS EUROP",0
starezpossb,37954720,"STAR MICRONICS EUROP",0
starezpossw,37954710,"STAR MICRONICS EUROP",0
starhl1phold,37966090,"STAR MICRONICS EUROP",0
starkkiosksb,37954700,"STAR MICRONICS EUROP",0
starkkiosksw,37954690,"STAR MICRONICS EUROP",0
starl200bat2,39569473,"STAR MICRONICS EUROP",0
starl200chrg,39569480,"STAR MICRONICS EUROP",0
starmcl2,39653490,"STAR MICRONICS EUROP",14
starmcl2-2,39653590,"STAR MICRONICS EUROP",9
starmcl2-3,39653690,"STAR MICRONICS EUROP",0
starmcl2-4,39653890,"STAR MICRONICS EUROP",8
starmcl2cp,39594330,"STAR MICRONICS EUROP",0
starmcl2cut,39594300,"STAR MICRONICS EUROP",0
starmcl2plat,39594310,"STAR MICRONICS EUROP",0
starmcl32cbi,39658390,"STAR MICRONICS EUROP",3
starmcl32ci,39658190,"STAR MICRONICS EUROP",0
starmcl3pl,39594210,"STAR MICRONICS EUROP",0
starmcmel,39594012,"STAR MICRONICS EUROP",0
starmcp2btb,39653190,"STAR MICRONICS EUROP",0
starmcp2btw,39653090,"STAR MICRONICS EUROP",0
starmcp30eu,39654190,"STAR MICRONICS EUROP",0
starmcp31cbi,39659390,"STAR MICRONICS EUROP",13
starmcp31cbiw,39659290,"STAR MICRONICS EUROP",0
starmcp31ci,39659190,"STAR MICRONICS EUROP",0
starmcp31ciw,39659090,"STAR MICRONICS EUROP",0
starmcpwall,39590150,"STAR MICRONICS EUROP",0
starmcs10speak,39594012,"STAR MICRONICS EUROP",2
starnmcv,37964094,"STAR MICRONICS EUROP",4
starpcbl,37950050,"STAR MICRONICS EUROP",0
starpopb,99250311,"STAR MICRONICS EUROP",0
starpopb2,39655290,"STAR MICRONICS EUROP",21
starpopcb,39655890,"STAR MICRONICS EUROP",25
starpopcb-2,39655990,"STAR MICRONICS EUROP",9
starpopscan,39594110,"STAR MICRONICS EUROP",0
starpopscanw,39594100,"STAR MICRONICS EUROP",0
starpopvfdb,39990030,"STAR MICRONICS EUROP",10
starpopvfdw,39990020,"STAR MICRONICS EUROP",0
starpre121,37967550,"STAR MICRONICS EUROP",0
starpre121-2,37967950,"STAR MICRONICS EUROP",5
starpre131,37967560,"STAR MICRONICS EUROP",12
starpre2131,37967960,"STAR MICRONICS EUROP",0
starps60a,30782120,"STAR MICRONICS EUROP",48
starps60a-uk,30782130,"STAR MICRONICS EUROP",7
starps65at,39930000,"STAR MICRONICS EUROP",0
starribldry,30982004,"STAR MICRONICS EUROP",0
stars201bat-2,39569113,"STAR MICRONICS EUROP",0
stars201batchg,39569241,"STAR MICRONICS EUROP",0
stars230-2,39632730,"STAR MICRONICS EUROP",27
stars230-2-uk,39632740,"STAR MICRONICS EUROP",0
stars230ps,39569410,"STAR MICRONICS EUROP",0
stars230psu,39569450,"STAR MICRONICS EUROP",97
stars230vmnt,99250265,"STAR MICRONICS EUROP",0
starsk1-10,37966641,"STAR MICRONICS EUROP",0
starsk1-6,37963764,"STAR MICRONICS EUROP",0
starsk1-7,37963464,"STAR MICRONICS EUROP",0
starsk1-8,37963784,"STAR MICRONICS EUROP",0
starsk1211-2,37963754,"STAR MICRONICS EUROP",0
starsk1311-4,37967904,"STAR MICRONICS EUROP",0
starsk1311l-2,37963776,"STAR MICRONICS EUROP",0
starsk141lph,37966250,"STAR MICRONICS EUROP",0
starsk1arm,37963730,"STAR MICRONICS EUROP",0
starsk1bez,37967920,"STAR MICRONICS EUROP",20
starsk1bez-2,37969130,"STAR MICRONICS EUROP",0
starsk1bez-3,37963490,"STAR MICRONICS EUROP",13
starsk1mplate,37966760,"STAR MICRONICS EUROP",0
starsk1powcab,37967980,"STAR MICRONICS EUROP",0
starsk2bez,37963710,"STAR MICRONICS EUROP",0
starsk421-2,37968581,"STAR MICRONICS EUROP",0
starsvehchg,39569360,"STAR MICRONICS EUROP",5
start300bat,39569132,"STAR MICRONICS EUROP",0
start301g-2,39634730,"STAR MICRONICS EUROP",0
start3batchg,39569281,"STAR MICRONICS EUROP",0
start400bat,39569350,"STAR MICRONICS EUROP",0
start700stand,39590510,"STAR MICRONICS EUROP",0
startbathold,39569160,"STAR MICRONICS EUROP",0
startrcab,39593020,"STAR MICRONICS EUROP",0
startrimb,37954640,"STAR MICRONICS EUROP",0
startrimw,37954630,"STAR MICRONICS EUROP",0
startsp743,99257300,"STAR MICRONICS EUROP",0
startsstrap,39599020,"STAR MICRONICS EUROP",0
startx200ph,98-0530014-12LF,TSC,0
startx200ph2,98-0530014-10LF,TSC,0
starusbchrg,99250271,"STAR MICRONICS EUROP",0
starvesab,37950830,"STAR MICRONICS EUROP",0
starvesaw,37950850,"STAR MICRONICS EUROP",0
starwallmb,37954620,"STAR MICRONICS EUROP",0
starwallmw,37954610,"STAR MICRONICS EUROP",0
starwifidongle2,99250360,"STAR MICRONICS EUROP",8
sy1203-4,LS1203-1AZU0100SR,ZEBRA,0
sy1203-5,LS1203-7AZU0100SR,ZEBRA,3
sy1203-9,LS1203-CR10007R,ZEBRA,1
sy1203kitemea,LS1203-7AZU0100ER,ZEBRA,2
sy1203st,20-73951-01R,ZEBRA,0
sy1203stsw,20-73951-07R,ZEBRA,0
sy2200stand,20-60136-02R,ZEBRA,4
sy2208,LS2208-SR20001R,ZEBRA,106
sy2208-1,LS2208-SR20007R-UR,ZEBRA,1468
sy2208-11,LS2208-7AZU0100ZR,ZEBRA,60
sy2208-2,LS2208-SR20007R-KR,ZEBRA,0
sy2208-3,LS2208-SR20001R-UR,ZEBRA,106
sy2208-5,LS2208-1AZU0100ZR,ZEBRA,10
sy2208sw,LS2208-SR20007R,ZEBRA,13
sy36004chg,SAC3600-4001CR,ZEBRA,27
sy3600eadapt,EA3600-T1CP-00,ZEBRA,0
sy3678,DS3678-HD2F003VZWW,ZEBRA,0
sy3678-11,DS3678-HP3U4210SFW,ZEBRA,0
sy3678-2,DS3678-HP2F003VZWW,ZEBRA,0
sy3678-3,DS3678-SR0F003VZWW,ZEBRA,0
sy3678-4,DS3678-HP3U42A0SFW,ZEBRA,70
sy3678-5,DS3678-SR3U42A0SFW,ZEBRA,79
sy3678-6,DS3678-HD3U4210SFW,ZEBRA,0
sy3678-7,DS3678-SR3U4210SFW,ZEBRA,22
sy3678fsealcr,FLB3678-C100F3WW,ZEBRA,22
sy3678scrd,STB3678-C100F3WW,ZEBRA,176
sy3678usb,DS3678-HD3U42A0SFW,ZEBRA,110
sy36bat,BTRY-36IAB0E-00,ZEBRA,276
sy36brkt,BRKT-MM0036W-00,ZEBRA,58
sy36spabat,BTRY-36IAB0E-00K,ZEBRA,0
sy3ptyrfd40,3PTY-PCLIP-216390,ZEBRA,0
sy40004chg,SAC4000-4000CR,ZEBRA,17
sy4090mount,SG-WT4023020-05R,ZEBRA,54
sy4090mountl,SG-WT4023020-06R,ZEBRA,81
sy4278wallsw,11-66553-06R,ZEBRA,47
sy54ps-us,PWR-WUA5V4W0US,ZEBRA,0
sy54ps2,PWR-WUA5V4W04C,ZEBRA,319
sy54psadap,PWR-WUA5V45W1EU,ZEBRA,0
sy54psadap-2,PWR-WUA5V45W1GB,ZEBRA,131
sy6878crsw,CR0078-SC10007WR,ZEBRA,227
sy8178cr,CR8178-SC100F4WW,ZEBRA,25
sy8178crpre,CR8178-PC100F4WW,ZEBRA,0
sy8178crpw,CR8178-PCM00FBWW,ZEBRA,0
sy8178crw,CR8178-SC100FBWW,ZEBRA,0
sy954,MS-954-I000R,ZEBRA,0
syacabin,50-16000-669R,ZEBRA,19
syacabit,50-16000-671R,ZEBRA,114
syacabuk,50-16000-670R,ZEBRA,28
syadapt-eu,CN-000803-05,ZEBRA,0
syadapt-uk,CN-000803-06,ZEBRA,0
syads3678-3c,Z1AE-DS3678-3C00,ZEBRA,9999
syads3678-5c,Z1AE-DS3678-5C00,ZEBRA,9999
syaecc60-3,Z1AE-CC6000-3C00,ZEBRA,9999
syaecrm-3c,Z1AE-CRMLTI-3C00,ZEBRA,9999
syaecrm-5c,Z1AE-CRMLTI-5C00,ZEBRA,9999
syaecrsgl1-3c,Z1AE-CRSGL1-3C00,ZEBRA,9999
syaecrsgl1-5c,Z1AE-CRSGL1-5C00,ZEBRA,9999
syaeds2208-3,Z1AE-DS2208-3C00,ZEBRA,9999
syaeds2208-5,Z1AE-DS2208-5C00,ZEBRA,9999
syaeds2278-3c,Z1AE-DS2278-3C00,ZEBRA,9999
syaeds2278-5,Z1AE-DS2278-5C00,ZEBRA,9999
syaeds3608-3c,Z1AE-DS3608-3C00,ZEBRA,9999
syaeds3608-3c1,Z1AE-DS3608-3C10,ZEBRA,9999
syaeds3608-5,Z1AE-DS3608-5C00,ZEBRA,9999
syaeds3608-5cc,Z1AE-DS3608-5CC0,ZEBRA,9999
syaeds4608-30,Z1AE-DS4608-3C00,ZEBRA,9999
syaeds4608-50,Z1AE-DS4608-5C00,ZEBRA,9999
syaeds7708-3,Z1AE-DS7708-3C00,ZEBRA,9999
syaeec30-3,Z1AE-EC30XX-3300,ZEBRA,9999
syaeec30-5c,Z1AE-EC30XX-5300,ZEBRA,9999
syaeec55-520,Z1AE-EC55XX-5200,ZEBRA,9999
syaeec55xx-3c,Z1AE-EC55XX-3C00,ZEBRA,9999
syaeec55xx-51,Z1AE-EC55XX-5100,ZEBRA,9999
syaeet401x-3c,Z1AE-ET401X-3C00,ZEBRA,9999
syaeet401x-5c,Z1AE-ET401X-5C00,ZEBRA,9999
syaeet4x-35,Z1AE-ET4XXX-3500,ZEBRA,9999
syaeet4x-3c,Z1AE-ET4XXX-3C00,ZEBRA,9999
syaeet4x-3c1,Z1AE-ET4XXX-3C10,ZEBRA,9999
syaeet4x-5c,Z1AE-ET4XXX-5C00,ZEBRA,9999
syaeet5xxx-3c,Z1AE-ET5XXX-3C00,ZEBRA,9999
syaeet5xxx-5c,Z1AE-ET5XXX-5C00,ZEBRA,9999
syaeet6xxw-3c,Z1AE-ET6XXW-3C00,ZEBRA,9999
syaeet6xxw-5c,Z1AE-ET6XXW-5C00,ZEBRA,9999
syaeet6xxx-3c,Z1AE-ET6XXX-3C00,ZEBRA,9999
syaeet6xxx-5c,Z1AE-ET6XXX-5C00,ZEBRA,9999
syaeet6xxx-77,Z1AE-ET6XXX-7700,ZEBRA,9999
syaeet8x-3c,Z1AE-ET8XXX-3C00,ZEBRA,9999
syaehc20xx-3c,Z1AE-HC20XX-3C00,ZEBRA,9999
syaehc25xx-5c,Z1AE-HC25XX-5C00,ZEBRA,9999
syaekc50xx-3,Z1AE-KC50XX-3C00,ZEBRA,9999
syaeli2208-5,Z1AE-LI2208-5C00,ZEBRA,9999
syaeli3608-3c,Z1AE-LI3608-3C00,ZEBRA,9999
syaeli3608-5,Z1AE-LI3608-5C00,ZEBRA,9999
syaeli3678-3c,Z1AE-LI3678-3C00,ZEBRA,9999
syaeli3678-5c,Z1AE-LI3678-5C00,ZEBRA,9999
syaemc22-3,Z1AE-MC22XX-3C00,ZEBRA,9999
syaemc27-3,Z1AE-MC27XX-3C00,ZEBRA,9999
syaemc33-3c1,Z1AE-MC33XX-3C10,ZEBRA,9999
syaemc33-3cc,Z1AE-MC33XX-3CC0,ZEBRA,9999
syaemc33-5,Z1AE-MC33XX-5C00,ZEBRA,9999
syaemc33-5c,Z1AE-MC33XX-5C03,ZEBRA,9999
syaemc33-5c1,Z1AE-MC33XX-5C10,ZEBRA,9999
syaemc33-5cc,Z1AE-MC33XX-5CC0,ZEBRA,9999
syaemc33xx-3c,Z1AE-MC33XX-3C00,ZEBRA,9999
syaemc93-3c,Z1AE-MC93XX-3C00,ZEBRA,9999
syaemc93-3c1,Z1AE-MC93XX-3C10,ZEBRA,9999
syaemc93-3cc,Z1AE-MC93XX-3CC0,ZEBRA,9999
syaemc93-51,Z1AE-MC93XX-5100,ZEBRA,9999
syaemc93-510,Z1AE-MC93XX-5C10,ZEBRA,9999
syaemc93-52,Z1AE-MC93XX-5C20,ZEBRA,9999
syaemc93-53,Z1AE-MC93XX-5503,ZEBRA,9999
syaemc93-5c,Z1AE-MC93XX-5C00,ZEBRA,9999
syaemc93-5c3,Z1AE-MC93XX-5C03,ZEBRA,9999
syaemc94-3c,Z1AE-MC94XX-3C00,ZEBRA,9999
syaemc94-3c1,Z1AE-MC94XX-3C10,ZEBRA,9999
syaemc94-5c,Z1AE-MC94XX-5C00,ZEBRA,9999
syaemp7x-30,Z1AE-MP7XXX-3C00,ZEBRA,9999
syaemp7x-50,Z1AE-MP7XXX-5C00,ZEBRA,9999
syaepd20-3c0,Z1AE-PD20XX-3C00,ZEBRA,9999
syaerfd40x-5c,Z1AE-RFD40X-5C00,ZEBRA,9999
syaers21-3c,Z1AE-RS21XX-3C00,ZEBRA,9999
syaers419x-3c,Z1AE-RS419X-3C00,ZEBRA,9999
syaers419x-3cc,Z1AE-RS419X-3CC0,ZEBRA,9999
syaers5-2c,Z1AE-RS5XXX-2C00,ZEBRA,9999
syaers5-3c,Z1AE-RS5XXX-3C00,ZEBRA,9999
syaers5-3c1,Z1AE-RS5XXX-3C10,ZEBRA,9999
syaers5-3cc,Z1AE-RS5XXX-3CC0,ZEBRA,9999
syaers5xxx-5c,Z1AE-RS5XXX-5C00,ZEBRA,9999
syaers5xxx-5c1,Z1AE-RS5XXX-5C10,ZEBRA,9999
syaers6-2c,Z1AE-RS6XXX-2C00,ZEBRA,9999
syaers6xxx-3c,Z1AE-RS6XXX-3C00,ZEBRA,9999
syaers6xxx-3c1,Z1AE-RS6XXX-3C10,ZEBRA,9999
syaetc21-30,Z1AE-TC21XX-3100,ZEBRA,9999
syaetc21-32,Z1AE-TC21XX-3200,ZEBRA,9999
syaetc21xx-3c,Z1AE-TC21XX-3C00,ZEBRA,9999
syaetc22-3,Z1AE-TC22XX-3C00,ZEBRA,9999
syaetc22-5,Z1AE-TC22XX-5C00,ZEBRA,9999
syaetc22xx-52,Z1AE-TC22XX-5200,ZEBRA,9999
syaetc26-30,Z1AE-TC26XX-3100,ZEBRA,9999
syaetc26-32,Z1AE-TC26XX-3200,ZEBRA,9999
syaetc26-3c1,Z1AE-TC26XX-3C10,ZEBRA,9999
syaetc26-3c3,Z1AE-TC26XX-3C03,ZEBRA,9999
syaetc26xx-3c,Z1AE-TC26XX-3C00,ZEBRA,9999
syaetc26xx-3c2,Z1AE-TC26XX-3C20,ZEBRA,9999
syaetc27xx-2c,Z1AE-TC27XX-2C00,ZEBRA,9999
syaetc27xx-3c,Z1AE-TC27XX-3C00,ZEBRA,9999
syaetc27xx-5c,Z1AE-TC27XX-5C00,ZEBRA,9999
syaetc51xx-31,Z1AE-TC51XX-3103,ZEBRA,9999
syaetc51xx-3c,Z1AE-TC51XX-3C00,ZEBRA,9999
syaetc52-5,Z1AE-TC52XX-5CC0,ZEBRA,9999
syaetc52-51c,Z1AE-TC52XX-5C10,ZEBRA,9999
syaetc52xx-3c,Z1AE-TC52XX-3C00,ZEBRA,9999
syaetc52xx-3c10,Z1AE-TC52XX-3C10,ZEBRA,9999
syaetc52xx-3c2,Z1AE-TC52XX-3C20,ZEBRA,9999
syaetc52xx-3cc,Z1AE-TC52XX-3CC0,ZEBRA,9999
syaetc52xx-55,Z1AE-TC52XX-5500,ZEBRA,9999
syaetc52xx-5c,Z1AE-TC52XX-5C00,ZEBRA,9999
syaetc53xx-3c,Z1AE-TC53XX-3C00,ZEBRA,9999
syaetc53xx-5c,Z1AE-TC53XX-5C00,ZEBRA,9999
syaetc56xx-3c,Z1AE-TC56XX-3C00,ZEBRA,9999
syaetc57xx-3,Z1AE-TC57XX-3C00,ZEBRA,9999
syaetc57xx-3c10,Z1AE-TC57XX-3C10,ZEBRA,9999
syaetc57xx-3c20,Z1AE-TC57XX-3C20,ZEBRA,9999
syaetc58xx-31,Z1AE-TC58XX-3100,ZEBRA,9999
syaetc58xx-3c,Z1AE-TC58XX-3C00,ZEBRA,9999
syaetc58xx-3c10,Z1AE-TC58XX-3C10,ZEBRA,9999
syaetc58xx-3c20,Z1AE-TC58XX-3C20,ZEBRA,9999
syaetc58xx-5c,Z1AE-TC58XX-5C00,ZEBRA,9999
syaetc58xx-5c03,Z1AE-TC58XX-5C03,ZEBRA,9999
syaetc58xx-5c1,Z1AE-TC58XX-5C10,ZEBRA,9999
syaetc70xx-3c,Z1AE-TC70XX-3C00,ZEBRA,9999
syaetc72xx-31,Z1AE-TC72XX-3C10,ZEBRA,9999
syaetc72xx-3c,Z1AE-TC72XX-3C00,ZEBRA,9999
syaetc72xx-5c,Z1AE-TC72XX-5C00,ZEBRA,9999
syaetc73-3,Z1AE-TC73XX-3C00,ZEBRA,9999
syaetc73-3c1,Z1AE-TC73XX-3C10,ZEBRA,9999
syaetc73-5,Z1AE-TC73XX-5C00,ZEBRA,9999
syaetc73xx-5c1,Z1AE-TC73XX-5C10,ZEBRA,9999
syaetc75xx-3c,Z1AE-TC75XX-3C00,ZEBRA,9999
syaetc77-3,Z1AE-TC77XX-3C00,ZEBRA,9999
syaetc77-3c1,Z1AE-TC77XX-3C10,ZEBRA,9999
syaetc77-5,Z1AE-TC77XX-5C00,ZEBRA,9999
syaetc77-5c10,Z1AE-TC77XX-5C10,ZEBRA,9999
syaetc78-1c,Z1RE-TC78XX-1C00,ZEBRA,9999
syaetc78-2c,Z1RE-TC78XX-2C00,ZEBRA,9999
syaetc78-3c10,Z1AE-TC78XX-3C10,ZEBRA,9999
syaetc78-5c,Z1AE-TC78XX-5C00,ZEBRA,9999
syaetc78-5c10,Z1AE-TC78XX-5C10,ZEBRA,9999
syaetc78xx-3c,Z1AE-TC78XX-3C00,ZEBRA,9999
syaetc83-3c3,Z1AE-TC83XX-3C03,ZEBRA,9999
syaetc83xx-3,Z1AE-TC83XX-3C00,ZEBRA,9999
syaetc83xx-3cc,Z1AE-TC83XX-3CC0,ZEBRA,9999
syaetc83xx-5,Z1AE-TC83XX-5C00,ZEBRA,9999
syaetc87-53,Z1AE-TC78XX-5300,ZEBRA,9999
syaevc80xx-3c1,Z1AE-VC80XX-3C10,ZEBRA,9999
syaevc83xx-3c,Z1AE-VC83XX-3C00,ZEBRA,9999
syaevc83xx-3c1,Z1AE-VC83XX-3C10,ZEBRA,9999
syaevc83xx-3cc,Z1AE-VC83XX-3CC0,ZEBRA,9999
syaevc83xx-5c,Z1AE-VC83XX-5C00,ZEBRA,9999
syaevc83xx-5c1,Z1AE-VC83XX-5C10,ZEBRA,9999
syaevc83xx-5c2,Z1AE-VC83XX-5C20,ZEBRA,9999
syaezd4x1-3c,Z1AE-ZD4X1-3C0,ZEBRA,9999
syaezq3x-3,Z1AE-ZQ3X-3C0,ZEBRA,9999
syaezq6x-3c,Z1AE-ZQ6X-3C10,ZEBRA,9999
syalltouchtrm1,SW-ALLTOUCHTE-TRM1,ZEBRA,9999
syalltouchtrm3,SW-ALLTOUCHTE-TRM3,ZEBRA,9999
syan2030,AN2030,ZEBRA,81
syand-ent,SWA-EB0SA00-0D01,ZEBRA,9999
syand-ent1y,SWA-EBAND-TRM1,ZEBRA,9999
syand-ent3y,SWA-EBAND-TRM3,ZEBRA,9999
syantmount,BRKT-70661-01R,ZEBRA,0
syantmount2,BRKT-70662-01R,ZEBRA,0
syasds3678-3c,Z1AS-DS3678-3C03,ZEBRA,9999
syasds4608-33,Z1AS-DS4608-3C03,ZEBRA,9999
syasds4608-53,Z1AS-DS4608-5C03,ZEBRA,9999
syasds9308-3c,Z1AS-DS9308-3C03,ZEBRA,9999
syasec30-3,Z1AS-EC30XX-3303,ZEBRA,9999
syasec30-5,Z1AS-EC30XX-5303,ZEBRA,9999
syasmc33xx-53,Z1AS-MC33XX-5C03,ZEBRA,9999
syasmc93xx-3c,Z1AS-MC93XX-3C03,ZEBRA,9999
syasmc93xx-5c,Z1AS-MC93XX-5C03,ZEBRA,9999
syastc21xx-5c,Z1AS-TC21XX-5C03,ZEBRA,9999
syastc52xx-3c,Z1AS-TC52XX-3C03,ZEBRA,9999
syastc52xx-5c,Z1AS-TC52XX-5C03,ZEBRA,9999
syastc72xx-3c,Z1AS-TC72XX-3C03,ZEBRA,9999
syastc72xx-5c,Z1AS-TC72XX-5C03,ZEBRA,9999
syasvc83xx-3c,Z1AS-VC83XX-3C03,ZEBRA,9999
syasvc83xx-5c,Z1AS-VC83XX-5C03,ZEBRA,9999
syaszd2x-3c3,Z1AS-ZD2X-3C03,ZEBRA,9999
syaszd2x-5c3,Z1AS-ZD2X-5C03,ZEBRA,9999
syaszd4x1-3c,Z1AS-ZD4X1-3C0,ZEBRA,9999
syaszd4x1-5c,Z1AS-ZD4X1-5C0,ZEBRA,9999
syavtc21xx-20,Z1AV-TC21XX-2000,ZEBRA,9999
syavtc2610-2,Z1AV-TC2610-2000,ZEBRA,9999
syb5emh250-10,Z1B5-EMH250-1000,ZEBRA,9999
syb5emh250-30,Z1B5-EMH250-3000,ZEBRA,9999
syb5emh250-50,Z1B5-EMH250-5000,ZEBRA,9999
syb5entbrx2-10,Z1B5-ENTBRX2-1000,ZEBRA,9999
syb5entbrx2-30,Z1B5-ENTBRX2-3000,ZEBRA,9999
sybat20x,KT-BTYMT-01R,ZEBRA,0
sybat3478,BTRY-LS34IAB00-00,ZEBRA,69
sybat4278,BTRY-LS42RAA0E-01,ZEBRA,201
sybatmc33,BTRY-MC33-7BLE-01,ZEBRA,0
sybeds4608-3,Z1BE-DS4608-3C00,ZEBRA,9999
sybeds4608-30,Z1BE-DS4608-3000,ZEBRA,9999
sybelt,11-08062-02R,ZEBRA,0
sybemc33xx-30,Z1BE-MC33XX-3C00,ZEBRA,9999
sybemc92xx-1c,Z1BE-MC92XX-1C00,ZEBRA,9999
sybemc93xx-30,Z1BE-MC93XX-3000,ZEBRA,9999
sybetc21xx-2c3,Z1BE-TC21XX-2C03,ZEBRA,9999
sybetc26xx-1c,Z1BE-TC26XX-1C00,ZEBRA,9999
sybetc26xx-2c3,Z1BE-TC26XX-2C03,ZEBRA,9999
sybetc52-1c,Z1BE-TC52XX-1C00,ZEBRA,9999
sybetc52-3,Z1BE-TC52XX-3000,ZEBRA,9999
sybetc52-3c,Z1BE-TC52XX-3C00,ZEBRA,9999
sybevc80xx-1c,Z1BE-VC80XX-1C00,ZEBRA,9999
syblebattc5x,KT-BTRY-TC5X-BTBCN4MA-10,ZEBRA,0
syc25-67592,25-67592-01R,ZEBRA,17
syc2563852,25-63852-01R,ZEBRA,0
sycab2meu,CS-CAB-EU-MLEAD,ZEBRA,13
sycab2muk,CS-CAB-UK-MLEAD,ZEBRA,8
sycabcc6,CS-CC6-IEC,ZEBRA,14
sycabdc451a1,CBL-DC-451A1-01,ZEBRA,21
sycabfu6,CBA-UF6-C09ZAR,ZEBRA,1103
sycabiec,CS-CAB-IEC,ZEBRA,9
sycabiecl,CS-CAB-IEC-L,ZEBRA,136
sycabiecuv,CS-UV-IEC,ZEBRA,5
sycabk10,CBA-K63-S07PAR,ZEBRA,0
sycablrd180,CBLRD-1B4001800R,ZEBRA,24
sycabm01-2,CBA-M61-S07ZAR,ZEBRA,1
sycabps2,CBL-DC-523A1-01,ZEBRA,0
sycabpss12,25-66431-01R,ZEBRA,288
sycabr01-2,CBA-R01-S07PBR,ZEBRA,218
sycabr02,CBA-R02-C09PAR,ZEBRA,46
sycabr03,CBA-R03-C12PAR,ZEBRA,29
sycabr08-2,CBA-R08-S07ZBR,ZEBRA,0
sycabr09,CBA-R09-C09ZAR,ZEBRA,0
sycabr102,CBA-R10-S07ZBR,ZEBRA,0
sycabr107,CBL-R10755-01,ZEBRA,41
sycabr207,CBL-R20755-01,ZEBRA,6
sycabr31,CBA-R31-C09ZAR,ZEBRA,0
sycabr37b,CBA-R37-C09ZBR,ZEBRA,0
sycabr51,CBA-R07-S07PAR,ZEBRA,16
sycabr52,CBA-RF3-C09ZAR,ZEBRA,0
sycabr71,CBA-R71-C09ZAR,ZEBRA,0
sycabrf1,CBA-RF1-C09PAR,ZEBRA,13
sycabrf2,CBA-RF2-C09ZAR,ZEBRA,13
sycabrf5,CBA-RF5-S07ZAR,ZEBRA,8
sycabshv,CS-CAB-SHV,ZEBRA,0
sycabu01,CBA-U01-S07ZAR,ZEBRA,235
sycabu01r,25-64396-01R,ZEBRA,0
sycabu03,CBA-U03-S07ZAR,ZEBRA,0
sycabu09,CBA-U09-C15ZAR,ZEBRA,0
sycabu10,CBA-U10-S15ZAR,ZEBRA,0
sycabu102,CBL-U10255-01,ZEBRA,0
sycabu107,CBL-U10755-01,ZEBRA,0
sycabu12,CBA-U12-C09ZAR,ZEBRA,166
sycabu20,CBL-U20755-01,ZEBRA,0
sycabu202,CBL-U20255-01,ZEBRA,0
sycabu23-2,CBA-U23-S07ZBR,ZEBRA,0
sycabu26,CBA-U26-S09EAR,ZEBRA,0
sycabu27,CBA-U27-S09EAR,ZEBRA,0
sycabu28-2,CBA-U28-C15ZBR,ZEBRA,0
sycabu29-2,CBA-U29-C15ZBR,ZEBRA,0
sycabu30-2,CBA-U30-S15ZBR,ZEBRA,0
sycabu32,CBA-U32-C09ZAR,ZEBRA,0
sycabu34,CBA-U34-C09ZAR,ZEBRA,0
sycabu42,CBA-U42-S07PAR,ZEBRA,150
sycabu43,CBA-U43-S07ZAR,ZEBRA,0
sycabu46,CBA-U46-S07ZAR,ZEBRA,364
sycabu47,CBA-U47-S15ZAR,ZEBRA,74
sycabu51,CBA-U51-S16ZAR,ZEBRA,47
sycabu52,CBA-U52-S16PAR,ZEBRA,0
sycabu53,CBA-UF2-C12ZAR,ZEBRA,5
sycabu54,CBA-U21-S07ZBR,ZEBRA,1970
sycabu65,CBA-U65-S07ZAR,ZEBRA,58
sycabuf1,CBA-UF1-S07ZAR,ZEBRA,0
sycabuf6,CBA-UF6-C12ZAR,ZEBRA,339
sycabuf8,CBA-UF8-C12ZAR,ZEBRA,0
sycabutc51,CBL-TC51-USB1-01,ZEBRA,259
sycc600,CC600-5-3200LNWW,ZEBRA,35
sycc6000l,CC6000-10-3200LCWW,ZEBRA,162
sycc6000p,CC6000-10-3200PCWW,ZEBRA,5
sycc66mtbra,BRKT-DPA-SK1-01,ZEBRA,1
sycc66mtbra-2,BRKT-DPA-SK1-02,ZEBRA,0
syciglight,CHG-AUTO-USB1-01,ZEBRA,730
syconvcab,WA4020-G2,ZEBRA,13
sycr6080,CR6080-SC400F4WW,ZEBRA,0
sycr6080-2,CR6080-BC40004WW,ZEBRA,0
sycrdet6x,CRD-ET6X-1SNWS-01,ZEBRA,9
sycrdtc22r,CRD-TC2R-SE4ET-01,ZEBRA,0
sycrdtc22r-2,CRDCUP-TC2R1U-01,ZEBRA,5
sycrdtc22r-3,CRDCUP-TC2R2E-01,ZEBRA,10
sycrdtc22r-4,CRD-TC2R-BS1CG-01,ZEBRA,0
sycrdtc22r-5,CRD-TC2R-BS4CG-01,ZEBRA,3
sycrdtc58w,CRD-TC58-WCVC-01,ZEBRA,0
sycrdtc5t,CS-CRD-LOC-TC5-T,ZEBRA,0
sycrdtc5x,CRD-TC5X-1SWS-01,ZEBRA,0
sycrdtc5x-4,CRD-TC5X-20S4BHC01,ZEBRA,0
sycrdtc5x-5,CRD-TC5X-1SNWS-01,ZEBRA,0
sycrdtc5xe,CRD-TC5X-2SETH-02,ZEBRA,33
sycrdtc5xins-2,CRD-TC5X-INSRT1-05,ZEBRA,0
sycrdtc7,CS-CRD-LOC-TC7-T,ZEBRA,0
sycrdtc7-1,CS-CRD-LOC-TC7,ZEBRA,0
sycs4070cr2,KT-CHS5000-1,ZEBRA,1
sycs4070cr8-2,KT-SAC5000-8000CR,ZEBRA,3
sycs6080,CR6080-SC100F4WW,ZEBRA,37
sycs6080-10,CS6080-SR40000TSVW,ZEBRA,6
sycs6080-11,CS6080-HCB00004P1W,ZEBRA,0
sycs6080-12,CS6080-SRK0004VZWW,ZEBRA,0
sycs6080-13,CS6080-SR40004VZWW,ZEBRA,124
sycs6080-14,CS6080-HCKF00BVZWW,ZEBRA,1
sycs6080-16,CS6080-SR40004VMWW,ZEBRA,13
sycs6080-18,CS6080-HC4F00BVMWW,ZEBRA,0
sycs6080-19,CS6080-SR400004QVW,ZEBRA,0
sycs6080-3,CR6080-PC100FBWW,ZEBRA,0
sycs6080-4,CR6080-SA40004WW,ZEBRA,0
sycs6080-5,CS6080-SR40000KSVW,ZEBRA,0
sycs6080-7,CS6080-HC4F00BVZWW,ZEBRA,22
sycs6080-9,CS6080-SR400004SVW,ZEBRA,17
sycs6080bat,BTRY-CS60EAB0E-04,ZEBRA,30
sycs6080cab,CBL-CS6-S07-04,ZEBRA,6
sycs6080cabw,CBL-CS6-S07-0B,ZEBRA,0
sycs6080convu,CVTR-U70060C-0B,ZEBRA,0
sycs6080convu2,CVTR-U70060C-04,ZEBRA,0
sycs6080cup,CUP-GS0060C-0B,ZEBRA,0
sycs6080cup2,CUP-GS0060C-04,ZEBRA,0
sycs6080hcbat,BTRY-CS60EABHE-0B,ZEBRA,0
sycs6080lany,LNYD-000060W-04,ZEBRA,95
sycs6080qi,CR6080-QZ1000XWW,ZEBRA,0
sycs6080sta,STND-GS0060C-04,ZEBRA,0
sycs6080sta2,STND-GS0060C-0B,ZEBRA,0
sycs6080sta3,STND-WS0060C-04,ZEBRA,0
sycs6080sta4,STND-WS0060C-0B,ZEBRA,0
sydc-15,CBL-DC-379A1-01,ZEBRA,42
sydc-7,CBL-DC-382A1-01,ZEBRA,233
sydc-8,CBL-DC-381A1-01,ZEBRA,1929
sydcadap,CBL-36-452A-01,ZEBRA,33
sydcycab,CBL-DC-392A1-02,ZEBRA,0
sydnacld-3,SW-DNACLOUD-3YR,ZEBRA,9999
sydnaebrup,SW-MDNA-ENT-EB-UPGRD,ZEBRA,9999
sydnaeup,SW-MDNA-BUNDLE-UPGRD,ZEBRA,9999
sydnaeval,SW-MDNA-BUNDLE-EVAL,ZEBRA,9999
syds2208aiw,DS2208-HC0000BZZRW,ZEBRA,0
syds2208b,DS2208-SR00007ZZWW,ZEBRA,0
syds2208bs,DS2208-SR7U2100SGW,ZEBRA,1354
syds2208bs2,DS2208-SR7U3200SGW,ZEBRA,36
syds2208cuk,DS2208-SR7U3200AZW,ZEBRA,45
syds2208hcu,DS2208-HCBU2100AZR,ZEBRA,653
syds2208us,DS2208-SR7U2100AZW,ZEBRA,0
syds2208uw,DS2208-SR6U2100AZW,ZEBRA,37
syds2208w,DS2208-SR00006ZZWW,ZEBRA,0
syds2208ws,DS2208-SR6U2100SGW,ZEBRA,0
syds2278bat,BTRY-DS22EAB0E-00,ZEBRA,217
syds2278bukit,DS2278-SR7UMC00AZW,ZEBRA,28
syds2278cl,DS2278-SR00006ZZWW,ZEBRA,0
syds2278clb,DS2278-SR00007ZZWW,ZEBRA,163
syds2278hcw,DS2278-HC0000BZZRW,ZEBRA,0
syds2278hpu,DS2278-HCBU2100PRR,ZEBRA,79
syds2278pbukit,DS2278-SR7U2100PRW,ZEBRA,3502
syds2278pre,CR2278-PC1000BRW,ZEBRA,0
syds2278precr,CR2278-PC10004WW,ZEBRA,52
syds2278pukit,DS2278-SR6U2100PRW,ZEBRA,5
syds2278ukit,DS2278-SR6UMC00AZW,ZEBRA,2
syds3408hold,21-52612-01R,ZEBRA,161
syds3608hd,DS3608-HD20003VZWW,ZEBRA,0
syds3608hp,DS3608-HP20003VZWW,ZEBRA,35
syds3608hpu,DS3608-HP3U4602VZW,ZEBRA,16
syds3608sr,DS3608-SR00003VZWW,ZEBRA,0
syds3608sru,DS3608-SR3U4600VZW,ZEBRA,0
syds3608u,DS3608-HD3U4602VZW,ZEBRA,0
syds3608xr,DS3608-XR60003VZWW,ZEBRA,430
syds3608xr-2,DS3608-XR3U4602ZVW,ZEBRA,0
syds3608xr-3,DS3608-XR3RF50BZVW,ZEBRA,0
syds3608xr-4,DS3608-XR3RF50AZVW,ZEBRA,3
syds364chg,SAC3600-KIT,ZEBRA,22
syds3678xr,DS3678-XR6F003VZWW,ZEBRA,0
syds3678xr-2,DS3678-XR3RF50AS1W,ZEBRA,0
syds3678xr-3,DS3678-XR3RF50BS1W,ZEBRA,0
syds3678xr-4,DS3678-XR3U4212SVW,ZEBRA,62
syds3678xr-5,DS3678-XR3U42A2SVW,ZEBRA,185
syds3678xr-6,DS3678-XR3U4602FVW,ZEBRA,0
syds4308cup,21-71043-04R,ZEBRA,78
syds4308stand,20-71043-04R,ZEBRA,7028
syds4308stand2,20-71043-0BR,ZEBRA,122
syds457brack,KT-65578-01R,ZEBRA,26
syds457brack2,KT-152342-01,ZEBRA,0
syds457mount,KT-145344-01,ZEBRA,0
syds457ucab,CBL-58926-04,ZEBRA,35
syds457ucab-2,CBL-58926-05,ZEBRA,55
syds4608,DS4608-SR00007ZZWW,ZEBRA,49
syds4608-10,DS4608-SR7U2100AZW,ZEBRA,180
syds4608-11,DS4608-SR7U2100SGW,ZEBRA,1158
syds4608-12,DS4608-HD7U2100SGW,ZEBRA,64
syds4608-15,DS4608-SR7U3200SGW,ZEBRA,0
syds4608-2,DS4608-SR00006ZZWW,ZEBRA,0
syds4608-3,DS4608-HD00007ZZWW,ZEBRA,0
syds4608-4,DS4608-HD00007ZCWW,ZEBRA,0
syds4608-5,DS4608-HC4000BVZWW,ZEBRA,0
syds4608-8,DS4608-HCBU2100AZW,ZEBRA,177
syds4608-9,DS4608-HD7U2100AZW,ZEBRA,9
syds4678,DS4678-SR7U2100SFW,ZEBRA,409
syds4678-2,DS4678-SR7U2100PFW,ZEBRA,39
syds4678-3,DS4678-SR00007ZZWW,ZEBRA,0
syds4678-4,DS4678-DPE0007VZRW,ZEBRA,0
syds4678-5,DS4678-DP7U210ESFR,ZEBRA,21
syds4678-6,DS4678-DP7U210EPFR,ZEBRA,0
syds5502,DS5502-SR40004ZZWW,ZEBRA,367
syds5502-2,DS5502-LB4000WZZWW,ZEBRA,1
syds5502-3,DS5502-SR4US70MMZW,ZEBRA,110
syds5502-4,DS5502-SR4US70MAZW,ZEBRA,0
syds5502-5,DS5502-SR4RS71MAZE,ZEBRA,0
syds7708tabm,11-TM0077-04,ZEBRA,0
syds8108-2,DS8108-SR7U2100SGW,ZEBRA,0
syds8108-3,DS8108-SR7U2100AZW,ZEBRA,170
syds8108-8,DS8108-HC4000BVZWW,ZEBRA,0
syds8108-9,DS8108-HCBU2104ZVW,ZEBRA,0
syds8108srb,DS8108-SR00007ZCWW,ZEBRA,0
syds8108stb,DS8108-SR00007ZZWW,ZEBRA,1
syds8108stw,DS8108-SR00006ZZWW,ZEBRA,0
syds8178,DS8178-SR0F006ZMWW,ZEBRA,2
syds8178b,DS8178-SR0F007ZZWW,ZEBRA,24
syds8178bat,BTRY-DS81EAB0E-00,ZEBRA,516
syds8178cap,DS8178-SRSF007ZZWW,ZEBRA,0
syds8178cap2,DS8178-HCSF00BVMWW,ZEBRA,0
syds8178hcu,DS8178-HCBU210MP5W,ZEBRA,12
syds8178hcu2,DS8178-HCBU210MS5W,ZEBRA,228
syds8178hcu4,DS8178-HCBU210FP5W,ZEBRA,9
syds8178mf,DS8178-HCMF00BVMWW,ZEBRA,4
syds8178pusw,DS8178-SR7U2100PFW,ZEBRA,314
syds8178sw,DS8178-SR700000SFW,ZEBRA,24
syds8178u-2,DS8178-HCBU210SP5W,ZEBRA,0
syds8178u-3,DS8178-HCBU210SS5W,ZEBRA,0
syds8178usw,DS8178-SR7U2100SFW,ZEBRA,0
syds8208,DS8208-SR40004VCWW,ZEBRA,0
syds8208-2,DS8208-SR4U2104ZVW,ZEBRA,173
syds8208-3,DS8208-SR40004VZWW,ZEBRA,14
syds8208hc,DS8208-HC4000BVZWW,ZEBRA,0
syds8208hc-2,DS8288-HCMF00BVMWW,ZEBRA,0
syds8208hc-3,DS8288-HCPF00BVMWW,ZEBRA,0
syds8208hc-cr,CR8288-SC100FBWW,ZEBRA,0
syds8208hc-cr-2,CR8288-PC100FBWW,ZEBRA,0
syds8208hc-kit,DS8208-HCBU2104ZVW,ZEBRA,0
syds8208hc-kit-2,DS8288-HCBU210MPAW,ZEBRA,0
syds8208hc-kit-3,DS8288-HCBU210MSAW,ZEBRA,0
syds8208hc-kit-4,DS8288-HCBU210PPAW,ZEBRA,0
syds8208hc-kit-5,DS8288-HCBU210PSAW,ZEBRA,0
syds8208hc-stnd-2,STND-WS0082C-0B,ZEBRA,0
syds8208hc-stnd-3,CUP-GS0082C-0B,ZEBRA,0
syds8208stand,STND-GS0082C-04,ZEBRA,9
syds8208stand-2,STND-WS0082C-04,ZEBRA,8
syds8288,DS8288-SRPF004VZWW,ZEBRA,0
syds8288-2,DS8288-SR4F004VZWW,ZEBRA,0
syds8288-3,DS8288-SR4F004VMWW,ZEBRA,0
syds8288-4,DS8288-SR4U2104PVW,ZEBRA,189
syds8288-5,DS8288-SR4U2104SVW,ZEBRA,0
syds8288-6,DS8288-SR4U210PPVW,ZEBRA,0
syds8288-7,DS8288-SR4U210PSVW,ZEBRA,0
syds8288bat,BTRY-DS82EAB0E-00,ZEBRA,299
syds8288crd,CR8288-PC100F4WW,ZEBRA,67
syds8288crd-2,CR8288-SC100F4WW,ZEBRA,342
syds8288pcap,SUPR-DS82EAB0E-00,ZEBRA,0
syds9308-2,DS9308-SR0000WZZWW,ZEBRA,25
syds9308-3,DS9308-SR00004ZZWW,ZEBRA,61
syds9308-4,DS9308-SR00004ZCWW,ZEBRA,0
syds9308-5,DS9308-SR4U2100AZE,ZEBRA,1755
syds9308-7,DS9308-SR4U2100AZW,ZEBRA,0
syds9308-8,DS9308-SRWU2100AZE,ZEBRA,598
syds9308bras,BRKT-MM0093C-04,ZEBRA,0
syds9308bras2,BRKT-LM0093C-04,ZEBRA,32
syds9308braw,BRKT-MM0093C-0W,ZEBRA,0
syds9908,DS9908-SR00004ZZWW,ZEBRA,49
syds9908-2,DS9908-SR00004ZCWW,ZEBRA,0
syds9908-4,DS9908-SR4U2100AZW,ZEBRA,156
syds9908-5,DS9908-SR4R0110AZE,ZEBRA,0
syds9908-6,DS9908-HD4000WZZWW,ZEBRA,44
syds9908-8,DS9908-SRR0004ZZEU,ZEBRA,16
syec30adp,SG-EC30-ADP1-01,ZEBRA,0
syec30brkt,BRKT-EC30-10SC1-01,ZEBRA,1
syec30dock10-2,CRD-EC30-10SLC1-01,ZEBRA,1
syec30lan,SG-EC30-RLYD1-01,ZEBRA,0
syec30prot,SG-EC30-SCRNP1-05,ZEBRA,0
syec30retr,SG-EC30-RCB1-01,ZEBRA,0
syec5xbat,BTRY-EC5X-ST1-01,ZEBRA,0
syec5xbat-2,BTRY-EC5X-EX1-01,ZEBRA,0
syec5xboot,SG-EC5X-BOOT1-01,ZEBRA,0
syec5xdock,CRD-EC5X-1SCUE-01,ZEBRA,0
syec5xdock-2,CRD-EC5X-1SCU-01,ZEBRA,0
syec5xdock4-2,CRD-EC5X-4SCO-01,ZEBRA,1
syec5xdock5e,CRD-EC5X-SE5ET-01,ZEBRA,0
syec5xdockcrd,CRD-EC5X-1SWS-01,ZEBRA,9
syec5xhold,CRD-EC5X-VCH1-01,ZEBRA,0
syec5xholst,SG-EC5X-HLSTR1-01,ZEBRA,167
syec5xhstrap,SG-EC5X-HSTRP1-01,ZEBRA,0
syec5xscrnp,SG-EC5X-SCRNPT1-01,ZEBRA,0
syec5xtrgsnp,TRG-EC5X-SNP1-01,ZEBRA,0
syec5xusbcbl-2,CBL-EC5X-USBC3A-01,ZEBRA,169
syecabmount,CS-CAB-MNTG-C6,ZEBRA,0
syecabmount1,CS-CAB-MNTG-C6-R1,ZEBRA,2
syecabshelf,CS-CAB-SHV-EXT-SS,ZEBRA,14
syecabshelf2,CS-CAB-SHV-SS,ZEBRA,33
syem45,EM45B2-3T106B0-RW,ZEBRA,9
syem45-2,EM45B2-3T106B0-EA,ZEBRA,201
syem45-3,EM45B1-3T106B0-A6,ZEBRA,0
syem45case,SG-EM45EXO1-01,ZEBRA,0
syem45case-2,SG-EM45-SCRNPT1-1,ZEBRA,70
syerdp,PSERDP-SWLIC,ZEBRA,9999
syet40-10,ET40AB-0H1C2B0-A6,ZEBRA,0
syet40-2,ET40AB-001C1B0-A6,ZEBRA,0
syet40-3,ET40AB-0H1C1B0-A6,ZEBRA,0
syet40-7,ET40AA-001C2B0-A6,ZEBRA,0
syet40-8,ET40AB-001C1BM-A6,ZEBRA,0
syet401,ET4010A-001C1B0P-A6,ZEBRA,36
syet401-10,ET401EA-30101B2P-A6,ZEBRA,0
syet401-11,ET4010B-00101B0P-A6,ZEBRA,0
syet401-12,ET401EB-30101B2P-A6,ZEBRA,0
syet401-14,ET4010B-0V101F0P-A6,ZEBRA,0
syet401-16,ET4010A-0V101F0P-A6,ZEBRA,0
syet401-17,ET401EA-3V101F2P-A6,ZEBRA,0
syet401-2,ET401EA-301P1B2P-A6,ZEBRA,40
syet401-3,ET4010B-001C1B0P-A6,ZEBRA,88
syet401-4,ET401EB-301P1B2P-A6,ZEBRA,0
syet401-5,ET4010A-001C2B0P-A6,ZEBRA,95
syet401-6,ET401EA-301P2B2P-A6,ZEBRA,120
syet401-7,ET4010B-001C2B0P-A6,ZEBRA,0
syet401-8,ET401EB-301P2B2P-A6,ZEBRA,0
syet401-9,ET4010A-00101B0P-A6,ZEBRA,29
syet401bat,BTRY-ET401-10INC-01,ZEBRA,0
syet401bat-2,BTRY-ET401-08INC-01,ZEBRA,0
syet401boot,SG-ET401-10EXO-01,ZEBRA,0
syet401boot-2,SG-ET401-08EXO-01,ZEBRA,0
syet401boot-3,SG-ET401-10EXO-02,ZEBRA,28
syet401boot-4,SG-ET401-08EXO-02,ZEBRA,43
syet401cradle,CRD-ET4A-1SCG1-01,ZEBRA,193
syet41ccrd-3,CRD-TC2L-1SNWS-01,ZEBRA,23
syet41ccrd-5,CRD-ET4X-1SNWS-02,ZEBRA,0
syet41crd,CRD-ET4X-1SCG1-01,ZEBRA,400
syet44chgcrd,CRD-ET4X-4S10I1-01,ZEBRA,17
syet44chgcrd2,CRD-ET4X-4S8I1-01,ZEBRA,2
syet45-2,ET45CB-101D1B0-A6,ZEBRA,0
syet45-4,ET45CB-1H1C1B0-A6,ZEBRA,10
syet45-5,ET45CB-101D2B0-A6,ZEBRA,0
syet48exback,ZBK-ET4X-8BTRYBK1-01,ZEBRA,64
syet4batcov,MISC-ET4X-BTDPS-01,ZEBRA,13
syet4boot,SG-ET4X-10EXOSKL1-01,ZEBRA,2045
syet4boot2,SG-ET4X-8EXOSKL1-01,ZEBRA,282
syet4dcl,CBL-DC-388A2-01,ZEBRA,111
syet4dclip,SG-ET4X-DCLIPS-01,ZEBRA,371
syet4exback,ZBK-ET4X-10BTRYBK1-01,ZEBRA,221
syet4hexback,ZBK-ET4X-10HCVESA-01,ZEBRA,0
syet4hstrap,SG-ET4X-HCHNDSTR1-01,ZEBRA,0
syet4scrprot,3PTY-INF-ZEB-ET4X10,ZEBRA,53
syet4stand,STND-ET4X-10POS1-01,ZEBRA,6
syet4x,MISC-ET4X-PBTDS-01,ZEBRA,0
syet4xback,ZBK-ET4X-10VESA-01,ZEBRA,220
syet4xback2,ZBK-ET4X-8PAYPD201-01,ZEBRA,44
syet4xbat,BTRY-ET4X-10IN1-01,ZEBRA,75
syet4xbat8,BTRY-ET4X-8IN1-01,ZEBRA,0
syet4xcrdcup,CRDCUP-4S-ET5TOET4,ZEBRA,0
syet4xmbrack,BRKT-ET4X-DSKPS-01,ZEBRA,0
syet4xtada,ADP-ET4X-10T4S1-04,ZEBRA,0
syet4xtada8,ADP-ET4X-8T4S1-04,ZEBRA,0
syet50bat2,BTRY-ET5X-PRPK2-01,ZEBRA,418
syet50strap,SG-ET5X-HNDSTP-01,ZEBRA,77
syet51exbat,BTRY-ET5X-10IN5-01,ZEBRA,4
syet51kitand-uk,KIT-ET51CE-RTL-00-GB,ZEBRA,1
syet55-12,ET55GE-G15E-00A6,ZEBRA,22
syet55-13,ET55GE-L15E-00A6,ZEBRA,3
syet55-16,ET55TE-G15E-00A6-EU,ZEBRA,2
syet56kitand,KIT-ET56CE-FLD-00-EU,ZEBRA,1
syet5chg4,SAC-ET5X-4PPK1-01,ZEBRA,62
syet5x10scn7-02,ZBK-ET5X-10SCN7-02,ZEBRA,15
syet5xbat10-3,BTRY-ET5X-10IN3-02,ZEBRA,91
syet5xbatp8,BTRY-ET5X-8IN5-01,ZEBRA,3
syet5xcha,CRD-ET5X-SE4CO2-01,ZEBRA,1
syet5xcha-2,CRD-ET5X-SE4CO3-01,ZEBRA,2
syet5xframio,SG-ET5X-10RCSE4-01,ZEBRA,0
syet5xhols,SG-ET5X-8RCSE2-02,ZEBRA,36
syet5xslot,CRD-ET5X-1SCG2,ZEBRA,45
syet5xsstrap,SG-ET5X-SHDRSTP-01,ZEBRA,343
syet6xchg,SAC-ET6X-2SCHG-01,ZEBRA,231
syez1aeem45-33,Z1AE-EM45XX-3300,ZEBRA,9999
syfd40tc2x,CRD1S0T-RFD40-TC2X-COM-1R,ZEBRA,0
syfx9600brac,BRKT-FX96-SVMP-01,ZEBRA,0
syhc2l5l,SG-HC2L5L-HSTRP-01,ZEBRA,0
syhc2l5lbat,BTRY-HC2L5L-2XMAXB,ZEBRA,114
syhc2l5lc,SG-HC2L5L-CLIP-01,ZEBRA,129
syhc2l5lcrd5,CRD-HC2L5L-BS5CO,ZEBRA,7
syhc2l5lcrdcup,CRDCUP-HC2L5L-05,ZEBRA,0
syhc2l5lcrdcup1,CRDCUP-HC2L5L-01,ZEBRA,29
syhc2l5lcrds1,CRD-HC2L5L-BS1CO,ZEBRA,34
syhc2l5lcrdsc,CRD-HC2L5L-2S1D1B,ZEBRA,0
syhc2l5lcup,BTRCUP-HC2L5L-01,ZEBRA,0
syhc2xchg,SAC-HC2L5L-4SCHG,ZEBRA,0
syhdusbc-01,HDST-USBC-PTT1-01,ZEBRA,0
syhs2100oth,HS2100-OTH,ZEBRA,0
syhs31008chg,SAC-HS3100-B8-01,ZEBRA,10
syhs3100bat,BTRY-HS3100-HS1-01,ZEBRA,83
syhs3100bths,HS3100-OTH,ZEBRA,257
syhs3100chg8,SAC-HS3100-B8W8-01,ZEBRA,1
syhsx100-10,KT-HSX100-OTH1-10,ZEBRA,0
syhsx100-20,KT-HSX100-EPL1-20,ZEBRA,0
syhsx100f-20,KT-HSX100-EPF1-20,ZEBRA,90
syhsx100wind,KT-HSX100-MWS1-50,ZEBRA,82
syhu6030,HU6030,ZEBRA,6
syhx100hband,HSX100-OTH-HB-01,ZEBRA,0
syidgd-1y,SW-IDGUARDIAN-1YR,ZEBRA,9999
syidgd-3y,SW-IDGUARDIAN-3YR,ZEBRA,9999
syidgd-5y,SW-IDGUARDIAN-5YR,ZEBRA,9999
syis22x,20-61019-01R,ZEBRA,707
syis22xsw,20-61019-02R,ZEBRA,1454
syis67xgos,20-70738-01R,ZEBRA,502
sylanyard,50-12500-066,ZEBRA,102
syli2208s,LI2208-SR00007ZZWW,ZEBRA,64
syli2208stands,20-61022-04R,ZEBRA,1658
syli2208us,LI2208-SR7U2100AZW,ZEBRA,238
syli2208uss,LI2208-SR7U2100SGW,ZEBRA,64
syli3608,LI3608-SR00003VZWW,ZEBRA,46
syli3608-2,LI3608-ER20003VZWW,ZEBRA,31
syli3608-3,LI3608-ER3U4600ZVW,ZEBRA,71
syli3608u,LI3608-SR3U4600VZW,ZEBRA,1
syli3678,LI3678-SR3U4210S1W,ZEBRA,0
syli3678-2,LI3678-SR3U42A0S1W,ZEBRA,0
syli3678-3,LI3678-SR0F003VZWW,ZEBRA,0
syli3678-4,LI3678-ER2F003VZWW,ZEBRA,20
syli3678-5,LI3678-ER3U42A0S1W,ZEBRA,0
syli4278pu,LI4278-PRWU2100AWR,ZEBRA,0
syli4278s,LI4278-SR20007WR,ZEBRA,17
syli4278u2,LI4278-TRWU0100ZER,ZEBRA,0
syli4278usw2,LI4278-TRBU0100ZER,ZEBRA,339
syli4278w,LI4278-SR20001WR,ZEBRA,0
syls3578fcr,FLB3578-C0007WR,ZEBRA,0
sylsmount2,KT-SCANMNT-VC80-R,ZEBRA,75
sym7090uca,25-68596-01R,ZEBRA,186
symc17mount,PSS-3SH01-00R,ZEBRA,805
symc18bat10-2,BTRY-MC18-33MA-10,ZEBRA,0
symc18cabcon,CBL-MC18-EXINT1-01,ZEBRA,370
symc18cabu,CBL-MC18-USB1-01,ZEBRA,0
symc18cr,CRD-MC18-1SLOT-01,ZEBRA,157
symc18cr3,CRD-MC18-3SLCKH-01,ZEBRA,247
symc18cr4,KT-MC18-CKEY-20,ZEBRA,13
symc18nlcr3,CRD-MC18-3SLOTH-01,ZEBRA,3
symc18reboot,KT-MC18-REBOOT-05,ZEBRA,0
symc22-2,KT-MC220K-2B3S3RW,ZEBRA,0
symc22-4,MC220K-2B3S3RW,ZEBRA,0
symc22bat,BTRY-MC2X-35MA-01,ZEBRA,263
symc22batchg4,SAC-MC2X-4SCHG-01,ZEBRA,44
symc22bath,BTRY-MC2X-49MA-01,ZEBRA,0
symc22boot,SG-MC2X-RB1-01,ZEBRA,253
symc22boott,SG-MC2X-RBH2-01,ZEBRA,65
symc22crd,CRD-MC2X-1SCU-01,ZEBRA,16
symc22crd4,CRD-MC2X-4SC4BC-01,ZEBRA,9
symc22holst,SG-MC2X-HLSTR-01,ZEBRA,20
symc22hstrap,SG-MC2X-HSTRP-01,ZEBRA,39
symc22hwtrap,SG-MC2X-HSTRPH-01,ZEBRA,0
symc22prot,MISC-MC2X-SCRNPT-01,ZEBRA,4
symc22protkit,KIT-MC2X-CPRTCT-01,ZEBRA,0
symc27-2,KT-MC27BK-2B3S3RW,ZEBRA,0
symc27-3,MC27BK-2B3S3RW,ZEBRA,0
symc2x5charge,CRD-MC2X-5SCHG-01,ZEBRA,16
symc2xbat,BTRY-MC2X-35MA-IN,ZEBRA,0
symc2xcharge,CRD-MC2X-2SUCHG-01,ZEBRA,26
symc2xsnap,TRG-MC2X-SNP1-01,ZEBRA,69
symc3000boot,11-70899-04R,ZEBRA,0
symc3090rb,11-72959-04R,ZEBRA,0
symc30holster,SG-MC3021212-01R,ZEBRA,0
symc31ghstrap,SG-MC3123242-01R,ZEBRA,0
symc31strap,SG-MC3123244-01R,ZEBRA,0
symc32adap2,ADP-MC32-CUP0-04,ZEBRA,0
symc32bat,BTRY-MC32-52MA-01,ZEBRA,51
symc32bat10,BTRY-MC32-52MA-10,ZEBRA,9
symc332batchg,SAC-MC33-20SCHG-01,ZEBRA,96
symc334ecrd,CRD-MC33-4SE4BC-01,ZEBRA,0
symc3354chg,CRD-MC33-4SC4BC-01,ZEBRA,378
symc335chg,CRD-MC33-5SCHG-01,ZEBRA,23
symc335ecrd,CRD-MC33-5SETH-01,ZEBRA,10
symc33bat,BTRY-MC33-52MA-01,ZEBRA,1119
symc33bat01,BTRY-MC33-70MA-01,ZEBRA,1526
symc33bat10,BTRY-MC33-52MA-10,ZEBRA,86
symc33batchg,SAC-MC33-4SCHG-01,ZEBRA,327
symc33batp,BTRY-MC33-70MA-10,ZEBRA,156
symc33boot,SG-MC33-RBTG-01,ZEBRA,1424
symc33boot3,SG-MC33-RBTS-01,ZEBRA,343
symc33crd,CRD-MC33-2SUCHG-01,ZEBRA,101
symc33crdkit,KT-CRD-MC33-2SUCHG-01,ZEBRA,86
symc33flmount,MNT-MC33-FLCH-01,ZEBRA,0
symc33holster,SG-MC33-RDHLST-01,ZEBRA,11
symc33lan,SG-MC33-LNYDB-01,ZEBRA,0
symc33protect,MISC-MC33-SCRN-01,ZEBRA,113
symc33strap,SG-MC33-HDSTPG-01,ZEBRA,1147
symc33strap2,SG-MC33-HDSTPB-01,ZEBRA,12
symc33ucab,CBL-MC33-USBCHG-01,ZEBRA,60
symc3401-prot,MISC-MC34-SCRN-01,ZEBRA,274
symc345bhdsp,SG-MC34-HDSTPB-01,ZEBRA,0
symc345brbts,SG-MC34-RBTS-01,ZEBRA,0
symc34boot,SG-MC34-RBTG-01,ZEBRA,613
symc3xbat1,BTRY-MC3X-70MA-01,ZEBRA,1316
symc3xsholst,SG-MC3X-SHLSTB-01,ZEBRA,62
symc55a0bat,BTRY-MC55EAB02-H,ZEBRA,0
symc55bat2,BTRY-MC55EAB02,ZEBRA,27
symc55bat2-10,BTRY-MC55EAB02-10,ZEBRA,3
symc55bat2-50,BTRY-MC55EAB02-50,ZEBRA,0
symc55hcbat10,BTRY-MC55EAB02-10H,ZEBRA,0
symc70psuc,50-16000-182R,ZEBRA,2
symc70wl,SWE-82990-02,ZEBRA,9999
symc9000clip,KT-70147-01R,ZEBRA,0
symc904cdr2,CRD9101-4001CR,ZEBRA,0
symc904ecrd3,CRD9101-411EES,ZEBRA,0
symc909xholst,SG-MC9121112-01R,ZEBRA,0
symc90chgnt,PWRS-14000-242R,ZEBRA,0
symc90cr,CRD9000-1001SR,ZEBRA,14
symc90mount,KT-61498-01R,ZEBRA,0
symc90powcon,PWRS-14000-252R,ZEBRA,3
symc90powcon2,PWRS-14000-251R,ZEBRA,0
symc90strap,KT-66447-03R,ZEBRA,0
symc90xadap,ADP9000-110R,ZEBRA,7
symc92crd4e,CRD9101-4001ER,ZEBRA,0
symc93bat,BTRY-MC93-STN-01,ZEBRA,1193
symc93bat10,BTRY-MC93-STN-10,ZEBRA,50
symc93bat16chg,SAC-MC93-16SCHG-01,ZEBRA,51
symc93bat4chg,SAC-MC93-4SCHG-01,ZEBRA,452
symc93batfr,BTRY-MC93-FRZ-01,ZEBRA,265
symc93batfr10,BTRY-MC93-FRZ-10,ZEBRA,7
symc93batni,BTRY-MC93-NI-01,ZEBRA,0
symc93boot,SG-MC93-RBTG-01,ZEBRA,1034
symc93chgadap,ADP-MC93-CRDCUP-01,ZEBRA,7
symc93crd,CRD-MC93-2SUCHG-01,ZEBRA,218
symc93crd4,CRD-MC93-4SCHG-01,ZEBRA,45
symc93ecrd4,CRD-MC93-4SETH-01,ZEBRA,5
symc93holst,SG-MC9X-SHLSTG-01,ZEBRA,217
symc93hstrap,SG-MC93-HDSTPG-01,ZEBRA,63
symc93kypd,KYPD-MC9334FNR-01,ZEBRA,0
symc93kypd-2,KYPD-MC9343FN-01,ZEBRA,0
symc93kypd-3,KYPD-MC93535250-01,ZEBRA,0
symc93kypd-4,KYPD-MC9353ANR-01,ZEBRA,0
symc93kypd-6,KYPD-MC9358ANR-10,ZEBRA,0
symc93kypd-7,KYPD-MC9358ANR-01,ZEBRA,0
symc93kypd-8,KYPD-MC9329NMR-01,ZEBRA,0
symc93sprot,MISC-MC93-SCRN-01,ZEBRA,157
symc93ucab,CBL-MC93-USBCHG-01,ZEBRA,53
symc93un,MNT-MC93-FLCH-01,ZEBRA,80
symc94batble,BTRY-MC94-BLE-01,ZEBRA,0
symc9500cabu,25-124330-01R,ZEBRA,292
symc9prot,KT-151827-03R,ZEBRA,0
symc9xbat-01,BTRY-MC9X-26MA-01,ZEBRA,253
symc9xbat-01isk,BTRY-MC9X-26ISK-01,ZEBRA,0
symc9xbat-10,BTRY-MC9X-26MA-10,ZEBRA,100
symcctool,KT-MC18-CTOOL-01,ZEBRA,0
symcpsadap,PWR-BUA5V16W0WW,ZEBRA,379
symk500wall,21-118517-01R,ZEBRA,11
symkucab,25-119281-01R,ZEBRA,0
symkwall2,KT-152097-03,ZEBRA,33
symkwall3,KT-152098-03,ZEBRA,0
symp7200,MP7200-SNS0N000WW,ZEBRA,91
symp7200-2,MP7200-MNSLN000WW,ZEBRA,0
symp7200-3,MP7200-MNSLL000WW,ZEBRA,0
symp7200-4,MP7200-MNS0N000WW,ZEBRA,0
symp7200-5,MP7200-MNDLN000WW,ZEBRA,0
symp7200-6,MP7200-MNDLL000WW,ZEBRA,0
symp7200-7,MP7200-LNS0N000WW,ZEBRA,0
symt204cr,KT-STB2000-C4WW,ZEBRA,0
symt2090belt,11-35035-01R,ZEBRA,0
symt20stand,20-118136-01R,ZEBRA,0
symt4200,MT4200,ZEBRA,36
symt4205,MT4205,ZEBRA,0
symt4301,MT4301,ZEBRA,163
symt4302,MT4302,ZEBRA,109
symt507rs,KT-STRPT-RS507-10R,ZEBRA,16
synt12108w,PWR-BGA12V108W0WW,ZEBRA,1484
synt1250cab,CBL-DC-388A1-01,ZEBRA,4129
synt1250cab-3,CBL-DC-383A1-01,ZEBRA,384
synt1250cab-4,CBL-DC-375A1-01,ZEBRA,0
synt1250w,PWR-BGA12V50W0WW,ZEBRA,5390
synt1250wkit,KIT-PWR-12V50W,ZEBRA,4129
synt240v-6,PWR-BGA24V78W1WW,ZEBRA,43
synt240vlc,23844-00-00R,ZEBRA,52
synt240vpwrspply,PWR-BGA24V78W7WW,ZEBRA,30
syntc5x,CRD-NTC5X-1SNWS-01,ZEBRA,0
syntc5x-1,CRD-NTC5X-1SNHP-01,ZEBRA,0
syntc7x,CRD-NTC7X-1SNWS-01,ZEBRA,0
synx6500,NX-6500-0000-00-WR,ZEBRA,1
sypclipps,3PTY-PCLIP-945082,ZEBRA,0
sypd40wld,SG-PD40-WLD1-01,ZEBRA,278
sypowcab,CA1210,ZEBRA,289
sypowcab2,CA1220,ZEBRA,0
syproclip,3PTY-PCLIP-945081,ZEBRA,2
syproclipcrd,3PTY-PCLIP-241424,ZEBRA,0
syproclipcrd-2,3PTY-PCLIP-241389,ZEBRA,0
syproclipcrd-8,3PTY-PCLIP-216384,ZEBRA,0
syps1370,PS1370,ZEBRA,203
syps1450,PS1450,ZEBRA,51
syps20bat10,BTRY-PS20-35MA-10,ZEBRA,0
syps20cabu,CBL-PS20-USBCHG-01,ZEBRA,0
syps20protect,MISC-PS20-SCRN-05,ZEBRA,0
syps20sholst,SG-PS20-SFTHLT-01,ZEBRA,0
syps20ycab,CBL-DC-393A1-02,ZEBRA,118
syps30jb,PS30JB-0H1A600,ZEBRA,0
syps30jp,PS30JP-0H1A600,ZEBRA,786
sypsaw,PWR-WUA5V6W0WW,ZEBRA,98
sypsu24v,PWR-BGA24V150W1WW,ZEBRA,0
sypsub24v-3,PWR-BGA24V78W4WW,ZEBRA,412
sypulley,50-15400-031,ZEBRA,93
sypwrcordjp,50-16000-218R,ZEBRA,0
syraceu,CS-RAC-EU-MLEAD,ZEBRA,0
syracuk,CS-RAC-UK-MLEAD,ZEBRA,1
syrailbase,MT3510,ZEBRA,0
syram246u,RAM-246U,ZEBRA,70
syram396u,RAP-396U,ZEBRA,0
syramb166u,RAM-B-166U,ZEBRA,149
syrch5xadap2,25-124387-02R,ZEBRA,0
syrch5xadap3,25-124412-03R,ZEBRA,352
syrehc20xx-1c,Z1RE-HC20XX-1C00,ZEBRA,9999
syrehc20xx-2c,Z1RE-HC20XX-2C00,ZEBRA,9999
syrel10-1,Z1RE-L10WXX-1C00,ZEBRA,9999
syremc32xx-2c,Z1RE-MC32XX-2C00,ZEBRA,9999
syremc33xx-1c,Z1RE-MC33XX-1C00,ZEBRA,9999
syremc33xx-2c,Z1RE-MC33XX-2C00,ZEBRA,9999
syremc93xx-1c0,Z1RE-MC93XX-1C00,ZEBRA,9999
syretc52-1,Z1RE-TC52XX-1C00,ZEBRA,9999
syretc72xx-2c,Z1RE-TC72XX-2C00,ZEBRA,9999
syretc77xx-1c,Z1RE-TC77XX-1C00,ZEBRA,9999
syretc77xx-1c1,Z1RE-TC77XX-1C10,ZEBRA,9999
syretc77xx-20,Z1RE-TC77XX-2C00,ZEBRA,9999
syrevc80xx-2c,Z1RE-VC80XX-2C00,ZEBRA,9999
syrf85bat,BTRY-RF85-44MA1-01,ZEBRA,0
syrfd2000eu,RFD2000-1000100-EU,ZEBRA,122
syrfd40,RFD4030-G00B700-WR,ZEBRA,0
syrfd40-2,RFD4030-G00B700-E8,ZEBRA,48
syrfd40-3,RFD4031-G10B700-E8,ZEBRA,98
syrfd40-4,RFD4031-G00B700-E8,ZEBRA,0
syrfd40-5,RFD4031-G00B700-WR,ZEBRA,0
syrfd4051,RFD4051-G10B700-WR,ZEBRA,0
syrfd4051-2,RFD4051-G10B700-E8,ZEBRA,0
syrfd40btadp,ADP-RFD40-TC5X-0R,ZEBRA,154
syrfd40btauc,ADP-RFD40-BT-1R,ZEBRA,0
syrfd40cov,ADP-RFD40-BLNK-1R,ZEBRA,0
syrfd40tc,CR40-1S0T-TC2-G-02,ZEBRA,122
syrfd4m,MNT-RFD49-UNPWR-01,ZEBRA,8
syrfd8500crd,CRD1S-RFD8500-1R,ZEBRA,0
syrfd8500crd4,CRD4S-RFD8500-1R,ZEBRA,0
syrfd8500crd4-2r,CRD4S-RFD8500-2R,ZEBRA,0
syrfd85batmount,KT-QUADOOR-100,ZEBRA,10
syrfd85cr,CRDUNIV-RFD8500-1R,ZEBRA,0
syrfd85ipodmnt,KT-IPODTCH-100,ZEBRA,2
syrfd90,RFD9031-G30G700-E8,ZEBRA,0
syrfd90-2,RFD9031-G60G700-E8,ZEBRA,2
syrfd90-3,RFD9091-G30G700-E8,ZEBRA,0
syrfd90-4,RFD9091-G60G700-E8,ZEBRA,17
syrfd90-5,RFD9091-G60G700-WR,ZEBRA,2
syrfd90-6,RFD9091-G30G700-WR,ZEBRA,0
syrfd90-7,RFD9031-G60G700-WR,ZEBRA,0
syrfd90-8,RFD9031-G30G700-WR,ZEBRA,0
syrfd90base,CR90-1S0T-TC2-M-01,ZEBRA,3
syrfd90base-2,CR90-1S0T-TC5-M-01,ZEBRA,50
syrfd90base-3,CR90-1S0T-TC7-M-01,ZEBRA,5
syrfd90base-4,CR90-3S4T-TC2-M-01,ZEBRA,0
syrfd90base-5,CR90-3S4T-TC5-M-01,ZEBRA,0
syrfd90base-6,CR90-3S4T-TC7-M-01,ZEBRA,0
syrfd90btadap,ADP-RFD90-BLNK-1R,ZEBRA,0
syrfd90btadap-2,ADP-RFD90-TC2X-1R,ZEBRA,14
syrfd90btadap-3,ADP-RFD90-TC5X-0R,ZEBRA,44
syrfd90btadap-4,ADP-RFD90-TC7X-1R,ZEBRA,0
syrfd90btadap-5,ADP-RFD90-TC5X-2R,ZEBRA,0
syrfd90crd,CR90-1S0T-TC2-G-01,ZEBRA,0
syrfd90crd-2,CR90-1S0T-TC5-G-01,ZEBRA,13
syrfd90crd-3,CR90-1S0T-TC7-G-01,ZEBRA,0
syrfd90crd-4,CR90-3S4T-TC2-G-01,ZEBRA,30
syrfd90crd-5,CR90-3S4T-TC5-G-01,ZEBRA,0
syrfd90crd-6,CR90-3S4T-TC7-G-01,ZEBRA,0
syrfd90crdcup,CUP-RFD90-TC2X-1R,ZEBRA,57
syrfd90crdcup-2,CUP-RFD90-TC5X-1R,ZEBRA,42
syrfd90crdcup-3,CUP-RFD90-TC7X-1R,ZEBRA,30
syrfd90ecadap,ADP-RFD90-TC5X-1E,ZEBRA,0
syrfd90ecadap-2,ADP-RFD90-TC7X-1E,ZEBRA,4
syrfd90ecadap-3,ADP-RFD90-TC5X-2E,ZEBRA,0
syrfd90ecadap-4,ADP-RFD90-TC7X-2E,ZEBRA,0
syrfdbat,BTRY-RFD49-70MA1-01,ZEBRA,0
syrfdbati,BTRY-RFD49-70MA1-IN,ZEBRA,109
syrfdcrd,CRD1S0T-RFD40-EC5X-CHG-1R,ZEBRA,0
syrfdcrd-10,CRD3S4T-RFD40-EC5X-COM-1R,ZEBRA,0
syrfdcrd-11,CRD3S4T-RFD40-TC2X-CHG-1R,ZEBRA,0
syrfdcrd-12,CRD3S4T-RFD40-TC2X-COM-1R,ZEBRA,0
syrfdcrd-13,CRD3S4T-RFD49-BASE-CHG-1R,ZEBRA,0
syrfdcrd-14,CRD3S4T-RFD49-BASE-COM-1R,ZEBRA,20
syrfdcrd-15,CRD3S4T-RFD49-UNIV-CHG-1R,ZEBRA,0
syrfdcrd-16,CRD3S4T-RFD49-UNIV-COM-1R,ZEBRA,4
syrfdcrd-17,CR40-1S0T-TC5-G-01,ZEBRA,0
syrfdcrd-18,CR40-3S4T-TC5-G-01,ZEBRA,4
syrfdcrd-19,CR40-1S0T-TC5-M-01,ZEBRA,0
syrfdcrd-2,CRD1S0T-RFD40-EC5X-COM-1R,ZEBRA,2
syrfdcrd-21,CR49-1S0T-TC5-M-02,ZEBRA,8
syrfdcrd-24,CR40-1S0T-TC2-M-02,ZEBRA,0
syrfdcrd-25,CR40-3S4T-TC2-G-02,ZEBRA,0
syrfdcrd-3,CRD1S0T-RFD40-TC2X-CHG-1R,ZEBRA,47
syrfdcrd-5,CRD1S0T-RFD49-BASE-CHG-1R,ZEBRA,0
syrfdcrd-6,CRD1S0T-RFD49-BASE-COM-1R,ZEBRA,0
syrfdcrd-7,CRD1S0T-RFD49-UNIV-CHG-1R,ZEBRA,30
syrfdcrd-8,CRD1S0T-RFD49-UNIV-COM-1R,ZEBRA,0
syrfdcrd-9,CRD3S4T-RFD40-EC5X-CHG-1R,ZEBRA,0
syrfdcup,CUP-RFD40-EC5X-1R,ZEBRA,26
syrfdcup-2,CUP-RFD40-TC2X-1R,ZEBRA,197
syrfdcup-3,CUP-RFD49-UNIV-1R,ZEBRA,6
syrfdcup-5,CUP-RFD40-TC2X-2R,ZEBRA,0
syrfdcup-6,CUP-RFD49-TC5X-2R,ZEBRA,0
syrfdtc2x,ADP-RFD40-TC2X-1E,ZEBRA,18
syrfdtc2xe,ADP-RFD40-TC2X-2E,ZEBRA,74
syrfdtc2xr,ADP-RFD40-TC2X-1R,ZEBRA,0
syrfdtc52ax,ADP-RFD40-TC5X-0E,ZEBRA,0
syrfdtc5x,ADP-RFD40-EC5X-1E,ZEBRA,0
syrfdtc5x-2,ADP-RFD40-TC5X-1E,ZEBRA,0
syrfdtc5x-3,ADP-RFD40-TC5X-2E,ZEBRA,2
syrfducab,CBL-RFD49-USB1-01,ZEBRA,18
syrs2100,RS21C0-TS00ZWR,ZEBRA,501
syrs2100crd2,CRD-RS2X-2SCHG-01,ZEBRA,51
syrs2100crd20,CRD-RS2X-20SCHG-01,ZEBRA,2
syrs2100hm,SG-RS2X-HMTLA-01,ZEBRA,72
syrs2100hm10,SG-RS2X-HMTLA-10,ZEBRA,1
syrs2100hmr,SG-RS2X-HMTRA-01,ZEBRA,165
syrs2100hmr10,SG-RS2X-HMTRA-10,ZEBRA,4
syrs409strap2,21-93022-03R,ZEBRA,499
syrs409strap3,SG-RS419-FGSTP-02R,ZEBRA,197
syrs5000velcro,SG-NGRS-SFRVPD-05,ZEBRA,56
syrs507bat2,KTBTRYRS50EAB02-01,ZEBRA,0
syrs507buck,KT-BKL-RS507-10R,ZEBRA,0
syrs507cr8,SAC5070-801CR,ZEBRA,7
syrs507pad,KT-PAD-RS507-10R,ZEBRA,0
syrs507strap,KT-CLMPT-RS507-01R,ZEBRA,0
syrs51rs61hm,SG-RS5X6-HMTLA-01,ZEBRA,0
syrs51rs61hm10,SG-RS5X6-HMTLA-10,ZEBRA,1
syrs51rs61hmr,SG-RS5X6-HMTRA-01,ZEBRA,90
syrs51rs61hmr10,SG-RS5X6-HMTRA-10,ZEBRA,2
syrs6000hold,SG-NGRS-TRLH-01,ZEBRA,33
syrsrs6-2c,Z1RS-RS6000-2C03,ZEBRA,9999
syrstc52xx-23r,Z1RS-TC52XX-2C03,ZEBRA,9999
syrx400cabrf,CBLRD-1B4002400R,ZEBRA,4
sysgrfd90,SG-RFD90-HLSTR1-01,ZEBRA,0
sysp20,SP2002-SR00004ZZWW,ZEBRA,0
sysp20-2,SP2002-SR400000SGW,ZEBRA,0
sysp20-3,SP2002-SR4UR700SGW,ZEBRA,16
sysp7201,SP7201-SH00004DCWW,ZEBRA,0
sysp7201-2,SP7201-SH00004SCWW,ZEBRA,0
sysp7201-3,SP7201-SV00004ZCWW,ZEBRA,5
sysp7201-4,SP7201-SV00004ZZWW,ZEBRA,1
sysp7201-6,SP7201-SV00004ZSWW,ZEBRA,0
sysp7208,SP7208-SH00004DCWW,ZEBRA,0
sysp7208-10,SP7208-SV00004CSWW,ZEBRA,0
sysp7208-11,SP7208-SV00004ZSWW,ZEBRA,0
sysp7208-12,SP7208-SV4U2100AZW,ZEBRA,0
sysp7208-2,SP7208-SH00004SCWW,ZEBRA,0
sysp7208-3,SP7208-SV00004ZCWW,ZEBRA,13
sysp7208-4,SP7208-SV00004ZZWW,ZEBRA,0
sysp7208-7,SP7208-SH00004DSWW,ZEBRA,0
sysp7208-8,SP7208-SH00004SSWW,ZEBRA,0
sysp7208-9,SP7208-SV00004CCWW,ZEBRA,0
sysp72brkt,BRKT-BM0072-00,ZEBRA,0
sysp72dglass,MISC-DG0072,ZEBRA,0
sysp72sglass,MISC-SG0072,ZEBRA,15
systrap,58-40000-007R,ZEBRA,0
systylus-5,11-43912-03R,ZEBRA,0
syswbledgsp-1,SW-BLE-DG-SP-1YR,ZEBRA,9999
syswbledgsp-3,SW-BLE-DG-SP-3YR,ZEBRA,9999
syswbledgsp-5,SW-BLE-DG-SP-5YR,ZEBRA,9999
syswdg-1,SW-DG-1YR,ZEBRA,9999
syswdg-3,SW-DG-3YR,ZEBRA,9999
syswdg-5,SW-DG-5YR,ZEBRA,9999
syswe8299001,SWE-82990-01,ZEBRA,9999
sytc1xbat,BTRY-TC1X-1XMA1-01,ZEBRA,0
sytc205crd,CRD5S-RFD2000-1R,ZEBRA,14
sytc20bcrd,CRD-TC2X-BS1CO-01,ZEBRA,87
sytc20becrd,CRD-TC2X-SE1ET-01,ZEBRA,285
sytc20becrd2,CRD-TC2Y-SE1ET-01,ZEBRA,24
sytc20boot,SG-TC2X-BOOT-01,ZEBRA,33
sytc20crd,CRD1S-RFD2000-1R,ZEBRA,128
sytc20crd5,CRD-TC2X-SE5CO-01,ZEBRA,42
sytc20ucab,CBL-TC2X-USBC-01,ZEBRA,301
sytc2126-4,CRD-TC2Y-BS54B-01,ZEBRA,10
sytc2126-5,CRD-TC2Y-BS5CO-01,ZEBRA,43
sytc2126armnt,SG-TC2Y-ARMNT-01,ZEBRA,16
sytc2126ba,BTRY-TC2Y-1XMA1-01,ZEBRA,276
sytc2126ba-2,BTRY-TC2Y-2XMA1-01,ZEBRA,412
sytc2126crd,CRD-TC2Y-BS1CO-01,ZEBRA,340
sytc2126crd-2,CRD-TC2Y-VCH1-01,ZEBRA,228
sytc2126hstrap,SG-TC2Y-HSTRP1-01,ZEBRA,141
sytc2126pro,SG-TC2Y-SCRNPT1-01,ZEBRA,429
sytc2126sholst,SG-TC2Y-HLSTR1-01,ZEBRA,211
sytc21hc4crd,SAC-TC2W-4SCHG-01,ZEBRA,0
sytc21hc5crd,CRD-TC2W-BS54B-01,ZEBRA,0
sytc21hc5crd2,CRD-TC2W-BS5CO-01,ZEBRA,1
sytc21hcbat,BTRY-TC2W-1XMA1-01,ZEBRA,89
sytc21hcbclip,SG-TC2W-CLIPHC1-01,ZEBRA,0
sytc21hccrd,CRD-TC2W-BS1CO-01,ZEBRA,9
sytc21hchstrap,SG-TC2W-HSTRP1-01,ZEBRA,0
sytc21protb,KIT-TC2X-PRTCT-01,ZEBRA,0
sytc22,WLMT0-T22B6ABC2-A6,ZEBRA,6069
sytc22-3,WLMT0-T22B6ABE2-A6,ZEBRA,280
sytc22-4,WLMT0-T22B6CBC2-A6,ZEBRA,959
sytc22-5,WLMT0-T22B8ABD8-A6,ZEBRA,0
sytc22-6,WLMT0-T22B8CBD8-A6,ZEBRA,0
sytc22-7,WLMT0-T22B8ABC8-A6,ZEBRA,321
sytc22-8,WLMT0-T22B6CBE2-A6,ZEBRA,18
sytc22armnt,SG-TC2L-ARMNT-01,ZEBRA,125
sytc22bat,BTRY-TC2L-2XMAXX-01,ZEBRA,790
sytc22bat-2,BTRY-TC2L-3XMAXX-01,ZEBRA,685
sytc22bat-3,BTRY-TC2L-2XMAXB-01,ZEBRA,61
sytc22batchg4,SAC-TC2L-4SCHG-01,ZEBRA,291
sytc22boot,SG-TC2L-BOOT-01,ZEBRA,7947
sytc22chg,CRD-TC2L-BS1CO-01,ZEBRA,4139
sytc22crd,CRD-TC2L-SE1ET-01,ZEBRA,647
sytc22crd2,CRD-TC2L-BS11B-01,ZEBRA,360
sytc22crd5,CRD-TC2L-BS5CO-01,ZEBRA,1936
sytc22crd5-2,CRD-TC2L-SE5ET-01,ZEBRA,35
sytc22handle,TRG-TC2L-SNP1-01,ZEBRA,1875
sytc22holst,SG-TC2L-HLSTR1-01,ZEBRA,637
sytc22hstrap,SG-TC2L-HSTRP1-01,ZEBRA,3817
sytc22prot,SG-TC2L-SCRNPT1-01,ZEBRA,6503
sytc22r,TC2205-0G1250SS-E8,ZEBRA,0
sytc22r-2,TC2205-0G1250SS-WR,ZEBRA,3
sytc22rmount,SG-TC2L-ARMNT-02,ZEBRA,108
sytc22rprot,SG-TC2R-SCRNPT1-01,ZEBRA,0
sytc22wrst,SG-TC2L-WMADP1-02,ZEBRA,12
sytc27,WCMTB-T27B6ABC2-A6,ZEBRA,606
sytc27-2,WCMTB-T27B8ABD8-A6,ZEBRA,88
sytc27-3,WCMTB-T27B6ABE2-A6,ZEBRA,2523
sytc27-4,WCMTB-T27B6CBC2-A6,ZEBRA,247
sytc27-5,WCMTB-T27B8CBD8-A6,ZEBRA,154
sytc27-7,WCMTB-T27B8ABE8-A6,ZEBRA,105
sytc27-8,WCMTB-T27B8ABC8-A6,ZEBRA,38
sytc2crdcup,CRDCUP-TC2L4B-01,ZEBRA,13
sytc2xsnap,TRG-TC2X-SNP1-01,ZEBRA,216
sytc2y5et,CRD-TC2Y-SE5ET-01,ZEBRA,0
sytc2ybatchg,SAC-TC2Y-4SCHG-01,ZEBRA,188
sytc2ybatchg20,SAC-TC2Y-20SCH-01,ZEBRA,0
sytc2yboot,SG-TC2Y-BOOT-01,ZEBRA,8
sytc2ysnap,TRG-TC2Y-SNP1-01,ZEBRA,131
sytc2yucab,CBL-TC2Y-USBC90A-01,ZEBRA,4
sytc2ywrist,SG-TC2Y-WMADP1-01,ZEBRA,31
sytc2ywrist2,SG-TC2Y-WMADP1-02,ZEBRA,0
sytc501crd,CRD-TC5A-2SC1B-B,ZEBRA,0
sytc515chg,CRD-TC51-5SCHG-01,ZEBRA,0
sytc515chg2,CRD-TC51-5SC4BC-01,ZEBRA,0
sytc515hcchg,CRD-TC51-HC5SC-01,ZEBRA,0
sytc51adapm,ADP-TC51-100,ZEBRA,0
sytc51adapr,ADP-TC51-RGIO1-03,ZEBRA,0
sytc51bat,BTRY-TC51-43MA1-01,ZEBRA,699
sytc51bat10,BTRY-TC51-43MA1-10,ZEBRA,240
sytc51batchg,SAC-TC51-4SCHG-01,ZEBRA,147
sytc51batchghc,SAC-TC51-HC4SC-01,ZEBRA,3
sytc51brkt,BRKT-TC51-ENET1-02,ZEBRA,0
sytc51cabhdst-2,CBL-TC51-HDST35-01,ZEBRA,0
sytc51crd,CRD-TC51-1SCU-01,ZEBRA,273
sytc51crd2,CRD-TC51-5SC4B-01,ZEBRA,64
sytc51crd3,CRD-TC51-1SCU1-01,ZEBRA,0
sytc51crd5,CRD-TC51-5SCHG1-01,ZEBRA,0
sytc51crde,CRD-TC51-5SETH-01,ZEBRA,6
sytc51hc5s,CRD-TC51-HC5SC1-01,ZEBRA,0
sytc51hcbat,BTRY-TC51-43HC1-01,ZEBRA,0
sytc51hcbatchg,SAC-TC51-HC4SC1-01,ZEBRA,0
sytc51hcclip,SG-TC51-CLIPHC1-01,ZEBRA,0
sytc51hccrd,CRD-TC51-HC1SC1-01,ZEBRA,0
sytc51hccrd-2,CRD-TC51-HC1SC-01,ZEBRA,0
sytc51holster,SG-TC51-HLSTR1-01,ZEBRA,157
sytc51protect,KT-TC51-SCRNP1-01,ZEBRA,267
sytc51ps,PWR-WUA5V12W0EU,ZEBRA,4971
sytc51ps-uk,PWR-WUA5V12W0GB,ZEBRA,371
sytc51ps-us,PWR-WUA5V12W0US,ZEBRA,1
sytc51pstyl,SG-STYLUS-TCX-MTL-03,ZEBRA,405
sytc51sbatchg,SAC-TC51-4SCHG1-01,ZEBRA,0
sytc51strap,SG-TC51-EHDSTP1-03,ZEBRA,231
sytc51strap3,SG-TC51-BHDSTP1-03,ZEBRA,0
sytc51trg,KT-TC51-TRG1-01,ZEBRA,82
sytc51trgsnp2,TRG-TC51-SNP1-03,ZEBRA,88
sytc51ueadap,KT-TC51-ETH1-01,ZEBRA,97
sytc52axexo,SG-TC52AX-EXOLOL-01,ZEBRA,37
sytc52axlor,SG-TC52AX-LORGB-01,ZEBRA,266
sytc5358bat,BTRY-NGTC5TC7-44MA-01,ZEBRA,2824
sytc5358bat10,BTRY-NGTC5TC7-44MA-10,ZEBRA,145
sytc5358bat2,BTRY-NGTC5TC7-44MABLE-01,ZEBRA,181
sytc5358boot,SG-NGTC5EXO1-01,ZEBRA,6942
sytc5358bootred,SG-NGTC5EXORED1-01,ZEBRA,13
sytc5358chg-4,SAC-NGTC5TC7-4SCHG,ZEBRA,45
sytc5358chgps,SAC-NGTC5TC7-4SCHG-01,ZEBRA,1
sytc5358crd,CRD-NGTC5-2SC1B,ZEBRA,291
sytc5358crd-4,CRD-NGTC5-5SC4B,ZEBRA,0
sytc5358crd-5,CRD-NGTC5-5SE5D,ZEBRA,1
sytc5358crd-5d,CRD-NGTC5-5SC5D,ZEBRA,0
sytc5358crd3,CRD-NGTC5N-2SC1B,ZEBRA,0
sytc5358crdcup,CRDCUP-NGTC5-01,ZEBRA,79
sytc5358crdcup-5,CRDCUP-NGTC5-05,ZEBRA,77
sytc5358cup4,BTRCUP-NGTC5TC7-01,ZEBRA,28
sytc5358ecrd,CRD-NGTC5-2SE1B,ZEBRA,0
sytc5358ecrd2,CRD-NGTC5B-2SE1B,ZEBRA,257
sytc5358ecrd3,CRD-NGTC5N-2SE1B,ZEBRA,263
sytc5358extbat,BTRY-NGTC5TC7-66MA-01,ZEBRA,691
sytc5358hstrap,SG-NGTC5TC7-HDSTP-03,ZEBRA,301
sytc5358scprot,SG-NGTC5-SCRNP-03,ZEBRA,1405
sytc5358scprot450,SG-NGTC5-SCRNP-450,ZEBRA,2
sytc5358sholst,SG-NGTC5TC7-HLSTR-01,ZEBRA,403
sytc5358trg,TRG-NGTC5-ELEC-01,ZEBRA,1309
sytc538pclip,3PTY-PCLIP-216475,ZEBRA,0
sytc55batchg,SAC-TC55-2BTYC1,ZEBRA,0
sytc56comcrd,CRD-TC56-UVCD1-01,ZEBRA,0
sytc56crd,CRD-TC56-CVCD1-01,ZEBRA,0
sytc56mdvc,CRD-TC56-CVCD2-02,ZEBRA,0
sytc56uadap,ADPTR-TC56-USBC-01,ZEBRA,0
sytc57sty-3,SG-TC5NGTC7NG-TETHR-03,ZEBRA,300
sytc58batwl,BTRY-NGTC5TC7-44MAWC-01,ZEBRA,536
sytc58vholder,CRD-TC5NG-NCCD-01,ZEBRA,31
sytc5a7a,CRDCUP-TC5A7A-4B,ZEBRA,0
sytc5bcrdkit,CRD-NGTC5B-2SC1B,ZEBRA,176
sytc5crd,CRDCUP-TC5A-2D,ZEBRA,5
sytc5exo,SG-TC5AEXO-01,ZEBRA,0
sytc5handstrp,SG-TC5A7A-HDSTP-01,ZEBRA,178
sytc5handstrp3,SG-TC5A7A-HDSTP-03,ZEBRA,0
sytc5ncrd,CRDON-NGTC5N-5SE5D,ZEBRA,0
sytc5ncrdsc,CRDON-NGTC5N-5SC5D,ZEBRA,2
sytc5screenprot,SG-TC5A7A-SCRNP-01,ZEBRA,0
sytc5screenprot3,SG-TC5A7A-SCRNP-03,ZEBRA,0
sytc5tc7hstrap,SG-NGTC5TC7-HDSTP-01,ZEBRA,761
sytc5xbat,BTRY-TC5X-BTBCN4HC-01,ZEBRA,0
sytc5xbatns,BTRY-TC5X-BTBCN4MA-01,ZEBRA,65
sytc5xclip,SG-TC5X-CLIPHC1-01,ZEBRA,0
sytc5xexo,SG-TC5X-EXO1-01,ZEBRA,3646
sytc5xexo2,SG-TC5X-EXONHS-01,ZEBRA,305
sytc5xhsrh,SG-TC5X-HSTRAPHC1-01,ZEBRA,0
sytc5xmscrd,CRDON-NGTC5B-5SC4B,ZEBRA,63
sytc5xtri,TRG-TC5X-ELEC1-01,ZEBRA,50
sytc5xtri-2,TRG-TC5X-ELEC1-02,ZEBRA,133
sytc5xwrist,SG-TC51-WMADP1-02,ZEBRA,9
sytc5xwrist2,SG-TC51-WMADP1-01,ZEBRA,0
sytc5xwrist3,SG-NGTC5-WMADP1-01,ZEBRA,223
sytc5xwrist4,SG-NGTC5-WMADP1-02,ZEBRA,17
sytc701crd-5d,CRD-TC7A-5SC5D5B-1,ZEBRA,0
sytc701crdfst-5d,CRD-TC7A-5SC5DF-1,ZEBRA,0
sytc70autochg,CHG-AUTO-CLA1-01,ZEBRA,31
sytc70autochg-2,CHG-AUTO-HWIRE1-01,ZEBRA,6
sytc70bat2,BTRY-TC7X-46MPP-01,ZEBRA,311
sytc70cabu,CBL-TC7X-USB1-01,ZEBRA,9
sytc70chg,CHG-TC7X-CBL1-01,ZEBRA,0
sytc70chg4-2,SAC-TC7X-4BTYPP-01,ZEBRA,24
sytc70cr,CRD-TC7X-SE5KT1-01,ZEBRA,0
sytc70cr1,CRD-TC7X-SE1CO-01,ZEBRA,8
sytc70cr2-2,CRD-TC7X-SE2CO1-01,ZEBRA,44
sytc70cr2-3,CRD-TC7X-SE2CPP-01,ZEBRA,41
sytc70cr5,CRD-TC7X-SE5C1-01,ZEBRA,24
sytc70cre2-2,CRD-TC7X-SE2EPP-01,ZEBRA,33
sytc70cre5,CRD-TC7X-SE5EU1-01,ZEBRA,3
sytc70cruk,CRD-TC7X-5C4B-UK1,ZEBRA,0
sytc70cup4,CUP-SE-BTYADP1-01,ZEBRA,0
sytc70holst2,SG-TC7X-HLSTR1-02,ZEBRA,155
sytc70se,CRD-TC7X-SE2CU2-02,ZEBRA,2
sytc70stylus,SG-TC7X-STYLUS-03,ZEBRA,60
sytc70vehcrd,CRD-TC7X-CVCD1-01,ZEBRA,0
sytc70vehcrd-2,CRD-TC7X-VCD1-01,ZEBRA,23
sytc7378crd,CRD-NGTC7-5SE5D,ZEBRA,1
sytc7378crd-2,CRD-NGTC7-5SC5D,ZEBRA,88
sytc7378crd-3,CRD-NGTC7-5SC4B,ZEBRA,214
sytc7378crd-4,CRD-NGTC7-2SE1B,ZEBRA,0
sytc7378crd-5,CRD-NGTC7-2SC1B,ZEBRA,295
sytc7378spro,SG-NGTC7-SCRNP-03,ZEBRA,279
sytc78vchg,CRD-TC78-WCVC-01,ZEBRA,13
sytc7crdcup,CRDCUP-NGTC7-01,ZEBRA,0
sytc7crdcup-2,CRDCUP-NGTC7-05,ZEBRA,0
sytc7x2bat10,BTRY-TC7X-46MPP-10,ZEBRA,777
sytc7xcar-2,CHG-TC7X-CLA1-02,ZEBRA,0
sytc7xhan,TRG-TC7X-SNP1-02,ZEBRA,78
sytc7xholster,SG-TC7X-RHLSTR1-01,ZEBRA,41
sytc7xscrnpr,SG-TC7X-SCRNTMP-01,ZEBRA,88
sytc7xstrap2,SG-TC7X-HSTR2-03,ZEBRA,63
sytc7xstylus,SG-TC7X-STYLUS1-03,ZEBRA,1
sytc7xtether,KT-TC7X-TETHR1-03,ZEBRA,13
sytc7xtrg,TRG-NGTC7-ELEC-01,ZEBRA,851
sytc7xtrh10,ADP-TC7X-CLHTH-10,ZEBRA,0
sytc80002crd,CRD-TC8X-2SUCHG-01,ZEBRA,68
sytc80004batchg,SAC-TC8X-4SCHG-01,ZEBRA,83
sytc80005crd,CRD-TC8X-5SCHG-01,ZEBRA,11
sytc80005crd2,CRD-TC8X-5SC4BC-01,ZEBRA,48
sytc80005ecrd,CRD-TC8X-5SETH-01,ZEBRA,5
sytc80005ecrd2,CRD-TC8X-5SE4BC-01,ZEBRA,0
sytc8000cabqd,CBL-TC8X-AUDQD-01,ZEBRA,0
sytc8000flcrd,MNT-TC8X-FHKT-01,ZEBRA,0
sytc8000flcrd2,MNT-TC8X-FH-01,ZEBRA,0
sytc8000hstrap,SG-TC8X-HDSTP-01,ZEBRA,0
sytc8000mount,BRKT-SCRD-SMRK-01,ZEBRA,0
sytc8000pholst,SG-TC8X-PMHLST-01,ZEBRA,0
sytc8000qdholst,SG-TC8X-QDHLST-01,ZEBRA,0
sytc8000ucab,CBL-TC8X-USBCHG-01,ZEBRA,1
sytc8crkit,KT-TC8-01,ZEBRA,70
sytc8xbat1,BTRY-TC8X-70MA1-01,ZEBRA,226
sytc8xcrd,CRD-TC8D-2SUCHG-01,ZEBRA,0
sytc8xscrn,MISC-TC8X-SCRN-01,ZEBRA,0
sytcb55crd,CRDON-NGTC5B-5SC5D,ZEBRA,0
sytelite,SW-TE-LITE,ZEBRA,9999
sytrammnt,MNT-RAM-B247U25,ZEBRA,0
syubccabau,50-16000-217R,ZEBRA,0
syubccabeu,50-16000-220R,ZEBRA,2319
syubccabeu-us,50-16000-221R,ZEBRA,0
syubccabuk,50-16000-219R,ZEBRA,520
syubcceu2,50-16000-255R,ZEBRA,96
syucabcc,CBL-HS3100-CUC1-01,ZEBRA,45
syusbaccab,CBL-TC5X-USBC2A-01,ZEBRA,4550
syusbe,MOD-MT2-EU1-01,ZEBRA,0
syvc50uadap,MNT-VC80-ADPA1-1,ZEBRA,0
syvc50umount,KT-U-MOUNT-VC80-R,ZEBRA,11
syvc70bat,BTRY-VC70IAB00,ZEBRA,0
syvc70dccab,CB000416A01,ZEBRA,13
syvc70fkbdqw,KYBD-QW-VC70F-S-1,ZEBRA,0
syvc70keytray3,KT-KYBDTRAY-VC70-3,ZEBRA,0
syvc70kybdgrill,KT-KYBDGRL1-VC70-R,ZEBRA,1
syvc70psu960,25-159551-01,ZEBRA,0
syvc70scprot,KT-SPRTCT-VC70-05R,ZEBRA,0
syvc80bat,KT-VC80-BTRY1-01,ZEBRA,0
syvc80kbds1,KYBD-QW-VC80-S-1,ZEBRA,0
syvc80kbdvc01,KYBD-QW-VC-01,ZEBRA,71
syvc80keytray,KT-KYBDTRAY-VC80-R,ZEBRA,0
syvc80rambase,MT4510,ZEBRA,0
syvc83kybd,VC83KYBD-AZ-SP-01,ZEBRA,0
syvca400,VCA400-02R,ZEBRA,43
syvckbdu,KYBD-AZ-VC-01,ZEBRA,20
syvs80cbl,CBL-VC80-KBUS1-01,ZEBRA,0
sywa3025,WA3025,ZEBRA,0
sywa42di2,WA9019,ZEBRA,3
sywheels,CS-RAC-WHEEL,ZEBRA,4
syws101batchg,SAC-WS1X-6S4-01,ZEBRA,0
syws301,WS3012-0M304E52EA6,ZEBRA,26
syws301-2,WS3012-0W304E51EA6,ZEBRA,0
syws301bat,BTRY-WS3X-7MA-01,ZEBRA,0
syws301crd,CRD-WS1X3-4SC-01,ZEBRA,4
syws301crd-2,CRD-WS1X3-20SC-01,ZEBRA,2
syws301sac,SAC-WS3X-6S7-01,ZEBRA,14
syws301sac-2,SAC-WS3X-30S7-01,ZEBRA,4
syws301scnprt,SG-WS3X-SCRNP5-01,ZEBRA,22
sywt4000,SG-WT4021010-01R,ZEBRA,0
sywt4090cab,25-129940-02R,ZEBRA,0
sywt4090cab4,25-129940-03R,ZEBRA,10
sywt4090prot,KT-114032-02R,ZEBRA,0
sywt40bat2,BTRY-WT40IAB0H,ZEBRA,0
sywt40pad,SG-WT4023021-02R,ZEBRA,0
sywt40pouch2,SG-WT4026000-20R,ZEBRA,30
sywt5x620sc,SAC-WT5X6-20SC-01,ZEBRA,0
sywt5x64sc,SAC-WT5X6-4SC-01,ZEBRA,54
sywt5x6bat,BTRY-WT5X6-50MA-01,ZEBRA,147
sywt5x6bat-2,BTRY-WT5X6-35MA-01,ZEBRA,231
sywt5x6crd,CRD-WT5X6-1S1BC-01,ZEBRA,17
sywt5x6crd10,CRD-WT5X6-10SC-01,ZEBRA,12
sywt5x6crd5,CRD-WT5X6-5S5BC-01,ZEBRA,13
sywt5x6hpmnt,SG-WT5X6-HPMNT-01,ZEBRA,10
sywt5x6scrn5,MISC-WT5X6-SCRN-05,ZEBRA,27
sywt5x6wmtdl,SG-WT5X6-WMTDL-01,ZEBRA,149
sywt5x6wmtds,SG-WT5X6-WMTDS-01,ZEBRA,38
sywt5x6wmtdxl,SG-WT5X6-WMTDX-01,ZEBRA,0
sywt5x6wmtsl,SG-WT5X6-WMTSL-01,ZEBRA,50
sywt5x6wmtss,SG-WT5X6-WMTSS-01,ZEBRA,32
sywt5x6wmtsxl,SG-WT5X6-WMTSX-01,ZEBRA,0
sywt5x6wmtvl,SG-WT5X6-WMTVL-01,ZEBRA,0
sywt5x6wmtvs,SG-WT5X6-WMTVS-01,ZEBRA,0
sywt5x6wmtvxl,SG-WT5X6-WMTVX-01,ZEBRA,0
sywt5x6wstds01,SG-WT5X6-WSTDS-01,ZEBRA,2
sywt6000-3,WT60A0-TS2NEWR,ZEBRA,1
sywt600020chg,SAC-NWTRS-20SCH-01,ZEBRA,0
sywt60004chg,SAC-NWTRS-4SCH-01,ZEBRA,8
sywt6000bat2,BTRY-NWTRS-33MA-02,ZEBRA,137
sywt6000bat3,BTRY-NGWT-50MA-01,ZEBRA,174
sywt6000cr,CRD-NGWT-1S1BU-01,ZEBRA,37
sywt6000crd,CRD-NGRS-1S1BU-01,ZEBRA,27
sywt6000hcab-2,CBL-NGWT-AUQDLG-02,ZEBRA,0
sywt6000hip,SG-NGWT-HPMNT-01,ZEBRA,0
sywt6000mount3,SG-NGWT-WRMTL-02,ZEBRA,787
sywt6000mount4,SG-NGWT-WRMTS-02,ZEBRA,109
sywt6000strap,SG-NGWT-WSTPLN-01,ZEBRA,165
sywt6000strap2,SG-NGWT-WSTPST-01,ZEBRA,0
sywt6000ucab,CBL-NGWT-USBCHG-01,ZEBRA,18
sywt6000wrist,SG-NGWT-WRMTXL-01,ZEBRA,61
sywt6000xlstrap,SG-NGWT-WSTPXL-01,ZEBRA,0
sywt64crd5,CRD-WT64-5S5BE-01,ZEBRA,1
syxr400cab360,CBLRD-1B4003600R,ZEBRA,0
syxr440cabrf,CBLRD-1B4000680R,ZEBRA,8
syxt15base2,MT3505,ZEBRA,0
syxt15base3,MT3507,ZEBRA,3
syxt15plate,MT3501,ZEBRA,451
syzec500p,ZEC500P-YE10B22-A6,ZEBRA,5
syzec500p-2,ZEC500P-YS10B22-A6,ZEBRA,1
syzec500v,ZEC500V-NE10A11-A6,ZEBRA,5
syzec500v-2,ZEC500V-NS10A11-A6,ZEBRA,0
tag20kbd,TAG20KBD,PROMAG,371
tag50a,TAG50A,PROMAG,0
tag61,TAG61,PROMAG,0
tag62,TAG62,PROMAG,0
tag64,TAG64,PROMAG,0
tisct60xhandle,24-CT60X-09-TG-01,TIS,0
tismc30handle2,23-33-09-TG-02,TIS,17
tispgeda50,24-50K-09-TG-01,TIS,0
tistc70pistol,23-7X-09-TG-01,TIS,0
tsc200,99-059A003-6002,TSC,160
tsc200cutter,CUT-DA210-0001,TSC,7
tsc200cutter2,CUT-DA210-0003,TSC,0
tsc200cutter3,CUT-DA210-0002,TSC,0
tsc200ph,PH-TC200-0002,TSC,0
tsc210,99-059A001-1002,TSC,3
tsc210-2,99-059A001-1202,TSC,0
tsc210beige2,99-059A009-1002,TSC,0
tsc220,DH220E-A001-0002,TSC,30
tsc220uk,DH220E-A001-0003,TSC,0
tsc220wbtmod,WF-DH220HC-2001,TSC,0
tsc240ml03,PH-ML240-0003,TSC,17
tsc240pphm,PH-ML240-0004,TSC,0
tsc2410ct,98-0240087-00LF,TSC,0
tsc2410cut-2,98-0470038-10LF,TSC,0
tsc2410cut-7,98-0470039-10LF,TSC,0
tsc2410ph-3,98-0470074-00LF,TSC,20
tsc2410ph-5,98-0470074-01LF,TSC,24
tsc2410ph-6,98-0470074-02LF,TSC,6
tsc244gcutf-4,98-0260020-20LF,TSC,0
tsc245ph3,PH-TC200-0001,TSC,39
tsc247phm,98-0280007-2BLF,TSC,0
tsc2610mtcut2,98-0410074-20LF,TSC,0
tsc2610mtpeel,98-0410042-00LF,TSC,0
tsc261t,MH261T-A001-0302,TSC,0
tsc300,99-059A004-7002,TSC,24
tsc310-2,99-059A002-3202,TSC,1
tsc3102,99-059A002-3002,TSC,8
tsc320,DH320E-A001-0002,TSC,0
tsc320uk,DH320E-A001-0003,TSC,0
tsc36-010lf,36-0000010-00LF,TSC,37
tsc36-011lf,36-0000011-00LF,TSC,0
tsc36-012lf,36-0000012-00LF,TSC,0
tsc36-014lf,36-0000014-00LF,TSC,0
tsc361t,MH361T-A001-0302,TSC,13
tsc3mae,36-0000013-00LF,TSC,0
tsc40lplat,SP-A40L-0002,TSC,0
tsc40lplat2,SP-A40L-0004,TSC,0
tsc4lbat-2,98-0520038-01LF,TSC,0
tsc4lbelt,98-0520030-00LF,TSC,0
tsc4lcase,98-0520033-00LF,TSC,0
tsc4lcase2,98-0520034-00LF,TSC,0
tsc4lchg-2,98-0520024-21LF,TSC,4
tsc4lchg-uk,98-0520024-12LF,TSC,0
tsc4lchg4-2,98-0520025-21LF,TSC,3
tsc4lph,98-0520004-00LF,TSC,0
tsc4lpsuk2,98-0480050-04LF,TSC,92
tsc4lshldr,36-0520034-00LF,TSC,0
tsc4lsucab,72-0480008-01LF,TSC,0
tsc4lucab,72-0480010-01LF,TSC,0
tsca30lhc,A30LHC-A001-0012,TSC,0
tsca30lhc-4,A30LHC-A001-1002,TSC,1
tsca30r,A30RP-A001-1012,TSC,4
tsca30r-2,A30RP-A001-0012,TSC,0
tsca30r-3,A30RB-A001-1012,TSC,0
tsca30r-4,A30RB-A001-0012,TSC,0
tsca30r-5,A30RP-A001-1002,TSC,0
tsca30r-6,A30RB-A001-0002,TSC,0
tsca30r-7,A30RP-A001-0002,TSC,0
tsca30r-8,A30RB-A001-1002,TSC,0
tscal2r-2,99-062A001-0102,TSC,11
tscal2rbw,99-062A007-00LF,TSC,0
tscal2rbwph,PH-A2R-0001,TSC,0
tscal2rbwrcab,SP-COM-0014,TSC,0
tscal2rchg1,OP-P-BC1-002-2001,TSC,0
tscal2rchg1uk,OP-P-BC1-002-3001,TSC,2
tscal2rchg4,OP-P-BC4-003-2001,TSC,0
tscal2rchg4-uk,OP-P-BC4-003-3001,TSC,0
tscal2ripcase,OP-P-EC-006-0001,TSC,1
tscal2rstrap,36-0620017-00LF,TSC,0
tscal2rw-2,99-062A003-0302,TSC,0
tscal30adap,SP-A30L-0034,TSC,0
tscal30adap-uk,SP-A30L-0037,TSC,0
tscal30dc,OP-P-BEM-001-0001,TSC,0
tscal30l,A30L-A001-1002,TSC,8
tscal30l-2,A30L-A001-0002,TSC,5
tscal30l-3,A30L-A001-1012,TSC,7
tscal30l-4,A30L-A001-0012,TSC,0
tscal30lbat,OP-P-SB-002-0001,TSC,0
tscal30lcase,OP-P-EC-001-0001,TSC,0
tscal30lchg1,OP-P-BC1-001-2001,TSC,0
tscal30lchg1-uk,OP-P-BC1-001-3001,TSC,2
tscal30lchg4,OP-P-BC4-001-2001,TSC,10
tscal30lcrd1,OP-P-DC1-001-2001,TSC,10
tscal30lcrd4,OP-P-DC4-001-2001,TSC,1
tscal30ph8,PH-A30L-0001,TSC,0
tscal30ripcase,OP-P-EC-003-0001,TSC,0
tscal30vmnt,OP-P-VM-001-0001,TSC,5
tscal3psu,98-0480050-01LF,TSC,0
tscal3r4bay2,98-0480028-12LF,TSC,0
tscal3rbat2,98-0480035-03LF,TSC,0
tscal3rbat4,98-0480035-00LF,TSC,0
tscal3rcase,98-0480018-00LF,TSC,6
tscal3rvchg2,62-0520010-00LF,TSC,0
tscal40l,A40L-A001-1002,TSC,22
tscal40l-2,A40L-A001-0002,TSC,55
tscal40l-3,A40L-A001-1012,TSC,13
tscal40l-4,A40L-A001-0012,TSC,51
tscal40lbat,OP-P-SB-001-0001,TSC,0
tscal40lcase,OP-P-EC-002-0001,TSC,0
tscal40lrfid,A40LR-A001-1002,TSC,0
tscal40lrfid-2,A40LR-A001-0002,TSC,8
tscal40ph8,PH-A40L-0001,TSC,0
tscal40vmnt,OP-P-VM-002-0001,TSC,0
tscalclip,OP-P-BCP-001-0001,TSC,0
tscbem3beps,OP-P-BEM-003-0001,TSC,0
tscbem6bp,OP-P-BEM-006-0001,TSC,0
tscbt3,BT-COM-0002,TSC,0
tscc245,CUT-TC200-0001,TSC,0
tscc245p,CUT-TC200-0003,TSC,8
tsccabmu,SP-COM-0011,TSC,0
tsccellchg,98-0480016-00LF,TSC,0
tsccft247-2,98-0250130-20LF,TSC,0
tsccft247-4,98-0250131-20LF,TSC,0
tsccp244,98-0260021-10LF,TSC,0
tsccpx4cut,98-0790001-00LF,TSC,0
tsccpx4dc,98-0790009-00LF,TSC,0
tsccpx4dm,98-0790008-00LF,TSC,2
tsccpx4dy,98-0790007-00LF,TSC,0
tsccpx4p,99-079A001-0002,TSC,2
tscd225w-2,99-039A002-0302,TSC,9
tscda200peel,PEL-DA210-0001,TSC,14
tscda210,99-158A001-0002,TSC,98
tscda210-uk,99-158A001-0003,TSC,0
tscda210bt2,99-158A005-0202,TSC,0
tscda220,99-158A015-2102,TSC,231
tscda220-2,99-158A013-1102,TSC,0
tscda220-3,99-158A025-2702,TSC,0
tscda220-4,99-158A015-2152,TSC,0
tscda220bt,99-158A028-1502,TSC,0
tscda220hc,DA220W-A001-1102,TSC,0
tscda220hc-2,DA220W-A001-2102,TSC,81
tscda220hc-3,DA220W-A001-21C2,TSC,50
tscda310,99-158A002-0002,TSC,0
tscda310ph12,PH-DA210-0004,TSC,0
tscda320,99-158A016-2102,TSC,0
tscda320-3,99-158A020-1702,TSC,0
tscda320w-uk,99-158A020-20LF,TSC,0
tscdh220,DH220-A001-1002,TSC,107
tscdh220cut,CUT-DH220-0001,TSC,1
tscdh220l,DH220L-A001-0002,TSC,0
tscdh220l-10,DH220LN-A001-0002,TSC,0
tscdh220l-11,DH220LN-A001-0012,TSC,0
tscdh220l-12,DH220L-A001-0042,TSC,0
tscdh220l-2,DH220L-A001-0012,TSC,0
tscdh220l-3,DH220L-A001-0022,TSC,0
tscdh220l-4,DH220L-A001-0032,TSC,0
tscdh220l-5,DH220L-A001-1002,TSC,0
tscdh220l-6,DH220L-A001-1012,TSC,0
tscdh220l-7,DH220L-A001-1022,TSC,0
tscdh220l-8,DH220L-A001-1032,TSC,0
tscdh220l-9,DH220L-A001-1042,TSC,0
tscdh220lbt,DH220L-A001-0202,TSC,0
tscdh220lbt-10,DH220L-A001-1242,TSC,0
tscdh220lbt-11,DH220LN-A001-0202,TSC,0
tscdh220lbt-12,DH220LN-A001-0212,TSC,0
tscdh220lbt-2,DH220L-A001-0212,TSC,0
tscdh220lbt-3,DH220L-A001-0222,TSC,0
tscdh220lbt-4,DH220L-A001-0232,TSC,0
tscdh220lbt-5,DH220L-A001-0242,TSC,0
tscdh220lbt-6,DH220L-A001-1202,TSC,0
tscdh220lbt-7,DH220L-A001-1212,TSC,0
tscdh220lbt-8,DH220L-A001-1222,TSC,0
tscdh220lbt-9,DH220L-A001-1232,TSC,0
tscdh220lcut,SP-DH220-0016,TSC,0
tscdh220lhc,DH220LHC-A001-0002,TSC,0
tscdh220lhc-10,DH220LHC-A001-1042,TSC,0
tscdh220lhc-11,DH220LNHC-A001-0002,TSC,0
tscdh220lhc-12,DH220LNHC-A001-0012,TSC,0
tscdh220lhc-2,DH220LHC-A001-1002,TSC,0
tscdh220lhc-3,DH220LHC-A001-0012,TSC,0
tscdh220lhc-4,DH220LHC-A001-0022,TSC,0
tscdh220lhc-5,DH220LHC-A001-0032,TSC,0
tscdh220lhc-6,DH220LHC-A001-0042,TSC,0
tscdh220lhc-7,DH220LHC-A001-1012,TSC,0
tscdh220lhc-8,DH220LHC-A001-1022,TSC,0
tscdh220lhc-9,DH220LHC-A001-1032,TSC,0
tscdh220lhcbt,DH220LHC-A001-0202,TSC,0
tscdh220lhcbt-10,DH220LHC-A001-1242,TSC,0
tscdh220lhcbt-11,DH220LNHC-A001-0202,TSC,0
tscdh220lhcbt-12,DH220LNHC-A001-0212,TSC,0
tscdh220lhcbt-2,DH220LHC-A001-0212,TSC,0
tscdh220lhcbt-3,DH220LHC-A001-0222,TSC,0
tscdh220lhcbt-4,DH220LHC-A001-0232,TSC,0
tscdh220lhcbt-5,DH220LHC-A001-0242,TSC,0
tscdh220lhcbt-6,DH220LHC-A001-1202,TSC,0
tscdh220lhcbt-7,DH220LHC-A001-1212,TSC,0
tscdh220lhcbt-8,DH220LHC-A001-1222,TSC,0
tscdh220lhcbt-9,DH220LHC-A001-1232,TSC,0
tscdh220lhcwbt,DH220LHC-A001-0102,TSC,0
tscdh220lhcwbt-10,DH220LHC-A001-1142,TSC,0
tscdh220lhcwbt-11,DH220LNHC-A001-0102,TSC,0
tscdh220lhcwbt-12,DH220LNHC-A001-0112,TSC,0
tscdh220lhcwbt-2,DH220LHC-A001-0112,TSC,0
tscdh220lhcwbt-3,DH220LHC-A001-0122,TSC,0
tscdh220lhcwbt-4,DH220LHC-A001-0132,TSC,0
tscdh220lhcwbt-5,DH220LHC-A001-0142,TSC,0
tscdh220lhcwbt-6,DH220LHC-A001-1102,TSC,0
tscdh220lhcwbt-7,DH220LHC-A001-1112,TSC,0
tscdh220lhcwbt-8,DH220LHC-A001-1122,TSC,0
tscdh220lhcwbt-9,DH220LHC-A001-1132,TSC,0
tscdh220ltear,SP-DH220-0017,TSC,0
tscdh220lwbt,DH220L-A001-1102,TSC,0
tscdh220lwbt-10,DH220L-A001-1142,TSC,0
tscdh220lwbt-11,DH220LN-A001-0102,TSC,0
tscdh220lwbt-12,DH220LN-A001-0112,TSC,0
tscdh220lwbt-2,DH220L-A001-0102,TSC,0
tscdh220lwbt-3,DH220L-A001-0112,TSC,0
tscdh220lwbt-4,DH220L-A001-0122,TSC,0
tscdh220lwbt-5,DH220L-A001-0132,TSC,0
tscdh220lwbt-6,DH220L-A001-0142,TSC,0
tscdh220lwbt-7,DH220L-A001-1112,TSC,0
tscdh220lwbt-8,DH220L-A001-1122,TSC,0
tscdh220lwbt-9,DH220L-A001-1132,TSC,0
tscdh220ph,PH-DH220-0001,TSC,9
tscdh220platr,SP-DH220-0015,TSC,5
tscdh220t,DH220-A001-0002,TSC,117
tscdh220thc,DH220HC-A001-0002,TSC,0
tscdh220tm,TEAR-DH220-0001,TSC,0
tscdh220wifi,WF-DH220-2001,TSC,0
tscdh240base,SP-BP-4000-0001,TSC,0
tscdh240batpa,BP-4000-0001,TSC,0
tscdh240batpa-2,BP-4000-0002,TSC,0
tscdh240qrplate,SP-BP-4000-0002,TSC,0
tscdh240t,DH240-A001-0002,TSC,3
tscdh240t-2,DH240-A001-0032,TSC,0
tscdh240t-3,DH240-A001-1002,TSC,0
tscdh240t-4,DH240-A001-1012,TSC,0
tscdh240t-5,DH240-A001-1022,TSC,0
tscdh240t-6,DH240-A001-1032,TSC,0
tscdh240t-7,DH240-A001-1042,TSC,0
tscdh240thc,DH240HC-A001-0002,TSC,1
tscdh320,DH320-A001-1002,TSC,0
tscdh320l-5,DH320L-A001-0042,TSC,0
tscdh320lbt-6,DH320L-A001-1202,TSC,0
tscdh320ph,PH-DH220-0002,TSC,5
tscdh320t,DH320-A001-0002,TSC,0
tscdh320thc,DH320HC-A001-0002,TSC,0
tscdh340t,DH340-A001-0002,TSC,0
tscdh340t-2,DH340-A001-1002,TSC,0
tscdh340t-3,DH340-A001-1012,TSC,0
tscdh340t-4,DH340-A001-1022,TSC,0
tscdh340t-5,DH340-A001-1032,TSC,0
tscdh340t-6,DH340-A001-1042,TSC,0
tscdh340thc,DH340HC-A001-0002,TSC,5
tscdp247,98-0260017-01LF,TSC,0
tscgpioboard,SP-286MT-0021,TSC,0
tscgpioint,OP-MX241P-0002,TSC,0
tscintwifi,WF-COM-2002,TSC,25
tsckp200cut2,CUT-286MT-0002,TSC,0
tsckp200us,99-117A002-0000,TSC,4
tscm3d247,98-0200021-00LF,TSC,0
tscm3t247,98-0250064-00LF,TSC,0
tscmb240bt,SP-MB240-0047,TSC,0
tscmb240cut,CUT-MB240-0001,TSC,7
tscmb240cutkit,CUT-MB240-0002,TSC,24
tscmb240gpioint,OP-MB240-0001,TSC,0
tscmb240peel-2,PEL-MB240-0001,TSC,21
tscmb240ph300,PH-MB240-0002,TSC,11
tscmb240phmod203,PH-MB240-0001,TSC,5
tscmb240platen,SP-ML240-0020,TSC,8
tscmb240r,SP-MB240-0023,TSC,19
tscmb240rew2,REW-MB240-0001,TSC,14
tscmb240tear,TEAR-MB240-0001,TSC,48
tscmb241,MB241-A001-0202,TSC,20
tscmb241rfcupg,RFID-MB241-0001,TSC,0
tscmb241rftupg,RFID-MB241-0002,TSC,0
tscmb241t,MB241T-A001-0202,TSC,68
tscmb341,MB341-A001-0202,TSC,0
tscmb341t,MB341T-A001-0202,TSC,41
tscmc240ps,62-0680090-21LF,TSC,0
tscmh240cct,OP-COM-0001,TSC,0
tscmh240hcut,98-0600043-10LF,TSC,9
tscmh240pas,98-0600035-00LF,TSC,0
tscmh241,MH241T-A001-0302,TSC,87
tscmh241cut,CUT-MH241-0001,TSC,10
tscmh241cut-3,CUT-MH241-0002,TSC,1
tscmh241cut-5,CUT-MH241-0003,TSC,2
tscmh241p,MH241P-A001-0302,TSC,0
tscmh241pel,PEL-MH241-0001,TSC,78
tscmh241ph1,PH-MH241-0001,TSC,33
tscmh241ph12,PH-MH241-0002,TSC,30
tscmh241proller,SP-MH241-0029,TSC,38
tscmh241rewkit,REW-MH241-0001,TSC,1
tscmh261cut,CUT-MH261T-0001,TSC,3
tscmh261pel,PEL-MH261T-0001,TSC,0
tscmh261proller,SP-MH261T-0020,TSC,0
tscmh261rew,REW-MH261T-0001,TSC,0
tscmh261t,PH-MH261T-0002,TSC,23
tscmh261tph,PH-MH261T-0001,TSC,8
tscmh341,MH341T-A001-0302,TSC,2
tscmh341p,MH341P-A001-0302,TSC,0
tscmh641,MH641T-A001-0302,TSC,6
tscmh641p,MH641P-A001-0302,TSC,0
tscmh641ph,PH-MH241-0003,TSC,7
tscmhgpio,98-0600055-00LF,TSC,0
tscml240gcut,CUT-ML240-0001,TSC,2
tscml240ppeel,PEL-ML240-0001,TSC,0
tscml241p,ML241P-A001-0202,TSC,18
tscml241p-1,ML241P-A001-0402,TSC,0
tscml341p,ML341P-A001-0202,TSC,9
tscmx240-4,99-151A001-000M,TSC,13
tscmx240p,99-151A001-7ALF,TSC,1
tscmx240peel2,98-0510016-00LF,TSC,0
tscmx240ph,98-0510090-01LF,TSC,0
tscmx240ph-2,98-0510090-00LF,TSC,0
tscmx240ph-3,98-0510090-02LF,TSC,0
tscmx240rcut,98-0510058-10LF,TSC,0
tscmx240rewcov,98-0510075-00LF,TSC,0
tscmx241,MX241P-A001-0002,TSC,0
tscmx241p03,PH-MX241P-0003,TSC,0
tscmx241pcut,CUT-MX241P-0001,TSC,0
tscmx241pcut-2,CUT-MX241P-0003,TSC,0
tscmx241ph,PH-MX241P-0002,TSC,0
tscmx241ppel,PEL-MX241P-0001,TSC,0
tscmx241pph,PH-MX241P-0001,TSC,1
tscmx241pplaten,SP-MX241P-0032,TSC,0
tscmx241rew,REW-MX241P-0001,TSC,0
tscmx341,MX341P-A001-0002,TSC,10
tscmx641,MX641P-A001-0002,TSC,0
tscpd225,98-0390031-00LF,TSC,79
tscpex1001ph-1,PH-PEX-1001-0001,TSC,0
tscpex1001ph-2,PH-PEX-1001-0002,TSC,0
tscpex1001ph-3,PH-PEX-1001-0003,TSC,0
tscpex1121,PEX-1121-A001-0002,TSC,2
tscpex1221,PEX-1221-A001-0002,TSC,1
tscpex2000,RS-PEX-2000-0001,TSC,2
tscpex2000-2,RS-PEX-2000-0002,TSC,2
tscpex2240,PH-PEX-2240-0001,TSC,0
tscpex2240l,PEX-2240L-A001-0002,TSC,2
tscpex2240r,PEX-2240R-A001-0002,TSC,0
tscpex2240rfidl,RFID-PEX-2240L-0001,TSC,0
tscpex2240rfidr,RFID-PEX-2240R-0001,TSC,0
tscpex2260l,PEX-2260L-A001-0002,TSC,7
tscpex2260r,PEX-2260R-A001-0002,TSC,6
tscpex2260rfidl,RFID-PEX-2260L-0001,TSC,0
tscpex2260rfidr,RFID-PEX-2260R-0001,TSC,0
tscpex2340,PH-PEX-2340-0001,TSC,4
tscpex2340l,PEX-2340L-A001-0002,TSC,2
tscpex2340r,PEX-2340R-A001-0002,TSC,0
tscpex2360l,PEX-2360L-A001-0002,TSC,0
tscpex2360r,PEX-2360R-A001-0002,TSC,0
tscpex2640,PEX-2640R-A001-0002,TSC,0
tscpex2640-2,PEX-2640L-A001-0002,TSC,0
tscph12me230,98-0420005-00LF,TSC,0
tscph12me240-2,98-0420005-01LF,TSC,0
tscph12t2610,98-0410061-01LF,TSC,0
tscph12t286,PH-286MT-0002,TSC,0
tscph24tx200,98-0530014-31LF,TSC,0
tscph8d247,98-0260044-20LF,TSC,0
tscph8t225,98-0400009-10LF,TSC,0
tscph8t2610,98-0410061-00LF,TSC,7
tscph8t286,PH-286MT-0001,TSC,0
tscph8ttp246,98-0470022-00LF,TSC,9
tscphtdm20,PH-TDM-20-0001,TSC,0
tscphtdp225-2,98-0390005-10LF,TSC,0
tscphttp225,98-0400009-11LF,TSC,0
tscprinterclean,SP-COM-0025,TSC,0
tscpsu-3,SP-COM-0006,TSC,1
tscpt245sw,PEL-TC200-0001,TSC,16
tscpwrc-eu,SP-COM-2001,TSC,41
tscpwrc-uk,SP-COM-3001,TSC,0
tscr2410,98-0240063-00LF,TSC,0
tscr310,RE310-A001-0002,TSC,0
tscr310-2,RE310-A001-0102,TSC,0
tscr310bclip,OP-P-BCP-002-0001,TSC,0
tscr310case,OP-P-EC-008-0001,TSC,0
tscr310chg4,OP-P-BC4-001-3001,TSC,0
tscr310compwar1p,RE310-00-P0-12-2P,TSC,9999
tscr310compwar3,RE310-00-P0-36-20,TSC,9999
tscr310compwar5,RE310-00-P0-60-20,TSC,9999
tscr310ph,PH-RE310-0001,TSC,0
tscr310usbcab,SP-COM-0029,TSC,0
tscr310usbpwr-eu,SP-COM-2006,TSC,0
tscr310usbpwr-uk,SP-COM-3006,TSC,0
tscr310war1p,RE310-00-B0-12-2P,TSC,9999
tscr310war3,RE310-00-B0-36-20,TSC,9999
tscr310war5,RE310-00-B0-60-20,TSC,9999
tscsstrap,OP-P-SS-001-0001,TSC,0
tsct225cut,98-0400027-01LF,TSC,0
tsct225cut-2,98-0400027-00LF,TSC,1
tsct225cut-3,98-0400017-01LF,TSC,0
tsct225cut-4,98-0400017-00LF,TSC,0
tsct225peel2,98-0400025-00LF,TSC,10
tsct225peel3,98-0400025-01LF,TSC,0
tsct225ph,98-0390005-02LF,TSC,1
tsct247peelof,98-0250014-01LF,TSC,5
tsct268platrol,98-0410010-00LF,TSC,0
tsct384platrol3,SP-286MT-0015,TSC,0
tsctc210ermgray,OP-COM-0014,TSC,0
tsctd225cut,98-0390038-00LF,TSC,29
tsctdm20,99-082A001-0002,TSC,0
tsctdm20-2,99-082A102-1002,TSC,0
tsctdm20-3,99-082A102-0002,TSC,0
tsctdm20chrg4,OP-P-BC4-002-2001,TSC,0
tsctdm20chrg4-uk,OP-P-BC4-002-3001,TSC,0
tsctdm20crd,OP-P-DC1-002-2001,TSC,0
tsctdm20crd-uk,OP-P-DC1-002-3001,TSC,0
tsctdm20crd4,OP-P-DC4-002-2001,TSC,0
tsctdm20crd4-uk,OP-P-DC4-002-3001,TSC,0
tsctdm20ip54case,36-0820009-00LF,TSC,0
tsctdm20llplat,SP-TDM-20-0005,TSC,0
tsctdm20vmnt,OP-P-VM-004-0001,TSC,0
tsctdm30,99-083A401-0012,TSC,1
tsctdm30-2,99-083A502-1012,TSC,0
tsctdm30-3,99-083A502-0012,TSC,0
tsctdm30bat,OP-P-RB-001-0001,TSC,0
tsctdm30case2,OP-P-EC-004-0001,TSC,0
tsctdm30llplaten,SP-TDM-30-0007,TSC,0
tsctdm30pa,62-0520002-00LF,TSC,0
tsctdp225phm,98-0390005-12LF,TSC,0
tsctdp324-3,99-039A036-0302,TSC,0
tscte200,99-065A101-00LF00,TSC,108
tscte200-uk,99-065A10F-00LF00,TSC,108
tscte200bt,99-065A101-U1LF00,TSC,8
tscte200cut,CUT-TE200-0001,TSC,14
tscte200peel4,PEL-TE200-0001,TSC,24
tscte200ph12,PH-TE200-0002,TSC,0
tscte200ph8,PH-TE200-0001,TSC,46
tscte210,99-065A301-00LF00,TSC,197
tscte210-3,99-065A301-U1LF00,TSC,0
tscte210-4,99-065A30D-00LF00,TSC,0
tscte210-5,99-065A301-S1LF00,TSC,0
tscte210plat,SP-TE200-0022,TSC,0
tscte300,99-065A701-00LF00,TSC,11
tscte300bt,99-065A701-U1LF00,TSC,0
tscte300plat,SP-TE200-0023,TSC,0
tscte310,99-065A901-00LF00,TSC,42
tscth220cut,CUT-TH220-0001,TSC,0
tscth220pel,PEL-TH220-0001,TSC,0
tscth220t,TH220-A001-0002,TSC,7
tscth220t-2,TH220-A001-1002,TSC,0
tscth220t-3,TH220-A001-1012,TSC,0
tscth220t-4,TH220-A001-1022,TSC,0
tscth220t-5,TH220-A001-1032,TSC,0
tscth220t-6,TH320-A001-1002,TSC,0
tscth220t-7,TH320-A001-1012,TSC,0
tscth220t-8,TH320-A001-1022,TSC,0
tscth220t-9,TH320-A001-1032,TSC,0
tscth220thc,TH220HC-A001-0002,TSC,4
tscth240,TH240-A001-1002,TSC,2
tscth240blu,SP-TH240-0044,TSC,2
tscth240comb,SP-TH240-0041,TSC,0
tscth240cut,CUT-TH240-0001,TSC,0
tscth240cut2,CUT-TH240-0002,TSC,1
tscth240hc,TH240HC-A002-0002,TSC,0
tscth240hc-2,TH240HC-A002-0102,TSC,0
tscth240hc-3,TH240HC-A002-0202,TSC,0
tscth240peel,PEL-TH240-0001,TSC,0
tscth240ph,PH-TH240-0001,TSC,6
tscth240r,TH240R-A001-0002,TSC,1
tscth240r-10,TH240R-A001-0212,TSC,0
tscth240r-11,TH240R-A001-0222,TSC,0
tscth240r-12,TH240R-A001-0232,TSC,0
tscth240r-2,TH240R-A001-0012,TSC,0
tscth240r-3,TH240R-A001-0022,TSC,0
tscth240r-4,TH240R-A001-0032,TSC,0
tscth240r-5,TH240R-A001-0102,TSC,0
tscth240r-6,TH240R-A001-0112,TSC,0
tscth240r-7,TH240R-A001-0122,TSC,0
tscth240r-8,TH240R-A001-0132,TSC,0
tscth240r-9,TH240R-A001-0202,TSC,0
tscth240rhc,TH240RHC-A001-0002,TSC,0
tscth240rhc-2,TH240RHC-A001-0012,TSC,0
tscth240rhc-3,TH240RHC-A001-0022,TSC,0
tscth240t,TH240-A001-0002,TSC,8
tscth240thc,TH240HC-A001-0002,TSC,0
tscth240wifi,WF-TH240-2001,TSC,0
tscth320t,TH320-A001-0002,TSC,1
tscth320thc,TH320HC-A001-0002,TSC,0
tscth340,TH340-A001-1002,TSC,0
tscth340ph,PH-TH240-0002,TSC,16
tscth340r,TH340R-A001-0002,TSC,0
tscth340r-10,TH340R-A001-0212,TSC,0
tscth340r-11,TH340R-A001-0222,TSC,0
tscth340r-12,TH340R-A001-0232,TSC,0
tscth340r-2,TH340R-A001-0012,TSC,0
tscth340r-3,TH340R-A001-0022,TSC,0
tscth340r-4,TH340R-A001-0032,TSC,0
tscth340r-5,TH340R-A001-0102,TSC,0
tscth340r-6,TH340R-A001-0112,TSC,0
tscth340r-7,TH340R-A001-0122,TSC,0
tscth340r-8,TH340R-A001-0132,TSC,0
tscth340r-9,TH340R-A001-0202,TSC,0
tscth340rhc,TH340RHC-A001-0002,TSC,0
tscth340rhc-2,TH340RHC-A001-0012,TSC,0
tscth340rhc-3,TH340RHC-A001-0022,TSC,0
tscth340t,TH340-A001-0002,TSC,1
tscth340thc,TH340HC-A001-0002,TSC,0
tscthplatr,SP-TH240-0027,TSC,17
tscttp2410cut3,98-0470080-20LF,TSC,0
tscttp247ph8,98-0250128-4ALF,TSC,13
tscttp286-2,99-135A002-0002,TSC,1
tscttp384-2,99-135A001-0002,TSC,0
tsctx200cut,98-0530027-00LF,TSC,0
tsctx200wifi,98-0530032-10LF,TSC,10
tsctx210,TX210-A001-1302,TSC,0
tsctx210-2,TX210-A001-1303,TSC,0
tsctx210-3,TX210-A001-1202,TSC,8
tsctx210-4,TX210-A001-1203,TSC,0
tsctx210cut,CUT-TX210-0001,TSC,14
tsctx210peel,PEL-TX210-0001,TSC,0
tsctx210ph,PH-TX210-0001,TSC,0
tsctx210ph2,PH-TX210-0002,TSC,0
tsctx210ph3,PH-TX210-0003,TSC,0
tsctx210plat,SP-TX210-0023,TSC,0
tsctx210plat2,SP-TX210-0024,TSC,0
tsctx210wint,WF-TX210-2002,TSC,0
tsctx310,TX310-A001-1302,TSC,0
tsctx310-2,TX310-A001-1303,TSC,0
tsctx310-3,TX310-A001-1202,TSC,14
tsctx310-4,TX310-A001-1203,TSC,0
tsctx610,TX610-A001-1202,TSC,7
tsctxroll,OP-COM-0002,TSC,0
tscucab,SP-COM-0002,TSC,0
tscwarmh241-1,MHX04-00-S0-12-20,TSC,9999
tscwarmh241-3,MH241-00-P0-36-20,TSC,9999
tscwbad3,WDA-105-OL,TSC,0
tscwbinf,WDI-104-OL,TSC,0
tscwifi2,WF-COM-0004,TSC,0
tt0025,704-110mm74m,GRAFICOR,988
tt0029,800262-075,ZEBRA,420
tt0038,800273-105,ZEBRA,156
tt0039,02300BK11045,ZEBRA,924
tt0041,03200GS11007,ZEBRA,3072
tt0043,880199-025D,ZEBRA,1788
tt0049,800273-205,ZEBRA,396
tt0053,800264-605,ZEBRA,504
tt0054,800264-255,ZEBRA,396
tt0055,800262-127,ZEBRA,720
tt0056,800262-125,ZEBRA,912
tt0061,800132-202,ZEBRA,1056
tt0062,76173,ZEBRA,8
tt0063,76522,ZEBRA,0
tt0064,880026-050,ZEBRA,60
tt0065,76180,ZEBRA,8
tt0082,880026-076,ZEBRA,108
tt0084,02100BK11045,ZEBRA,0
tt0087,05095GS06407,ZEBRA,2904
tt0094,880247-025D,ZEBRA,288
tt0095,800263-105,ZEBRA,132
tt0096,800263-205,ZEBRA,60
tt0098,880007-025D,ZEBRA,192
tt0099,76055,ZEBRA,90
tt0100,800132-002,ZEBRA,1176
tt0104,02300BK06045,ZEBRA,888
tt0105,05319BK08945,ZEBRA,0
tt0109,03400BK11045,ZEBRA,0
tt0110,880170-076,ZEBRA,0
tt0111,800740-155,ZEBRA,0
tt0112,880738-025,ZEBRA,0
tt0113,3004996,ZEBRA,0
tt0114,02300BK04045,ZEBRA,276
tt0119,800272-075,ZEBRA,360
tt0121,800132-101,ZEBRA,0
tt0124,3003076,ZEBRA,816
tt0125,76174,ZEBRA,0
tt0126,03400BK15645,ZEBRA,0
tt0130,02300BK17045,ZEBRA,156
tt0131,200807,ZEBRA,0
tt0136,880134-203,ZEBRA,0
tt0137,76536,ZEBRA,30
tt0138,76535,ZEBRA,0
tt0139,05100BK06045,ZEBRA,0
tt0140,800999-005,ZEBRA,12
tt0142,3004596,ZEBRA,640
tt0143,05095BK11045,ZEBRA,606
tt0144,800999-009,ZEBRA,228
tt0148,3003059,ZEBRA,0
tt0149,800630-205,ZEBRA,4
tt0151,880350-050,ZEBRA,0
tt0153,800294-605,ZEBRA,636
tt0154,3003074,ZEBRA,4576
tt0155,03200BK08045,ZEBRA,66
tt0157,76178,ZEBRA,0
tt0158,76179,ZEBRA,384
tt0176,880253-031D,ZEBRA,96
tt0177,02100BK08045,ZEBRA,264
tt0179,880013-038D,ZEBRA,324
tt0180,76054,ZEBRA,16
tt0181,76528,ZEBRA,0
tt0186,3006291-T,ZEBRA,27
tt0187,880134-038,ZEBRA,0
tt0191,76527,ZEBRA,0
tt0193,76534,ZEBRA,20
tt0194,05095BK04045,ZEBRA,108
tt0195,880010-031,ZEBRA,10
tt0196,03400BK08345,ZEBRA,12
tt0197,05555BK110D,ZEBRA,0
tt0198,04800BK08045,ZEBRA,276
tt0199,03200GS06407,ZEBRA,756
tt0200,800274-505,ZEBRA,276
tt0201,02300BK08945,ZEBRA,96
tt0202,05095GS08407,ZEBRA,624
tt0204,03200GS08407,ZEBRA,324
tt0205,880261-076D,ZEBRA,120
tt0207,880118-031,ZEBRA,0
tt0208,02100BK10245,ZEBRA,0
tt0210,02300GS03307,ZEBRA,384
tt0211,02300GS06407,ZEBRA,2472
tt0212,02300GS08407,ZEBRA,3324
tt0213,02300GS11007,ZEBRA,4944
tt0217,800640-605,ZEBRA,256
tt0218,76056,ZEBRA,0
tt0220,3007201-T,ZEBRA,1112
tt0224,3007209-T,ZEBRA,120
tt0225,03200BK10245,ZEBRA,12
tt0226,880010-050,ZEBRA,0
tt0230,880006-025,ZEBRA,0
tt0231,880269-025D,ZEBRA,264
tt0235,03200BK04045,ZEBRA,246
tt0236,800132-001,ZEBRA,0
tt0237,3007205-T,ZEBRA,32
tt0240,04800BK17445,ZEBRA,0
tt0241,880026-127,ZEBRA,0
tt0242,3007203-T,ZEBRA,372
tt0243,02300BK10245,ZEBRA,0
tt0244,3006039,ZEBRA,0
tt0246,76523,ZEBRA,4
tt0247,3007207,ZEBRA,24
tt0248,76524,ZEBRA,176
tt0249,3007208-T,ZEBRA,120
tt0250,05095BK06045,ZEBRA,276
tt0255,87985,ZEBRA,0
tt0256,3004486,ZEBRA,0
tt0257,3003073,ZEBRA,1136
tt0258,880249-031D,ZEBRA,36
tt0260,05095BK08345,ZEBRA,108
tt0263,3007202-T,ZEBRA,276
tt0264,800012-445,ZEBRA,37
tt0265,800012-601,ZEBRA,17
tt0266,03400BK13145,ZEBRA,144
tt0267,880022-038,ZEBRA,0
tt0268,3007206-T,ZEBRA,400
tt0274,880243-012D,ZEBRA,300
tt0276,3006131,ZEBRA,450
tt0279,105999-801,ZEBRA,0
tt0280,3003347,ZEBRA,200
tt0286,02300BK11090,ZEBRA,0
tt0292,76051,ZEBRA,0
tt0293,880261-050D,ZEBRA,204
tt0294,05319BK11045,ZEBRA,6
tt0296,05319BK10245,ZEBRA,0
tt0297,10005008,ZEBRA,0
tt0299,880350-152,ZEBRA,16
tt0304,880350-063,ZEBRA,0
tt0305,880350-101,ZEBRA,0
tt0308,3006129,ZEBRA,0
tt0311,880328-012,ZEBRA,0
tt0314,880378-044,ZEBRA,0
tt0315,3003070,ZEBRA,0
tt0316,02100BK04045,ZEBRA,0
tt0317,800274-105,ZEBRA,12
tt0318,3003353,ZEBRA,0
tt0320,3003060,ZEBRA,0
tt0321,03400BK06045,ZEBRA,84
tt0322,880134-050,ZEBRA,48
tt0324,880114-019,ZEBRA,0
tt0325,03200BK08945,ZEBRA,84
tt0329,76181,ZEBRA,0
tt0330,66131,ZEBRA,0
tt0335,3003355,ZEBRA,0
tt0336,76059,ZEBRA,0
tt0339,880283-050D,ZEBRA,0
tt0341,880018-127,ZEBRA,0
tt0344,05095BK08945,ZEBRA,12
tt0345,200957,ZEBRA,20
tt0346,74776,ZEBRA,0
tt0348,3006404-T,ZEBRA,0
tt0350,05095BK110D,ZEBRA,0
tt0351,03400BK17445,ZEBRA,0
tt0352,880243-025D,ZEBRA,0
tt0353,880746-101,ZEBRA,212
tt0354,3007204-T,ZEBRA,0
tt0357,3005093,ZEBRA,140
tt0359,10010065,ZEBRA,0
tt0361,3001699,ZEBRA,92
tt0362,66126,ZEBRA,0
tt0363,880023-063D,ZEBRA,168
tt0364,04800BK08945,ZEBRA,0
tt0366,02100BK15645,ZEBRA,0
tt0368,880134-127,ZEBRA,0
tt0369,10010064,ZEBRA,0
tt0370,880004-025,ZEBRA,0
tt0371,880020-050,ZEBRA,0
tt0372,05095BK15445,ZEBRA,18
tt0374,880350-025,ZEBRA,0
tt0376,3003632,ZEBRA,0
tt0377,3006777-T,ZEBRA,16
tt0378,3007419-T,ZEBRA,0
tt0385,76060,ZEBRA,208
tt0386,3006417,ZEBRA,0
tt0387,02100BK13145,ZEBRA,0
tt0388,03400BK10245,ZEBRA,0
tt0389,3006403-T,ZEBRA,72
tt0390,3002086,ZEBRA,0
tt0392,3007200-T,ZEBRA,348
tt0393,76642,ZEBRA,0
tt0394,04800BK11045,ZEBRA,540
tt0397,880005-019D,ZEBRA,0
tt0398,3005869,ZEBRA,102
tt0399,03200BK17445,ZEBRA,0
tt0403,3006308-T,ZEBRA,0
tt0404,3005676,ZEBRA,36
tt0409,66087,ZEBRA,0
tt0414,880386-076,ZEBRA,0
tt0415,880255-025D,ZEBRA,72
tt0416,3004861-T,ZEBRA,0
tt0417,03400BK08945,ZEBRA,0
tt0418,3006305,ZEBRA,0
tt0419,880344-025,ZEBRA,0
tt0420,3002654,ZEBRA,8
tt0422,03400BK04045,ZEBRA,0
tt0423,05100BK11045,ZEBRA,0
tt0424,3002908,ZEBRA,0
tt0426,880409-031DU,ZEBRA,72
tt0427,800012-901,ZEBRA,2
tt0428,76058,ZEBRA,0
tt0429,02100BK10645,ZEBRA,0
tt0430,3003075,ZEBRA,0
tt0432,02100BK22045,ZEBRA,0
tt0437,3006628,ZEBRA,60
tt0438,02300BK13145,ZEBRA,0
tt0440,3006493,ZEBRA,72
tt0441,880249-019D,ZEBRA,0
tt0442,800033-801,ZEBRA,65
tt0443,880368-019,ZEBRA,0
tt0445,3006307-T,ZEBRA,0
tt0446,3003071,ZEBRA,144
tt0449,3006296,ZEBRA,0
tt0450,880372-025,ZEBRA,0
tt0452,880026-038,ZEBRA,0
tt0453,3004416,ZEBRA,0
tt0454,880006-063,ZEBRA,0
tt0458,05319BL11045,ZEBRA,0
tt0459,03200BK15645,ZEBRA,186
tt0461,3002087,ZEBRA,234
tt0462,880332-019,ZEBRA,0
tt0463,800012-480,ZEBRA,0
tt0464,05319GD11030,ZEBRA,0
tt0465,3003349,ZEBRA,0
tt0473,3006293-T,ZEBRA,0
tt0474,880358-101,ZEBRA,0
tt0481,3007158-T,ZEBRA,0
tt0484,87604,ZEBRA,288
tt0488,800012-942,ZEBRA,0
tt0489,76015,ZEBRA,0
tt0493,05100BK08945,ZEBRA,0
tt0502,3007453,ZEBRA,0
tt0503,880026-203,ZEBRA,0
tt0504,880374-019,ZEBRA,0
tt0505,880374-038,ZEBRA,0
tt0506,880380-076,ZEBRA,0
tt0548,3006255,ZEBRA,0
tt0550,880332-025,ZEBRA,0
tt0570,3004410,ZEBRA,0
tt0636,T13468ZA,ARMOR,0
tt0650,T14128ZA,ARMOR,0
tt0767,T21251ZA,ARMOR,100
tt0816,T23256ZA,ARMOR,0
tt0843,T25911ZA,ARMOR,0
tt0850,T26344ZA,ARMOR,20
tt0851,T26364ZA,ARMOR,0
tt0937,T47318ZA,ARMOR,0
tt0965,01942-058Z,ZEBRA,0
tt0966,10004425,ZEBRA,0
tt0972,3006319,ZEBRA,72
tt0979,880386-101,ZEBRA,0
tt0999,3006321,ZEBRA,396
tt1000,05095BK11030,ZEBRA,168
tt1002,3006322,ZEBRA,708
tt1003,3007253-T,ZEBRA,112
tt1006,3004645,ZEBRA,76
tt1008,880368-025,ZEBRA,0
tt1009,76013,ZEBRA,0
tt1010,02300BK22045,ZEBRA,144
tt1011,3002173,ZEBRA,0
tt1019,03200BK08330,ZEBRA,60
tt1020,74917,ZEBRA,0
tt1031,3006318,ZEBRA,1152
tt1033,3006324,ZEBRA,0
tt1034,3006326,ZEBRA,184
tt1035,02300BK06030,ZEBRA,180
tt1036,02300BK08330,ZEBRA,156
tt1037,02300BK11030,ZEBRA,936
tt1038,03200BK06030,ZEBRA,42
tt1040,03200BK11030,ZEBRA,306
tt1041,05095BK06030,ZEBRA,114
tt1042,05095BK08330,ZEBRA,18
tt1045,3009050,ZEBRA,0
tt1050,880336-012,ZEBRA,0
tt1059,87443,ZEBRA,12
tt1060,3002866,ZEBRA,0
tt1063,66090,ZEBRA,0
tt1101,C33S045419,EPSON,106
tt1102,C33S045417,EPSON,968
tt1103,C33S045418,EPSON,366
tt1104,C33S045390,EPSON,28
tt1105,C33S045389,EPSON,89
tt1109,02100BK17445,ZEBRA,0
tt1112,66088,ZEBRA,0
tt1117,3005091,ZEBRA,0
tt1132,880380-025,ZEBRA,0
tt1146,3006419-T,ZEBRA,496
tt1154,3006323,ZEBRA,40
tt1174,3006325,ZEBRA,0
tt1175,T47465ZA,ARMOR,0
tt1178,880191-101D,ZEBRA,132
tt1179,05100BK04045,ZEBRA,0
tt1193,880239-076D,ZEBRA,24
tt1197,3003360,ZEBRA,0
tt1239,76186,ZEBRA,0
tt1242,800132-201,ZEBRA,72
tt1243,3008835,ZEBRA,0
tt1251,01942-080Z,ZEBRA,372
tt1256,76018,ZEBRA,4
tt1266,880026-082,ZEBRA,0
tt1277,66125,ZEBRA,0
tt1280,05319RD11045,ZEBRA,0
tt1281,10015355K,ZEBRA,189
tt1285,3007589-T,ZEBRA,100
tt1289,05095BK13145,ZEBRA,0
tt1329,03200BK13145,ZEBRA,0
tt1331,800085-914,ZEBRA,10
tt1332,800085-918,ZEBRA,0
tt1362,800033-301,ZEBRA,17
tt1365,T51662,ARMOR,0
tt1368,880191-076D,ZEBRA,276
tt1374,800012-543,ZEBRA,0
tt1382,3007804,ZEBRA,0
tt1384,880277-076D,ZEBRA,0
tt1389,10015357K,ZEBRA,0
tt1392,T53269ZA,ARMOR,0
tt1399,880181-031D,ZEBRA,312
tt1403,10018856,ZEBRA,0
tt1404,10018857,ZEBRA,0
tt1405,10019015,ZEBRA,0
tt1411,01941-210Z,ZEBRA,0
tt1418,03200BK22045,ZEBRA,0
tt1422,05095BK17445,ZEBRA,0
tt1432,3003739,ZEBRA,0
tt1436,3008731-T,ZEBRA,880
tt1469,3004840-T,ZEBRA,160
tt1471,3007623,ZEBRA,12
tt1474,C33S045531,EPSON,310
tt1475,C33S045534,EPSON,239
tt1478,74941,ZEBRA,60
tt1480,880026-031,ZEBRA,0
tt1481,04800BK13145,ZEBRA,0
tt1484,04800BK04045,ZEBRA,36
tt1487,C33S045533,EPSON,557
tt1495,C33S045532,EPSON,817
tt1507,3007189-T,ZEBRA,0
tt1518,02300GT11030,ZEBRA,396
tt1640,1-970649-27-0,HONEYWELL,0
tt1649,03400BK22045,ZEBRA,0
tt1654,880419-038DU,ZEBRA,0
tt1655,3008727-T,ZEBRA,0
tt1657,3008139-T,ZEBRA,0
tt1658,880411-031DU,ZEBRA,0
tt1664,T40808ZA,ARMOR,0
tt1704,C33S045535,EPSON,54
tt1713,T42371ZA,ARMOR,0
tt1717,55057-00328,HEIPA,2900
tt1720,3010520,ZEBRA,0
tt1722,3007766-T,ZEBRA,0
tt1724,3010522,ZEBRA,0
tt1738,3010586-T,ZEBRA,0
tt1758,3004723,ZEBRA,0
tt1781,3008871-T,ZEBRA,0
tt1811,01942-060Z,ZEBRA,0
tt1814,880171-019D,ZEBRA,0
tt1816,3007394-1T,ZEBRA,0
tt1824,3004634,ZEBRA,0
tt1834,880019-088D,ZEBRA,0
tt1845,3008872-T,ZEBRA,0
tt1849,880003-012D,ZEBRA,0
tt1851,3006097,ZEBRA,0
tt1857,10003853,ZEBRA,0
tt1858,3010065-T,ZEBRA,0
tt1872,880018-019,ZEBRA,0
tt1881,04800BK22045,ZEBRA,0
tt1887,3008135,ZEBRA,0
tt1891,3005381,ZEBRA,0
tt1897,3008181-T,ZEBRA,0
tt1915,880890-076U,ZEBRA,0
tt1920,3003970,ZEBRA,0
tt1935,C33S045724,EPSON,225
tt1936,C33S045722,EPSON,2
tt1937,C33S045723,EPSON,178
tt1938,C33S045726,EPSON,17
tt1939,C33S045725,EPSON,40
tt1972,3010366-1T,ZEBRA,0
tt1977,3007350-T,ZEBRA,0
tt1985,880020-038,ZEBRA,0
tt2048,880175-031D,ZEBRA,888
tt2050,880169-012D,ZEBRA,0
tt2113,880378-031,ZEBRA,0
tt2114,3011363-T,ZEBRA,0
tt2122,3007301-T,ZEBRA,0
tt2127,3006690,ZEBRA,0
tt2138,880171-031D,ZEBRA,0
tt2149,86986,ZEBRA,0
tt2174,3007155,ZEBRA,0
tt2190,3007519-T,ZEBRA,0
tt2191,01600BK11045,ZEBRA,0
tt2206,3011781,ZEBRA,0
tt2218,880191-177D,ZEBRA,0
tt2221,880328-152,ZEBRA,0
tt2247,3005737-T,ZEBRA,0
tt2264,3011700,ZEBRA,0
tt2270,3011715,ZEBRA,0
tt2272,3011718,ZEBRA,0
tt2274,T19559ZA,ARMOR,0
tt2285,880677-044DU,ZEBRA,0
tt2287,3011701,ZEBRA,0
tt2308,3004387PI,ZEBRA,0
tt2310,880005-031D,ZEBRA,0
tt2322,3007899-T,ZEBRA,0
tt2323,880009-038D,ZEBRA,0
tt2326,3008317-T,ZEBRA,0
tt2336,C33S045727,EPSON,58
tt2346,3011702,ZEBRA,0
tt2351,3011714,ZEBRA,88
tt2366,74777,ZEBRA,0
tt2375,3011713,ZEBRA,16
tt2387,03200GT11030,ZEBRA,0
tt2395,74912,ZEBRA,0
tt2411,3011711,ZEBRA,0
tt2417,3011703,ZEBRA,0
tt2421,3008870-T,ZEBRA,160
tt2428,3012681-T,ZEBRA,0
tt2432,880181-038D,ZEBRA,120
tt2455,3012789-T,ZEBRA,0
tt2469,3003623,ZEBRA,0
tt2473,3004954,ZEBRA,0
tt2474,P159025-001,TSC,0
tt2475,"TIJ 85-90",NAKAGAWA,0
tt2493,3009051,ZEBRA,0
tt2507,3012948-T,ZEBRA,0
tt2508,880431-025DU,ZEBRA,0
tt2511,880018-152,ZEBRA,24
tt2512,3008003-T,ZEBRA,0
tt2516,3007070,ZEBRA,0
tt2540,01600BK15645,ZEBRA,0
tt2541,02300BK15690,ZEBRA,0
tt2548,3005778-T,ZEBRA,0
tt2554,87111,ZEBRA,0
tt2555,3003253,ZEBRA,0
tt2556,880243-019D,ZEBRA,0
tt2565,3005536,ZEBRA,0
tt2574,800085-913,ZEBRA,0
tt2586,880261-152D,ZEBRA,0
tt2588,3008632,ZEBRA,0
tt2589,05095BK22045,ZEBRA,0
tt2601,3008910-T,ZEBRA,0
tt2605,3007533-1T,ZEBRA,0
tt2616,3009731-T,ZEBRA,0
tt2617,76349,ZEBRA,0
tt2626,3012884-T,ZEBRA,108
tt2627,880019-025D,ZEBRA,0
tt2629,3012913-T,ZEBRA,5056
tt2632,3011017,ZEBRA,0
tt2633,3004428,ZEBRA,0
tt2634,3012973,ZEBRA,100
tt2640,3013497-T,ZEBRA,0
tt2642,3011558,ZEBRA,0
tt2645,3010175,ZEBRA,0
tt2647,3011399,ZEBRA,0
tt2655,3001224,ZEBRA,0
tt2658,3011094-T,ZEBRA,0
tt2659,3011159,ZEBRA,12
tt2672,3012911-T,ZEBRA,752
tt2674,880247-031D,ZEBRA,12
tt2678,3012950,ZEBRA,0
tt2679,3012403,ZEBRA,0
tt2681,3012672,ZEBRA,0
tt2682,880023-019D,ZEBRA,0
tt2684,OZ293851CT,ESEN,0
tt2685,OZ293876CT,ESEN,25
tt2686,OZ293876127,ESEN,0
tt2687,OZ2938102CT,ESEN,39
tt2688,OZ2938102152,ESEN,3
tt2689,OZ293810276,ESEN,0
tt2696,880599-101DU,ZEBRA,0
tt2697,3007765-T,ZEBRA,0
tt2699,3010662,ZEBRA,0
tt2706,880179-031D,ZEBRA,0
tt2707,3012964,ZEBRA,92
tt2711,3009192-T,ZEBRA,0
tt2713,T54068ZA,ARMOR,0
tt2715,3010685,ZEBRA,0
tt2716,3011028-T,ZEBRA,0
tt2722,3012912-T,ZEBRA,1200
tt2724,3003728,ZEBRA,0
tt2725,3004817,ZEBRA,0
tt2734,3012362-T,ZEBRA,0
tt2736,3010597,ZEBRA,20
tt2737,3012558-T,ZEBRA,0
tt2738,3006928-T,ZEBRA,0
tt2739,3012759-T,ZEBRA,0
tt2745,880191-063D,ZEBRA,0
tt2746,3005171-T,ZEBRA,0
tt2755,880015-038D,ZEBRA,0
tt2756,3006622,ZEBRA,0
tt2773,800300-306,ZEBRA,0
tt2774,800300-307,ZEBRA,0
tt2775,800300-302,ZEBRA,0
tt2776,800300-304,ZEBRA,0
tt2786,3011448-T,ZEBRA,0
tt2793,T63445IO,ARMOR,0
tt2794,T63478IO,ARMOR,0
tt2795,T52460IO,ARMOR,0
tt2796,T63364IO,ARMOR,0
tt2797,T53483IO,ARMOR,0
tt2798,T52327IO,ARMOR,0
tt2800,T52386IO,ARMOR,0
tt2801,T57708IO,ARMOR,0
tt2803,T52665IO,ARMOR,0
tt2804,T64195IO,ARMOR,0
tt2805,T55127IO,ARMOR,0
tt2806,T63381IO,ARMOR,0
tt2807,T47653IO,ARMOR,0
tt2808,T58353IO,ARMOR,0
tt2809,T63362IO,ARMOR,0
tt2812,T63221IO,ARMOR,0
tt2814,T63223IO,ARMOR,0
tt2830,T63246IO,ARMOR,0
tt2831,T63247IO,ARMOR,0
tt2832,T63248IO,ARMOR,0
tt2833,T63249IO,ARMOR,0
tt2834,T63252IO,ARMOR,0
tt2839,T63259IO,ARMOR,0
tt2840,T63260IO,ARMOR,0
tt2841,T63261IO,ARMOR,10
tt2842,T63262IO,ARMOR,0
tt2843,T63263IO,ARMOR,30
tt2844,T63267IO,ARMOR,0
tt2845,T63268IO,ARMOR,0
tt2849,T63273IO,ARMOR,0
tt2850,T63274IO,ARMOR,0
tt2853,T63279IO,ARMOR,0
tt2854,T63280IO,ARMOR,0
tt2855,T63282IO,ARMOR,0
tt2858,T63290IO,ARMOR,0
tt2860,T63294IO,ARMOR,0
tt2861,T14694IO,ARMOR,0
tt2862,T14814IO,ARMOR,0
tt2865,T15130IO,ARMOR,0
tt2866,T15135IO,ARMOR,0
tt2867,T63300IO,ARMOR,0
tt2868,T15709IO,ARMOR,0
tt2869,T63301IO,ARMOR,0
tt2870,T15729IO,ARMOR,0
tt2871,T63302IO,ARMOR,0
tt2873,T16008IO,ARMOR,0
tt2874,T16623IO,ARMOR,0
tt2876,T65419IO,ARMOR,0
tt2878,T63312IO,ARMOR,0
tt2890,T64183IO,ARMOR,0
tt2891,T64184IO,ARMOR,0
tt2892,T64159IO,ARMOR,0
tt2893,T64211IO,ARMOR,0
tt2894,T64212IO,ARMOR,40
tt2895,T64157IO,ARMOR,0
tt2896,T64208IO,ARMOR,0
tt2898,T64206IO,ARMOR,0
tt2899,T64144IO,ARMOR,0
tt2900,T64197IO,ARMOR,0
tt2901,T64147IO,ARMOR,0
tt2902,T64148IO,ARMOR,0
tt2903,T64199IO,ARMOR,0
tt2904,T64168IO,ARMOR,0
tt2905,T64219IO,ARMOR,0
tt2906,T64220IO,ARMOR,0
tt2907,T64170IO,ARMOR,0
tt2908,T64221IO,ARMOR,0
tt2909,T64213IO,ARMOR,0
tt2910,T64214IO,ARMOR,0
tt2911,T64215IO,ARMOR,0
tt2912,T21251IO,ARMOR,0
tt2914,T64222IO,ARMOR,0
tt2915,T64223IO,ARMOR,0
tt2916,T64224IO,ARMOR,0
tt2917,T64171IO,ARMOR,0
tt2918,T64172IO,ARMOR,0
tt2919,T63321IO,ARMOR,0
tt2920,T63322IO,ARMOR,0
tt2923,T21891IO,ARMOR,0
tt2924,T21893IO,ARMOR,0
tt2925,T21904IO,ARMOR,0
tt2928,T22105IO,ARMOR,0
tt2929,T22150IO,ARMOR,0
tt2935,T22582IO,ARMOR,0
tt2939,T64191IO,ARMOR,0
tt2940,T22385IO,ARMOR,0
tt2942,T23201IO,ARMOR,0
tt2943,T65434IO,ARMOR,0
tt2944,T23255IO,ARMOR,0
tt2945,T22427IO,ARMOR,60
tt2946,T24022IO,ARMOR,0
tt2952,T24286IO,ARMOR,0
tt2954,T25072IO,ARMOR,0
tt2958,T25811IO,ARMOR,0
tt2962,T25911IO,ARMOR,0
tt2963,T26186IO,ARMOR,0
tt2964,T26322IO,ARMOR,0
tt2965,T26343IO,ARMOR,0
tt2966,T26344IO,ARMOR,0
tt2967,T26364IO,ARMOR,0
tt2968,T26405IO,ARMOR,0
tt2969,T26227IO,ARMOR,0
tt2970,T26228IO,ARMOR,0
tt2971,T63338IO,ARMOR,0
tt2972,T26683IO,ARMOR,0
tt2973,T63341IO,ARMOR,0
tt2974,T65505IO,ARMOR,0
tt2975,T42392IO,ARMOR,50
tt2976,T42393IO,ARMOR,0
tt2977,T42394IO,ARMOR,0
tt2978,T42483IO,ARMOR,0
tt2979,T63348IO,ARMOR,0
tt2980,T63350IO,ARMOR,0
tt2981,T63351IO,ARMOR,0
tt2982,T63352IO,ARMOR,0
tt2984,T42497IO,ARMOR,0
tt2985,T42501IO,ARMOR,0
tt2986,T42502IO,ARMOR,380
tt2987,T42506IO,ARMOR,0
tt2988,T42507IO,ARMOR,0
tt2989,T42508IO,ARMOR,0
tt2990,T42509IO,ARMOR,0
tt2991,T42511IO,ARMOR,0
tt2992,T42512IO,ARMOR,0
tt2993,T42833IO,ARMOR,0
tt2994,T42516IO,ARMOR,0
tt2995,T42517IO,ARMOR,0
tt2996,T42519IO,ARMOR,0
tt2997,T42520IO,ARMOR,0
tt2998,T42521IO,ARMOR,0
tt2999,T42522IO,ARMOR,0
tt3000,T42524IO,ARMOR,0
tt3001,T63354IO,ARMOR,0
tt3002,T63358IO,ARMOR,0
tt3003,T42725IO,ARMOR,0
tt3004,T63383IO,ARMOR,0
tt3005,T43172IO,ARMOR,0
tt3006,T43343IO,ARMOR,0
tt3007,T43524IO,ARMOR,0
tt3008,T43716IO,ARMOR,0
tt3009,T63407IO,ARMOR,0
tt3010,T47318IO,ARMOR,275
tt3011,T24939IO,ARMOR,100
tt3012,T47328IO,ARMOR,0
tt3013,T47329IO,ARMOR,0
tt3014,T47331IO,ARMOR,200
tt3015,T47333IO,ARMOR,0
tt3016,T47334IO,ARMOR,0
tt3017,T47335IO,ARMOR,0
tt3018,T47337IO,ARMOR,0
tt3019,T47652IO,ARMOR,0
tt3020,T47661IO,ARMOR,0
tt3022,T48626IO,ARMOR,0
tt3023,T63441IO,ARMOR,0
tt3024,T64294IO,ARMOR,0
tt3025,T64369IO,ARMOR,0
tt3026,T64364IO,ARMOR,0
tt3027,T64372IO,ARMOR,0
tt3028,T43684IO,ARMOR,0
tt3029,T46980IO,ARMOR,0
tt3030,T63440IO,ARMOR,0
tt3031,T63373IO,ARMOR,0
tt3032,T63397IO,ARMOR,0
tt3033,T63395IO,ARMOR,0
tt3034,T63349IO,ARMOR,0
tt3035,T16843IO,ARMOR,0
tt3037,T63363IO,ARMOR,0
tt3038,T42867IO,ARMOR,0
tt3039,T42529IO,ARMOR,0
tt3040,T44946IO,ARMOR,0
tt3041,T47721IO,ARMOR,0
tt3042,T64210IO,ARMOR,0
tt3043,T65425IO,ARMOR,0
tt3044,T44970IO,ARMOR,0
tt3046,T42504IO,ARMOR,120
tt3047,T52384IO,ARMOR,0
tt3048,T49378IO,ARMOR,0
tt3049,T47698IO,ARMOR,0
tt3050,T16842IO,ARMOR,0
tt3052,T43960IO,ARMOR,0
tt3053,T64351IO,ARMOR,0
tt3055,T64209IO,ARMOR,0
tt3056,T64146IO,ARMOR,0
tt3057,T47664IO,ARMOR,0
tt3058,T42523IO,ARMOR,0
tt3060,T64357IO,ARMOR,0
tt3061,T64368IO,ARMOR,0
tt3063,T63253IO,ARMOR,0
tt3064,T63251IO,ARMOR,0
tt3065,T42514IO,ARMOR,0
tt3066,T43607IO,ARMOR,0
tt3067,T63266IO,ARMOR,0
tt3068,T20871IO,ARMOR,0
tt3069,T64347IO,ARMOR,0
tt3070,T26725IO,ARMOR,0
tt3071,T64383IO,ARMOR,0
tt3072,T43534IO,ARMOR,0
tt3073,T47465IO,ARMOR,0
tt3076,T59511IO,ARMOR,0
tt3078,T47516IO,ARMOR,0
tt3080,T64163IO,ARMOR,0
tt3086,T15707IO,ARMOR,0
tt3087,T42526IO,ARMOR,0
tt3088,T63313IO,ARMOR,0
tt3089,T64145IO,ARMOR,0
tt3090,T12848IO,ARMOR,0
tt3091,T52383IO,ARMOR,0
tt3093,T43491IO,ARMOR,0
tt3094,T63264IO,ARMOR,240
tt3095,T64156IO,ARMOR,0
tt3096,T63379IO,ARMOR,0
tt3097,T47037IO,ARMOR,0
tt3100,T64371IO,ARMOR,0
tt3103,T47654IO,ARMOR,0
tt3104,T13564IO,ARMOR,0
tt3105,T41045IO,ARMOR,0
tt3106,T42518IO,ARMOR,0
tt3107,T51868IO,ARMOR,0
tt3108,T43798IO,ARMOR,0
tt3110,T53269IO,ARMOR,0
tt3111,T48138IO,ARMOR,0
tt3112,T42878IO,ARMOR,0
tt3113,T63270IO,ARMOR,0
tt3115,T16014IO,ARMOR,0
tt3116,T52385IO,ARMOR,0
tt3117,T23073IO,ARMOR,0
tt3118,T12846IO,ARMOR,0
tt3119,T64204IO,ARMOR,0
tt3120,T43354IO,ARMOR,0
tt3121,T64380IO,ARMOR,0
tt3122,T63453IO,ARMOR,0
tt3123,T43991IO,ARMOR,0
tt3124,T64162IO,ARMOR,0
tt3125,T65393IO,ARMOR,0
tt3128,T64370IO,ARMOR,0
tt3129,T43078IO,ARMOR,0
tt3130,T63409IO,ARMOR,0
tt3131,T63458IO,ARMOR,0
tt3133,T64139IO,ARMOR,0
tt3134,T42371IO,ARMOR,0
tt3135,T16192IO,ARMOR,0
tt3137,T64155IO,ARMOR,0
tt3138,T64164IO,ARMOR,0
tt3139,T64141IO,ARMOR,0
tt3140,T48247IO,ARMOR,0
tt3141,T64165IO,ARMOR,0
tt3142,T64245IO,ARMOR,0
tt3144,T14984IO,ARMOR,0
tt3145,T53772IO,ARMOR,0
tt3146,T52882IO,ARMOR,0
tt3147,T53461IO,ARMOR,0
tt3148,T63480IO,ARMOR,0
tt3149,T63325IO,ARMOR,0
tt3150,T64218IO,ARMOR,0
tt3151,T63368IO,ARMOR,0
tt3152,T53531IO,ARMOR,0
tt3153,T48598IO,ARMOR,0
tt3154,T64388IO,ARMOR,0
tt3155,T48262IO,ARMOR,0
tt3156,T14985IO,ARMOR,0
tt3157,T63391IO,ARMOR,0
tt3158,T43267IO,ARMOR,0
tt3160,T23147IO,ARMOR,0
tt3161,T64376IO,ARMOR,0
tt3162,T63454IO,ARMOR,0
tt3163,T53319IO,ARMOR,0
tt3165,T64198IO,ARMOR,10
tt3166,T64158IO,ARMOR,10
tt3167,T63444IO,ARMOR,0
tt3168,T64196IO,ARMOR,0
tt3170,T48984IO,ARMOR,0
tt3171,T47671IO,ARMOR,0
tt3172,T17048IO,ARMOR,0
tt3173,T41767IO,ARMOR,0
tt3175,T64363IO,ARMOR,0
tt3176,T64365IO,ARMOR,0
tt3178,T53513IO,ARMOR,0
tt3180,T43085IO,ARMOR,0
tt3182,T55583IO,ARMOR,0
tt3183,T58210IO,ARMOR,0
tt3184,T55594IO,ARMOR,0
tt3188,T64173IO,ARMOR,0
tt3191,T47397IO,ARMOR,0
tt3194,T65427IO,ARMOR,0
tt3195,T64333IO,ARMOR,0
tt3196,T63265IO,ARMOR,0
tt3200,T24466IO,ARMOR,0
tt3201,T14981IO,ARMOR,0
tt3202,T63388IO,ARMOR,0
tt3203,T56269IO,ARMOR,0
tt3204,T44294IO,ARMOR,0
tt3205,T14983IO,ARMOR,0
tt3206,T63448IO,ARMOR,0
tt3208,T64194IO,ARMOR,0
tt3210,T63309IO,ARMOR,0
tt3211,T44315IO,ARMOR,0
tt3212,T47665IO,ARMOR,0
tt3214,T65438IO,ARMOR,0
tt3215,T58066IO,ARMOR,0
tt3217,T64338IO,ARMOR,0
tt3218,T50030IO,ARMOR,0
tt3219,T63316IO,ARMOR,0
tt3220,T57847IO,ARMOR,0
tt3222,T53060IO,ARMOR,0
tt3223,T54808IO,ARMOR,0
tt3224,T24014IO,ARMOR,0
tt3227,T63297IO,ARMOR,0
tt3228,T47686IO,ARMOR,125
tt3230,T53468IO,ARMOR,0
tt3232,T63431IO,ARMOR,0
tt3233,T27639IO,ARMOR,0
tt3234,T56630IO,ARMOR,0
tt3235,T52175IO,ARMOR,0
tt3236,T64386IO,ARMOR,0
tt3237,T54100IO,ARMOR,0
tt3240,T44007IO,ARMOR,0
tt3241,T63549IO,ARMOR,0
tt3242,T63456IO,ARMOR,0
tt3243,T51430IO,ARMOR,0
tt3244,T53048IO,ARMOR,0
tt3245,T54068IO,ARMOR,0
tt3246,T53415IO,ARMOR,0
tt3248,3011250-T,ZEBRA,0
tt3250,T40808IO,ARMOR,0
tt3251,T23382IO,ARMOR,0
tt3253,3009620-T,ZEBRA,0
tt3254,T62084IO,ARMOR,0
tt3255,T62084ZA,ARMOR,0
tt3256,T43071IO,ARMOR,0
tt3257,3012962,ZEBRA,0
tt3258,3010793,ZEBRA,64
tt3263,3014042-T,ZEBRA,0
tt3265,"C34 EM6 96x134",NAKAGAWA,7
tt3268,3006714-T,ZEBRA,0
tt3269,T53433IO,ARMOR,0
tt3276,T65397IO,ARMOR,0
tt3279,3013287,ZEBRA,750
tt3280,3013286,ZEBRA,250
tt3281,10031289K,ZEBRA,0
tt3283,T53516IO,ARMOR,0
tt3284,T53516ZA,ARMOR,0
tt3288,880403-019DU,ZEBRA,0
tt3289,T53756IO,ARMOR,0
tt3292,3009787-T,ZEBRA,0
tt3296,3013758,ZEBRA,1240
tt3298,T55452IO,ARMOR,0
tt3299,880015-025D,ZEBRA,0
tt3300,3003725,ZEBRA,0
tt3302,3012910-T,ZEBRA,128
tt3304,T59243IO,ARMOR,0
tt3306,T13022IO,ARMOR,1180
tt3307,3012883-T,ZEBRA,0
tt3309,T43499ZA,ARMOR,0
tt3312,T40185IO,ARMOR,0
tt3316,3013689,ZEBRA,0
tt3319,3010066-T,ZEBRA,0
tt3326,3009003-T,ZEBRA,0
tt3327,880187-031D,ZEBRA,0
tt3331,T47670IO,ARMOR,0
tt3411,I90486-0,HONEYWELL,0
tt3412,1-091645-20-0,HONEYWELL,0
tt3413,I90481-0,HONEYWELL,0
tt3414,1-091645-10-0,HONEYWELL,0
tt3415,I90483-0,HONEYWELL,0
tt3416,1-091645-01-0,HONEYWELL,0
tt3418,I90487-0,HONEYWELL,0
tt3419,1-091646-20,HONEYWELL,0
tt3420,I90480-0,HONEYWELL,0
tt3421,I90208-0,HONEYWELL,0
tt3422,1-091646-01,HONEYWELL,0
tt3423,1-091649-01-0,HONEYWELL,0
tt3424,I90484-0,HONEYWELL,0
tt3425,I90488-0,HONEYWELL,22
tt3426,1-091647-02-0,HONEYWELL,0
tt3427,I90485-0,HONEYWELL,0
tt3432,I90657-0,HONEYWELL,0
tt3443,I90659-0,HONEYWELL,0
tt3448,I90078-0,HONEYWELL,0
tt3449,1-130649-27-0,HONEYWELL,0
tt3450,I90677-0,HONEYWELL,0
tt3451,1-970646-25,HONEYWELL,0
tt3452,1-970646-63,HONEYWELL,0
tt3453,I90163-0,HONEYWELL,0
tt3454,I90056-0,HONEYWELL,0
tt3455,I90064-0,HONEYWELL,0
tt3456,1-130646-17,HONEYWELL,0
tt3457,1-130649-17-0,HONEYWELL,0
tt3458,I90639-0,HONEYWELL,0
tt3459,1-970646-15,HONEYWELL,0
tt3460,1-970646-62,HONEYWELL,0
tt3462,I90026-0,HONEYWELL,7
tt3463,1-130649-07-0,HONEYWELL,0
tt3464,1-970700-05-0,HONEYWELL,0
tt3465,1-970649-07-0,HONEYWELL,0
tt3466,1-970646-05,HONEYWELL,0
tt3467,1-970646-07,HONEYWELL,0
tt3468,1-970646-61,HONEYWELL,0
tt3469,I90169-0,HONEYWELL,0
tt3470,1-970649-47-0,HONEYWELL,0
tt3471,1-970646-60,HONEYWELL,0
tt3472,I90070-0,HONEYWELL,0
tt3473,I90080-0,HONEYWELL,0
tt3475,I90679-0,HONEYWELL,0
tt3476,I90575-0,HONEYWELL,0
tt3477,I90165-0,HONEYWELL,0
tt3478,I90581-0,HONEYWELL,0
tt3479,I90027-0,HONEYWELL,0
tt3480,1-130647-01-0,HONEYWELL,0
tt3481,1-970657-01-0,HONEYWELL,0
tt3482,1-970647-02-0,HONEYWELL,0
tt3483,3013781,ZEBRA,150
tt3484,T17229ZA,ARMOR,0
tt3485,880343-050D,ZEBRA,0
tt3486,880175-012D,ZEBRA,0
tt3489,T63278IO,ARMOR,0
tt3496,3002485,ZEBRA,0
tt3504,T46140IO,ARMOR,0
tt3505,3013759,ZEBRA,1000
tt3506,T57869IO,ARMOR,0
tt3508,T64362IO,ARMOR,0
tt3518,3005235,ZEBRA,0
tt3519,3012176-T,ZEBRA,0
tt3521,881176-044U,ZEBRA,0
tt3522,T64418IO,ARMOR,0
tt3523,T64411IO,ARMOR,0
tt3534,10015355-RK,ZEBRA,6
tt3538,T60863IO,ARMOR,0
tt3539,880173-012D,ZEBRA,0
tt3546,880173-019D,ZEBRA,0
tt3551,3002526,ZEBRA,0
tt3552,3013690,ZEBRA,0
tt3554,3008426,ZEBRA,0
tt3555,T63471IO,ARMOR,0
tt3557,200903,ZEBRA,0
tt3559,03300GS11007,ZEBRA,24
tt3561,3012373-T,ZEBRA,0
tt3564,T52981IO,ARMOR,0
tt3566,880694-025,ZEBRA,0
tt3567,01942-112Z,ZEBRA,0
tt3570,3012330,ZEBRA,0
tt3571,880259-031D,ZEBRA,0
tt3574,03300GS06407,ZEBRA,0
tt3575,03300GS08407,ZEBRA,72
tt3578,3013291-T,ZEBRA,0
tt3582,74736,ZEBRA,0
tt3583,10015359K,ZEBRA,3
tt3589,880337-031D,ZEBRA,0
tt3593,3012625-T,ZEBRA,0
tt3594,3003392,ZEBRA,0
tt3597,T27368IO,ARMOR,0
tt3609,880175-025D,ZEBRA,0
tt3611,T54035IO,ARMOR,0
tt3626,01600BK13145,ZEBRA,0
tt3627,01600BK08345,ZEBRA,0
tt3628,01600BK06045,ZEBRA,0
tt3630,T65420IO,ARMOR,0
tt3632,880431-038DU,ZEBRA,0
tt3633,T52639IO,ARMOR,0
tt3656,T63390IO,ARMOR,0
tt3666,P159053-001,TSC,0
tt3678,3012677-T,ZEBRA,0
tt3679,T63353IO,ARMOR,0
tt3683,33-P080040-10AC,TSC,0
tt3691,880016-038,ZEBRA,0
tt3695,T63403IO,ARMOR,0
tt3700,3003245-1,ZEBRA,60
tt3701,3005103,ZEBRA,316
tt3702,3005281-T,ZEBRA,1408
tt3703,3005807,ZEBRA,18
tt3704,3006306-T,ZEBRA,132
tt3705,3007096-T,ZEBRA,192
tt3706,3007842-T,ZEBRA,700
tt3708,800283-205,ZEBRA,444
tt3709,800284-605,ZEBRA,11700
tt3710,87809,ZEBRA,288
tt3711,880191-038D,ZEBRA,372
tt3712,880595-025DU,ZEBRA,204
tt3713,880015-076D,ZEBRA,0
tt3715,T47798IO,ARMOR,0
tt3716,T64412IO,ARMOR,0
tt3717,T53536IO,ARMOR,0
tt3718,T67095QG,ARMOR,0
tt3719,T67096QG,ARMOR,0
tt3720,T63716QG,ARMOR,0
tt3721,T57631QG,ARMOR,0
tt3722,880344-031,ZEBRA,0
tt3723,3011242,ZEBRA,0
tt3728,3007449-T,ZEBRA,0
tt3729,3012779-T,ZEBRA,0
tt3731,T63374IO,ARMOR,0
tt3732,T63455IO,ARMOR,0
tt3733,3002085,ZEBRA,0
tt37334,T60483IO,ARMOR,0
tt3735,T64373IO,ARMOR,0
tt3737,3014816-T,ZEBRA,0
tt3742,3003072,ZEBRA,0
tt3743,3003061,ZEBRA,80
tt3744,800440-314,ZEBRA,768
tt3745,800420-314,ZEBRA,0
tt3746,3006132,ZEBRA,0
tt3747,3006130,ZEBRA,0
tt3761,3009783-T,ZEBRA,0
tt3762,T63432IO,ARMOR,0
tt3769,3014861-T,ZEBRA,0
tt3775,3004559,ZEBRA,0
tt3776,3012178-T,ZEBRA,0
tt3779,880007-038D,ZEBRA,0
tt3784,T48850IO,ARMOR,0
tt3785,3008205-1T,ZEBRA,0
tt3786,T61069IO,ARMOR,0
tt3787,T48469IO,ARMOR,0
tt3788,3009935-T,ZEBRA,0
tt3791,3012297-T,ZEBRA,0
tt3794,3010961,ZEBRA,0
tt3795,74702,ZEBRA,0
tt3796,T53463ZA,ARMOR,0
tt3797,3007156,ZEBRA,0
tt3807,T65248IO,ARMOR,0
tt3808,T61852IO,ARMOR,0
tt3810,880350-127,ZEBRA,0
tt3811,T26229IO,ARMOR,0
tt3815,T53601IO,ARMOR,0
tt3817,T60940IO,ARMOR,0
tt3819,880330-019,ZEBRA,0
tt3820,3012949,ZEBRA,0
tt3821,3015392-T,ZEBRA,0
tt3824,3001184,ZEBRA,0
tt3826,3013056-T,ZEBRA,0
tt3827,3013112-T,ZEBRA,0
tt3829,T53508IO,ARMOR,0
tt3832,T67078ZA,ARMOR,0
tt3833,3008854,ZEBRA,0
tt3835,T53967IO,ARMOR,0
tt3843,880259-025D,ZEBRA,0
tt3860,3013290-T,ZEBRA,0
tt3865,3009722,ZEBRA,0
tt3879,3006569-T,ZEBRA,0
tt3885,3013243-T,ZEBRA,0
tt3892,3009724-T,ZEBRA,492
tt3898,C33S045741,EPSON,0
tt3906,C33S045737,EPSON,0
tt3907,C33S045736,EPSON,0
tt3909,T48228IO,ARMOR,0
tt3910,T14884IO,ARMOR,0
tt3911,C33S045740,EPSON,0
tt3912,C33S045739,EPSON,0
tt3913,C33S045738,EPSON,0
tt3917,3006553-T,ZEBRA,0
tt3922,T52980IO,ARMOR,0
tt3923,02300BK17090,ZEBRA,0
tt3924,T55855IO,ARMOR,0
tt3925,T51977IO,ARMOR,0
tt3927,T26745IO,ARMOR,0
tt3928,T24643IO,ARMOR,0
tt3929,T52471IO,ARMOR,0
tt3933,T43326ZA,ARMOR,0
tt3950,3009001-T,ZEBRA,0
tt3951,880007-012D,ZEBRA,0
tt3952,3005461,ZEBRA,0
tt3955,T64260IO,ARMOR,0
tt3957,T43711ZA,ARMOR,0
tt3969,3010754-T,ZEBRA,0
tt4022,880350-076,ZEBRA,0
tt4023,3011246-T,ZEBRA,0
tt4028,3001627,ZEBRA,0
tt4032,3004270,ZEBRA,0
tt4033,T54168IO,ARMOR,0
tt4036,3012615-T,ZEBRA,0
tt4051,3005081,ZEBRA,0
tt4055,3008503-T,ZEBRA,0
tt4056,P159026-001,TSC,0
tt4064,T14175IO,ARMOR,0
tt4066,3007739-1,ZEBRA,0
tt4068,880261-101D,ZEBRA,0
tt4072,3003793,ZEBRA,0
tt4074,880710-101,ZEBRA,0
tt4078,T47451IO,ARMOR,25
tt4080,P159082-001,TSC,300
tt4081,3007443,ZEBRA,0
tt4082,P159079-001,TSC,18
tt4098,T46875IO,ARMOR,0
tt4099,3001531,ZEBRA,0
tt4100,T60305IO,ARMOR,0
tt4102,T49826IO,ARMOR,0
tt4110,3009479-T,ZEBRA,0
tt4112,P159097-001,TSC,6
tt4113,3011180-T,ZEBRA,0
tt4115,880005-025D,ZEBRA,0
tt4118,P159030-001,TSC,0
tt4119,3011515,ZEBRA,0
tt4121,T14494IO,ARMOR,0
tt4126,3002041,ZEBRA,0
tt4133,T20874IO,ARMOR,0
tt4134,T13974IO,ARMOR,0
tt4137,3008713,ZEBRA,0
tt4138,3012351-T,ZEBRA,0
tt4139,P159157-001,TSC,0
tt4140,76775,ZEBRA,0
tt4141,P159168-001,TSC,18
tt4146,3006583-T,ZEBRA,0
tt4152,3009593-T,ZEBRA,0
tt4158,3006047,ZEBRA,0
tt4161,3011104,ZEBRA,0
tt4162,3011721,ZEBRA,0
tt4163,3004897,ZEBRA,0
tt4165,I90021-0,HONEYWELL,0
tt4174,880702-076,ZEBRA,0
tt4175,03300CT11007,ZEBRA,234
tt4176,3008864,ZEBRA,0
tt4181,3004158,ZEBRA,0
tt4193,3011771,ZEBRA,0
tt4194,3010744,ZEBRA,0
tt4197,T54057IO,ARMOR,0
tt4208,880399-063D,ZEBRA,0
tt4209,3005086-T,ZEBRA,0
tt4210,T24517IO,ARMOR,0
tt4215,P159051-001,TSC,36
tt4218,T20291IO,ARMOR,0
tt4219,P159162-001,TSC,6
tt4220,T55075IO,ARMOR,0
tt4231,P159006-001,TSC,0
tt4232,P159005-001,TSC,0
tt4236,P159013-001,TSC,0
tt4237,P159007-001,TSC,0
tt4240,P159093-001,TSC,0
tt4246,3011332-T,ZEBRA,0
tt4257,76576,ZEBRA,0
tt4258,3007740,ZEBRA,0
tt4280,3004657,ZEBRA,0
tt4282,P159169-001,TSC,0
tt4283,P159167-001,TSC,0
tt4284,P159170-001,TSC,0
tt4289,T64406IO,ARMOR,0
tt4290,T64409IO,ARMOR,0
tt4291,T64410IO,ARMOR,0
tt4293,T42484IO,ARMOR,0
tt4296,881170-076U,ZEBRA,0
tt4308,3011447-T,ZEBRA,0
tt4309,P159116-001,TSC,0
tt4310,T43608ZA,ARMOR,0
tt4313,T53210IO,ARMOR,0
tt4321,P159091-001,TSC,84
tt4338,86685,ZEBRA,0
tt4349,3007891,ZEBRA,0
tt4350,3004275,ZEBRA,0
tt4358,3007195-T,ZEBRA,0
tt4360,T64378IO,ARMOR,0
tt4367,3012578-T,ZEBRA,0
tt4369,T14176IO,ARMOR,0
tt4372,P140166-001,TSC,0
tt4374,T74346IO,ARMOR,0
tt4375,P159001-001,TSC,0
tt4376,P159002-001,TSC,0
tt4377,P159003-001,TSC,0
tt4378,P159004-001,TSC,48
tt4379,P159008-001,TSC,0
tt4380,P159009-001,TSC,0
tt4381,P159010-001,TSC,0
tt4382,P159011-001,TSC,0
tt4383,P159012-001,TSC,0
tt4384,P159014-001,TSC,24
tt4385,P159015-001,TSC,0
tt4386,P159016-001,TSC,0
tt4387,P159017-001,TSC,0
tt4388,P159018-001,TSC,0
tt4389,P159019-001,TSC,0
tt4390,P159020-001,TSC,0
tt4391,P159021-001,TSC,0
tt4392,P159022-001,TSC,0
tt4393,P159023-001,TSC,0
tt4394,P159024-001,TSC,0
tt4395,P159027-001,TSC,0
tt4396,P159028-001,TSC,0
tt4397,P159029-001,TSC,0
tt4398,P159031-001,TSC,0
tt4399,P159032-001,TSC,0
tt4400,P159033-001,TSC,0
tt4401,P159034-001,TSC,0
tt4402,P159035-001,TSC,0
tt4403,P159036-001,TSC,0
tt4404,P159037-001,TSC,0
tt4405,P159038-001,TSC,0
tt4406,P159039-001,TSC,0
tt4407,P159040-001,TSC,0
tt4408,P159041-001,TSC,0
tt4409,P159042-001,TSC,12
tt4410,P159043-001,TSC,0
tt4411,P159044-001,TSC,0
tt4412,P159045-001,TSC,0
tt4413,P159046-001,TSC,0
tt4414,P159047-001,TSC,0
tt4415,P159048-001,TSC,0
tt4416,P159049-001,TSC,84
tt4417,P159050-001,TSC,0
tt4418,P159052-001,TSC,0
tt4419,P159054-001,TSC,0
tt4420,P159061-001,TSC,0
tt4421,P159062-001,TSC,0
tt4422,P159063-001,TSC,0
tt4423,P159064-001,TSC,120
tt4424,P159065-001,TSC,0
tt4425,P159066-001,TSC,0
tt4426,P159067-001,TSC,0
tt4427,P159068-001,TSC,0
tt4428,P159069-001,TSC,36
tt4429,P159070-001,TSC,0
tt4430,P159071-001,TSC,0
tt4431,P159072-001,TSC,0
tt4432,P159073-001,TSC,0
tt4433,P159074-001,TSC,0
tt4434,P159075-001,TSC,0
tt4435,P159076-001,TSC,0
tt4436,P159077-001,TSC,0
tt4437,P159078-001,TSC,0
tt4438,P159080-001,TSC,0
tt4439,P159081-001,TSC,0
tt4440,P159083-001,TSC,0
tt4441,P159084-001,TSC,0
tt4442,P159085-001,TSC,0
tt4443,P159086-001,TSC,0
tt4444,P159087-001,TSC,0
tt4445,P159088-001,TSC,0
tt4446,P159089-001,TSC,0
tt4447,P159090-001,TSC,0
tt4448,P159092-001,TSC,0
tt4449,P159094-001,TSC,0
tt4450,P159095-001,TSC,0
tt4451,P159096-001,TSC,0
tt4452,P159098-001,TSC,0
tt4453,P159099-001,TSC,0
tt4454,P159100-001,TSC,0
tt4455,P159101-001,TSC,0
tt4456,P159102-001,TSC,0
tt4457,P159109-001,TSC,0
tt4458,P159110-001,TSC,0
tt4460,P159112-001,TSC,0
tt4461,P159113-001,TSC,0
tt4462,P159114-001,TSC,0
tt4463,P159115-001,TSC,0
tt4464,P159117-001,TSC,0
tt4466,P159119-001,TSC,0
tt4467,P159120-001,TSC,0
tt4468,P159121-001,TSC,0
tt4469,P159122-001,TSC,0
tt4470,P159123-001,TSC,0
tt4471,P159124-001,TSC,0
tt4473,P159126-001,TSC,0
tt4474,P159127-001,TSC,0
tt4475,P159128-001,TSC,0
tt4476,P159129-001,TSC,0
tt4477,P159130-001,TSC,0
tt4478,P159131-001,TSC,0
tt4480,P159133-001,TSC,0
tt4482,P159135-001,TSC,0
tt4483,P159136-001,TSC,0
tt4484,P159137-001,TSC,0
tt4485,P159138-001,TSC,0
tt4486,P159139-001,TSC,0
tt4487,P159140-001,TSC,0
tt4488,P159141-001,TSC,0
tt4489,P159142-001,TSC,0
tt4490,P159143-001,TSC,0
tt4491,P159144-001,TSC,0
tt4492,P159145-001,TSC,0
tt4493,P159146-001,TSC,0
tt4494,P159147-001,TSC,0
tt4495,P159148-001,TSC,0
tt4496,P159149-001,TSC,0
tt4497,P159150-001,TSC,0
tt4498,P159151-001,TSC,0
tt4499,P159152-001,TSC,0
tt4500,P159153-001,TSC,0
tt4501,P159154-001,TSC,0
tt4502,P159155-001,TSC,0
tt4503,P159156-001,TSC,0
tt4504,P159158-001,TSC,0
tt4505,P159159-001,TSC,0
tt4506,P159160-001,TSC,0
tt4507,P159161-001,TSC,0
tt4509,P159163-001,TSC,0
tt4510,P159164-001,TSC,0
tt4511,P159165-001,TSC,0
tt4512,P159166-001,TSC,0
tt4513,P159171-001,TSC,0
tt4514,P159172-001,TSC,0
tt4516,P173260-001,TSC,6
tt4518,T63462IO,ARMOR,0
tt4527,I90343-2,HONEYWELL,0
tt4529,T12869IO,ARMOR,0
tt4538,3008772-T,ZEBRA,0
tt4539,T47958IO,ARMOR,0
tt4548,3014882,ZEBRA,0
tt4553,3013082-T,ZEBRA,12
tt4560,87539,ZEBRA,0
tt4562,3013453-T,ZEBRA,0
tt4567,74942,ZEBRA,0
tt4570,01600CT11007,ZEBRA,42
tt4572,04800CT11007,ZEBRA,78
tt4580,3010803,ZEBRA,0
tt4581,T60336IO,ARMOR,0
tt4583,T59804IO,ARMOR,0
tt4586,3013208-T,ZEBRA,0
tt4592,3009761,ZEBRA,0
tt4595,P140163-001,TSC,0
tt4609,3008069-T,ZEBRA,0
tt4616,T63255IO,ARMOR,0
tt4617,T60860IO,ARMOR,0
tt4619,02300CT11007,ZEBRA,2868
tt4620,T52974IO,ARMOR,0
tt4622,3014089-T,ZEBRA,0
tt4623,T63440QG,ARMOR,0
tt4628,3010624,ZEBRA,0
tt4629,3013463-T,ZEBRA,0
tt4633,T44857IO,ARMOR,0
tt4634,1-970647-40-0,HONEYWELL,0
tt4637,3007949,ZEBRA,0
tt4638,3009812-T,ZEBRA,0
tt4640,880878-031U,ZEBRA,0
tt4641,3006184,ZEBRA,0
tt4646,880026-025,ZEBRA,0
tt4648,T43056IO,ARMOR,0
tt4650,3010187,ZEBRA,0
tt4672,3330055,CITIZEN,0
tt4673,3330080,CITIZEN,0
tt4674,3330110,CITIZEN,9
tt4675,3330170,CITIZEN,0
tt4676,3345110,CITIZEN,1
tt4677,3345150,CITIZEN,0
tt4679,3430055,CITIZEN,0
tt4680,3430080,CITIZEN,10
tt4681,3430110,CITIZEN,5
tt4682,3430170,CITIZEN,0
tt4683,3445110,CITIZEN,0
tt4686,3530055,CITIZEN,0
tt4687,3530080,CITIZEN,0
tt4688,3530110,CITIZEN,0
tt4689,3530170,CITIZEN,1
tt4690,3545110,CITIZEN,0
tt4692,3621900,CITIZEN,0
tt4693,3623200,CITIZEN,0
tt4702,T57603QG,ARMOR,20
tt4707,3002376,ZEBRA,0
tt4721,3002074,ZEBRA,0
tt4724,T51133IO,ARMOR,0
tt4727,3010901,ZEBRA,0
tt4728,3011409-T,ZEBRA,0
tt4745,T20631IO,ARMOR,0
tt4746,3009537-T,ZEBRA,0
tt4748,880181-025D,ZEBRA,0
tt4750,880016-050,ZEBRA,0
tt4753,T15460IO,ARMOR,0
tt4757,3012965,ZEBRA,0
tt4758,3012097-T,ZEBRA,0
tt4761,880340-019,ZEBRA,0
tt4762,3016407-T,ZEBRA,0
tt4763,T51189IO,ARMOR,0
tt4764,T43934IO,ARMOR,0
tt4768,T59253IO,ARMOR,0
tt4771,880351-031D,ZEBRA,0
tt4772,3001223,ZEBRA,0
tt4776,3003469,ZEBRA,0
tt4780,T73988IO,ARMOR,0
tt4783,3013542-T,ZEBRA,0
tt4785,T48260IO,ARMOR,0
tt4786,3010459,ZEBRA,12
tt4787,86860,ZEBRA,0
tt4797,3011367,ZEBRA,0
tt4798,T43028IO,ARMOR,0
tt4799,3005519,ZEBRA,0
tt4800,3002751,ZEBRA,0
tt4801,3003209,ZEBRA,0
tt4802,3004879,ZEBRA,0
tt4806,T43104ZA,ARMOR,0
tt4807,3009921-T,ZEBRA,0
tt4808,3003143,ZEBRA,0
tt4809,3007996-T,ZEBRA,0
tt4810,3010078-T,ZEBRA,0
tt4816,"C34 EM6T 54x86EL",NAKAGAWA,3
tt4820,880177-038D,ZEBRA,0
tt4838,3005668,ZEBRA,0
tt4847,3010890-T,ZEBRA,0
tt4854,3008037-T,ZEBRA,0
tt4855,880343-038D,ZEBRA,0
tt4856,3009508,ZEBRA,21
tt4865,3012236-T,ZEBRA,0
tt4866,3011352,ZEBRA,0
tt4881,880702-025,ZEBRA,0
tt4907,3005278,ZEBRA,0
tt4909,3006486,ZEBRA,0
tt4910,T15324IO,ARMOR,0
tt4926,3010837-T,ZEBRA,0
tt4927,3006377,ZEBRA,0
tt4939,3012177-T,ZEBRA,0
tt4944,T22558IO,ARMOR,0
tt4947,T48485IO,ARMOR,0
tt4948,02300ZD25707,ZEBRA,24
tt4949,03200ZD25707,ZEBRA,0
tt4950,05095ZD25707,ZEBRA,228
tt4957,3010771,ZEBRA,0
tt4960,3003772-T,ZEBRA,0
tt4961,T63691IO,ARMOR,0
tt4964,3012338-T,ZEBRA,0
tt4966,3008900,ZEBRA,0
tt4980,3013252-T,ZEBRA,0
tt4981,800300-301,ZEBRA,243
tt4984,3005939,ZEBRA,0
tt4998,T25153IO,ARMOR,0
tt4999,880019-031D,ZEBRA,0
tt5007,3011605-T,ZEBRA,0
tt5008,3013563-T,ZEBRA,0
tt5010,3010273-T,ZEBRA,0
tt5013,T54518IO,ARMOR,0
tt5028,3007558-T,ZEBRA,0
tt5035,3017014,ZEBRA,90
tt5036,880257-025D,ZEBRA,0
tt5043,DT-400250-BPR,TSC,0
tt5044,3014614-T,ZEBRA,0
tt5045,T74458IO,ARMOR,0
tt5046,T68384IO,ARMOR,0
tt5047,3002270,ZEBRA,0
tt5056,3017019,ZEBRA,0
tt5062,3017015,ZEBRA,30
tt5065,T52943IO,ARMOR,0
tt5066,880330-025,ZEBRA,0
tt5074,3010733-T,ZEBRA,0
tt5077,T14727IO,ARMOR,0
tt5081,3003855,ZEBRA,0
tt5082,T63417IO,ARMOR,0
tt5089,880183-063D,ZEBRA,0
tt5091,T53532IO,ARMOR,0
tt5094,"C34 EM6T 54X86",NAKAGAWA,6
tt5095,"C34 EM6 96x82",NAKAGAWA,0
tt5096,800300-254EM,ZEBRA,7
tt5097,T60864IO,ARMOR,0
tt5098,3008758,ZEBRA,0
tt5103,880595-076DU,ZEBRA,0
tt5105,T65503IO,ARMOR,0
tt5106,T64366IO,ARMOR,0
tt5112,76674,ZEBRA,0
tt5115,7113410,EPSON,78
tt5116,7113411,EPSON,0
tt5118,7113413,EPSON,58
tt5119,7113414,EPSON,20
tt5120,7113415,EPSON,0
tt5121,7113416,EPSON,30
tt5122,7113417,EPSON,0
tt5123,7113418,EPSON,19
tt5125,7113420,EPSON,3
tt5126,7113421,EPSON,0
tt5127,7113422,EPSON,0
tt5128,7113423,EPSON,0
tt5129,7113424,EPSON,4
tt5131,7113426,EPSON,95
tt5132,7113427,EPSON,163
tt5134,3004190-T,ZEBRA,0
tt5135,3009284,ZEBRA,0
tt5136,3017127,ZEBRA,24
tt5146,3009002,ZEBRA,0
tt5149,3017016,ZEBRA,20
tt5155,3010636,ZEBRA,0
tt5162,T26724IO,ARMOR,0
tt5163,880338-019,ZEBRA,0
tt5164,T57611QG,ARMOR,0
tt5169,3006704-T,ZEBRA,0
tt5171,880328-025,ZEBRA,0
tt5172,T14982IO,ARMOR,0
tt5173,3017017,ZEBRA,0
tt5174,3006795,ZEBRA,0
tt5175,3011913-T,ZEBRA,0
tt5177,T14496IO,ARMOR,0
tt5180,880017-031D,ZEBRA,0
tt5181,880017-076D,ZEBRA,0
tt5182,880017-044D,ZEBRA,0
tt5183,3004748,ZEBRA,0
tt5184,3005476,ZEBRA,0
tt5185,87866,ZEBRA,0
tt5186,87541,ZEBRA,0
tt5188,880347-050D,ZEBRA,0
tt5203,3002956,ZEBRA,0
tt5204,3013565-T,ZEBRA,0
tt5212,880179-025D,ZEBRA,0
tt5214,3011274-T,ZEBRA,0
tt5216,T63453QG,ARMOR,0
tt5218,T63371IO,ARMOR,0
tt5223,38-G105148-12LF,TSC,0
tt5224,3001369,ZEBRA,0
tt5225,3013118-T,ZEBRA,0
tt5228,3007651-T,ZEBRA,0
tt5232,T63683IO,ARMOR,0
tt5233,T63657IO,ARMOR,0
tt5243,880023-076D,ZEBRA,0
tt5244,T43057IO,ARMOR,0
tt5259,T48259IO,ARMOR,0
tt5278,T44317IO,ARMOR,0
tt5281,86938,ZEBRA,0
tt5283,880342-038,ZEBRA,0
tt5285,3001392,ZEBRA,0
tt5299,880334-050,ZEBRA,0
tt5301,T63305IO,ARMOR,0
tt5303,3001698,ZEBRA,0
tt5308,3006738,ZEBRA,0
tt5320,T58691IO,ARMOR,0
tt5323,3006112,ZEBRA,0
tt5325,T45832IO,ARMOR,0
tt5331,T63616IO,ARMOR,0
tt5333,T46133ZA,ARMOR,0
tt5334,T61457ZA,ARMOR,0
tt5336,3004876,ZEBRA,0
tt5337,880004-069,ZEBRA,0
tt5338,3009904-T,ZEBRA,0
tt5339,3012050-T,ZEBRA,0
tt5348,3006028-T,ZEBRA,0
tt5368,3009629-T,ZEBRA,0
tt5373,T81810IO,ARMOR,0
tt5381,T55216IO,ARMOR,0
tt5382,T46978IO,ARMOR,0
tt5383,3005731-T,ZEBRA,0
tt5400,3009377-T,ZEBRA,0
tt5405,T72577IO,ARMOR,0
tt5406,DT-S100032LL,TSC,1043
tt5409,T47658IO,ARMOR,0
tt5412,T53509IO,ARMOR,0
tt5415,T62422QG,ARMOR,0
tt5417,3002066,ZEBRA,96
tt5424,3003482,ZEBRA,0
tt5425,3012756-T,ZEBRA,0
tt5428,T60828IO,ARMOR,0
tt5429,T65488IO,ARMOR,0
tt5430,T69390IO,ARMOR,0
tt5435,800300-564EM,ZEBRA,2
tt5440,01600BK22045,ZEBRA,0
tt5442,3003185,ZEBRA,0
tt5444,880169-076D,ZEBRA,0
tt5446,3010241,ZEBRA,0
tt5453,3012856-T,ZEBRA,0
tt5454,T63424IO,ARMOR,0
tt5455,3005718,ZEBRA,0
tt5459,3009708-T,ZEBRA,0
tt5460,3008436-1T,ZEBRA,0
tt5461,3006808-T,ZEBRA,0
tt5462,3001334,ZEBRA,0
tt5463,3010240,ZEBRA,0
tt5464,3011780-T,ZEBRA,0
tt5467,38-T100150-10LF,TSC,0
tt5468,38-G102076-10LF,TSC,0
tt5469,38-T100050-10LF,TSC,0
tt5470,38-T102076-10LF,TSC,0
tt5471,38-T102102-11LF,TSC,0
tt5472,38-G100050-10LF,TSC,0
tt5473,38-G105148-00LF,TSC,0
tt5474,38-T102102-10LF,TSC,8
tt5475,38-T148210-10LF,TSC,0
tt5476,38-T148210-11LF,TSC,6
tt5477,38-G102102-10LF,TSC,0
tt5478,38-G100150-10LF,TSC,0
tt5479,38-G148210-10LF,TSC,0
tt5487,3011330,ZEBRA,0
tt5506,T65499IO,ARMOR,0
tt5513,T65428IO,ARMOR,0
tt5514,T63250IO,ARMOR,0
tt5516,3005969,ZEBRA,0
tt5519,3006786,ZEBRA,0
tt5523,ZIPZLM3013254,ZEBRA,0
tt5524,ZIPZLD3016796,ZEBRA,0
tt5525,3011528,ZEBRA,0
tt5526,38-G100150-12LF,TSC,0
tt5532,T63408IO,ARMOR,0
tt5536,3005546,ZEBRA,0
tt5538,T48647IO,ARMOR,50
tt5545,T54060IO,ARMOR,0
tt5546,3004385PI-T,ZEBRA,0
tt5547,ZIPZLM3013255,ZEBRA,0
tt5548,T51987IO,ARMOR,0
tt5550,T44544IO,ARMOR,0
tt5551,T53738IO,ARMOR,0
tt5558,3010844,ZEBRA,0
tt5559,86321,ZEBRA,0
tt5562,880702-019,ZEBRA,0
tt5563,T54389IO,ARMOR,0
tt5566,ZIPZLM3017634,ZEBRA,0
tt5575,3004945,ZEBRA,0
tt5578,3017018,ZEBRA,0
tt5579,T65441IO,ARMOR,0
tt5582,ZIPZLM3016410,ZEBRA,0
tt5594,3003219-1,ZEBRA,0
tt5595,T75283IO,ARMOR,0
tt5597,T63712QG,ARMOR,0
tt5604,880023-082D,ZEBRA,0
tt5605,880007-019D,ZEBRA,0
tt5606,3005516,ZEBRA,0
tt5611,T43639IO,ARMOR,0
tt5614,3009461-T,ZEBRA,0
tt5615,P159191-001,TSC,12
tt5616,P159189-001,TSC,0
tt5617,P159195-001,TSC,0
tt5618,P159196-001,TSC,0
tt5619,P159190-001,TSC,0
tt5620,P159198-001,TSC,24
tt5621,P159186-001,TSC,0
tt5622,P159193-001,TSC,0
tt5623,P159197-001,TSC,0
tt5624,P159199-001,TSC,0
tt5625,P159194-001,TSC,0
tt5626,P159198-001,TSC,0
tt5627,P159192-001,TSC,0
tt5628,P159187-001,TSC,0
tt5629,P159188-001,TSC,0
tt5632,880433-019DU,ZEBRA,0
tt5640,3012885-T,ZEBRA,0
tt5641,3012822-T,ZEBRA,0
tt5644,"C34 TIJ 18 96x82",NAKAGAWA,17
tt5645,"C34 TIJ 18 96x134",NAKAGAWA,0
tt5646,T60769IO,ARMOR,0
tt5647,T41215IO,ARMOR,0
tt5648,T76753IO,ARMOR,0
tt5656,38-S100130-1031,TSC,0
tt5659,T74471IO,ARMOR,0
tt5660,200972,ZEBRA,0
tt5677,3005558,ZEBRA,0
tt5678,3010576,ZEBRA,0
tt5679,86057,ZEBRA,0
tt5680,880834-038U,ZEBRA,0
tt5690,3001975,ZEBRA,0
tt5694,T83703IO,ARMOR,40
tt5695,T57327IO,ARMOR,0
tt5697,3006968,ZEBRA,0
tt5698,86052,ZEBRA,0
tt5699,3005483,ZEBRA,0
tt5711,880447-050DU,ZEBRA,0
tt5713,T47660IO,ARMOR,0
tt5719,3008495-T,ZEBRA,0
tt5720,880013-044D,ZEBRA,0
tt5723,"Linerless 80 mm x 70 m, restickable",NAKAGAWA,300
tt5724,"Linerless 58 mm x 70 m, restickable",NAKAGAWA,140
tt5725,S00000-130-00160-03,NAKAGAWA,214
tt5726,"Linerless 80 mm x 65 m, permanent HML",NAKAGAWA,193
tt5728,T43844IO,ARMOR,0
tt5743,38-S100032-1031,TSC,1401
tt5748,76846,ZEBRA,0
tt5752,T51926IO,ARMOR,0
tt5753,T53462ZA,ARMOR,0
tt5755,T22623ZA,ARMOR,0
tt5756,T22623IO,ARMOR,0
tt5759,3007185-T,ZEBRA,0
tt5764,T24679IO,ARMOR,0
tt5766,T72045QG,ARMOR,0
tt5767,3014668-T,ZEBRA,0
tt5772,T81430IO,ARMOR,0
tt5782,T55606IO,ARMOR,0
tt5784,3006939,ZEBRA,0
tt5786,3005968,ZEBRA,0
tt5805,T63439IO,ARMOR,0
tt5806,T67226IO,ARMOR,0
tt5812,T77014IO,ARMOR,0
tt5816,T63359IO,ARMOR,0
tt5819,T63457IO,ARMOR,0
tt5822,T63720QG,ARMOR,0
tt5823,T63719QG,ARMOR,0
tt5824,T63725QG,ARMOR,0
tt5825,T69219QG,ARMOR,0
tt5826,T62421QG,ARMOR,0
tt5827,T63459IO,ARMOR,0
tt5829,T63360IO,ARMOR,0
tt5831,T74457IO,ARMOR,0
tt5832,T76351IO,ARMOR,0
tt5833,T74467IO,ARMOR,0
tt5834,T74476IO,ARMOR,10
tt5835,T74465IO,ARMOR,0
tt5836,T74431IO,ARMOR,0
tt5837,T63481IO,ARMOR,0
tt5838,T60300IO,ARMOR,0
tt5839,T56725IO,ARMOR,25
tt5840,T77847IO,ARMOR,0
tt5841,T77849IO,ARMOR,0
tt5842,T77844IO,ARMOR,0
tt5843,T77846IO,ARMOR,0
tt5844,T77848IO,ARMOR,0
tt5845,T77842IO,ARMOR,0
tt5846,T69695IO,ARMOR,0
tt5847,T78440IO,ARMOR,0
tt5848,T71791IO,ARMOR,0
tt5849,T59245IO,ARMOR,0
tt5850,T59548IO,ARMOR,0
tt5851,T63344IO,ARMOR,0
tt5852,T83342IO,ARMOR,0
tt5869,ZIPZLT3017582,ZEBRA,24
tt5875,3011661-T,ZEBRA,0
tt5891,3009478-T,ZEBRA,0
tt5910,7113701,EPSON,0
tt5911,7113702,EPSON,0
tt5912,7113703,EPSON,0
tt5913,7113704,EPSON,130
tt5926,3011097,ZEBRA,0
tt5948,ZIPZLM3017704,ZEBRA,0
tt5950,880665-076DU,ZEBRA,0
tt5972,3004538,ZEBRA,0
tt5984,3010759,ZEBRA,0
tt5985,3011418,ZEBRA,0
tt5998,3012727-T,ZEBRA,0
tt6035,38-G050020-10LF,TSC,0
tt6041,7113750,EPSON,213
tt6042,7113751,EPSON,99
tt6043,7113753,EPSON,336
tt6045,7113755,EPSON,4
tt6046,7113756,EPSON,106
tt6047,7113757,EPSON,18
tt6048,7113758,EPSON,0
tt6049,7113759,EPSON,1
tt6050,7113760,EPSON,0
tt6051,7113761,EPSON,0
tt6052,7113762,EPSON,0
tt6053,7113763,EPSON,0
tt6054,7113764,EPSON,0
tt6055,7113765,EPSON,0
tt6056,7113766,EPSON,27
tt6085,3004301,ZEBRA,0
tt6088,3013335-T,ZEBRA,0
tt6089,3013135-T,ZEBRA,0
tt6102,ZIPZED3018653XL,ZEBRA,432
tt6103,ZIPZED3018654XL,ZEBRA,72
tt6104,ZIPZED3018655XL,ZEBRA,444
tt6135,SLP-SRL,SEIKO,1112
tt6149,38-T102102-12LF,TSC,0
tt6150,38-T100150-12LF,TSC,18
tt6151,38-G102102-12LF,TSC,0
tt6152,38-G100150-11LF,TSC,0
tt6153,38-S100320-1041,TSC,2
tt6172,3013882-T,ZEBRA,0
tt6174,3011034-T,ZEBRA,0
tt6180,3003372,ZEBRA,0
tt6222,3001284,ZEBRA,0
tt6246,3001263,ZEBRA,0
tt6247,3008839,ZEBRA,0
tt6248,3008212,ZEBRA,0
tt6250,3007982-T,ZEBRA,0
tt6254,3012337-T,ZEBRA,0
tt6258,3013803-T,ZEBRA,0
tt6272,38-T100050-14LF,TSC,0
tt6278,800294-505,ZEBRA,0
tt6293,38-G100050-12LF,TSC,0
tt6303,3004076,ZEBRA,0
tt6306,38-T075050-12LF,TSC,0
tt6307,38-G075050-12LF,TSC,0
tt6310,3010243,ZEBRA,25
tt6314,38-G100100-12LF,TSC,0
tt6318,76356,ZEBRA,0
tt6319,3006208,ZEBRA,0
tt6326,3008613-T,ZEBRA,0
tt6327,7113752,EPSON,0
tt6334,3015111-T,ZEBRA,0
tt6335,3009179-T,ZEBRA,24
tt6340,38-T032020-14LF,TSC,0
tt6341,38-T040040-14LF,TSC,0
tt6342,38-T045030-14LF,TSC,0
tt6343,38-T047047-14LF,TSC,0
tt6344,38-T050020-14LF,TSC,0
tt6345,38-T050035-14LF,TSC,0
tt6346,38-T050050-14LF,TSC,0
tt6347,38-T055070-14LF,TSC,0
tt6348,38-T058075-14LF,TSC,0
tt6349,38-T075050-14LF,TSC,0
tt6350,38-T080055-14LF,TSC,0
tt6351,38-T080060-14LF,TSC,0
tt6352,38-T080120-14LF,TSC,0
tt6353,38-T080160-14LF,TSC,0
tt6354,38-T090036-14LF,TSC,0
tt6355,38-T100025-14LF,TSC,0
tt6356,38-T100100-14LF,TSC,0
tt6357,38-T100130-14LF,TSC,0
tt6358,38-T102102-14LF,TSC,144
tt6359,38-T104074-14LF,TSC,0
tt6360,38-T105148-14LF,TSC,0
tt6362,38-T032020-12LF,TSC,0
tt6363,38-T040040-12LF,TSC,0
tt6364,38-T045030-12LF,TSC,0
tt6365,38-T047047-12LF,TSC,0
tt6366,38-T050020-12LF,TSC,0
tt6367,38-T050035-12LF,TSC,0
tt6368,38-T050050-12LF,TSC,0
tt6369,38-T055070-12LF,TSC,0
tt6370,38-T058075-12LF,TSC,0
tt6371,38-T080055-12LF,TSC,0
tt6372,38-T080060-12LF,TSC,0
tt6373,38-T080120-12LF,TSC,0
tt6374,38-T080160-12LF,TSC,0
tt6375,38-T090036-12LF,TSC,0
tt6376,38-T100050-12LF,TSC,0
tt6377,38-T100100-12LF,TSC,0
tt6378,38-T100130-12LF,TSC,0
tt6379,38-T104074-12LF,TSC,0
tt6380,38-T105148-2-12LF,TSC,0
tt6381,38-T115072-12LF,TSC,0
tt6382,38-T115170-12LF,TSC,0
tt6383,38-G032020-12LF,TSC,0
tt6384,38-G040040-12LF,TSC,0
tt6385,38-G045030-12LF,TSC,0
tt6386,38-G047047-12LF,TSC,0
tt6387,38-G050020-12LF,TSC,0
tt6388,38-G050035-12LF,TSC,0
tt6389,38-G050050-12LF,TSC,0
tt6390,38-G055070-12LF,TSC,0
tt6391,38-G058075-12LF,TSC,0
tt6392,38-G080055-12LF,TSC,0
tt6393,38-G080060-12LF,TSC,0
tt6394,38-G080120-12LF,TSC,0
tt6395,38-G080160-12LF,TSC,0
tt6396,38-G090036-12LF,TSC,0
tt6397,38-G100130-12LF,TSC,0
tt6398,38-G104074-12LF,TSC,0
tt6399,38-G115072-12LF,TSC,0
tt6400,38-G115170-12LF,TSC,0
tt6401,38-T032020-10LF,TSC,0
tt6402,38-T040040-10LF,TSC,0
tt6403,38-T045030-10LF,TSC,0
tt6404,38-T047047-10LF,TSC,0
tt6405,38-T050020-10LF,TSC,0
tt6406,38-T050035-10LF,TSC,0
tt6407,38-T050055-10LF,TSC,0
tt6408,38-T055070-10LF,TSC,0
tt6409,38-T058075-10LF,TSC,0
tt6410,38-T075050-10LF,TSC,0
tt6411,38-T080055-10LF,TSC,0
tt6412,38-T080060-10LF,TSC,0
tt6413,38-T080120-10LF,TSC,0
tt6414,38-T080160-10LF,TSC,0
tt6415,38-T090036-10LF,TSC,0
tt6416,38-T100100-10LF,TSC,0
tt6417,38-T100130-10LF,TSC,0
tt6418,38-T100150-10LF-P,TSC,0
tt6419,38-T104074-10LF,TSC,0
tt6420,38-T105148-2-10LF,TSC,0
tt6421,38-T115072-10LF,TSC,0
tt6422,38-T115170-10LF,TSC,0
tt6423,38-T130100-10LF,TSC,0
tt6424,38-T135083-10LF,TSC,0
tt6425,38-T140175-10LF,TSC,0
tt6426,38-T145100-10LF,TSC,0
tt6427,38-T148210-10LF-P,TSC,0
tt6428,38-T165214-10LF,TSC,0
tt6429,38-T210150-10LF,TSC,0
tt6430,38-T100150-11LF,TSC,0
tt6431,38-T100150-11LF-P,TSC,0
tt6432,38-T148210-11LF-P,TSC,0
tt6433,38-G032020-10LF,TSC,0
tt6434,38-G040040-10LF,TSC,0
tt6435,38-G045030-10LF,TSC,0
tt6436,38-G047047-10LF,TSC,0
tt6437,38-G050035-10LF,TSC,0
tt6438,38-G050055-10LF,TSC,0
tt6439,38-G055070-10LF,TSC,0
tt6440,38-G058075-10LF,TSC,0
tt6441,38-G075050-10LF,TSC,0
tt6442,38-G080055-10LF,TSC,0
tt6443,38-G080060-10LF,TSC,0
tt6444,38-G080120-10LF,TSC,0
tt6445,38-G080160-10LF,TSC,0
tt6446,38-G090036-10LF,TSC,0
tt6447,38-G100100-10LF,TSC,0
tt6448,38-G100130-2-10LF,TSC,0
tt6449,38-G104074-2-10LF,TSC,0
tt6450,38-G115170-10LF,TSC,0
tt6451,38-G130100-10LF,TSC,0
tt6452,38-G135083-10LF,TSC,0
tt6453,38-G140175-10LF,TSC,0
tt6454,38-G145100-10LF,TSC,0
tt6455,38-G165214-10LF,TSC,0
tt6456,38-G210150-10LF,TSC,0
tt6457,38-G050050-11LF,TSC,0
tt6458,38-G075050-11LF,TSC,0
tt6459,38-G100050-11LF,TSC,0
tt6460,38-G102102-11LF,TSC,0
tt6461,38-G102076-11LF,TSC,0
tt6462,38-G148210-11LF,TSC,0
tt6463,38-S100032-1032,TSC,0
tt6464,38-S078130-1031,TSC,4
tt6465,38-S105320-1041,TSC,0
tt6466,38-S039360-1041,TSC,0
tt6516,3004608,ZEBRA,4
tt6522,880336-057,ZEBRA,0
tt6523,3010231-T,ZEBRA,0
tt6524,880411-101DU,ZEBRA,0
tt6525,3011791-T,ZEBRA,0
tt6530,880191-050D,ZEBRA,0
tt6537,3013918-T,ZEBRA,0
tt6542,3006852-T,ZEBRA,0
tt6552,3010739-T,ZEBRA,0
tt6554,3004329,ZEBRA,0
tt6555,3008120,ZEBRA,0
tt6558,3007278,ZEBRA,0
tt6560,3010373-T,ZEBRA,0
tt6565,3011368,ZEBRA,0
tt6580,3002848,ZEBRA,0
tt6593,3002109,ZEBRA,12
tt6611,880010-019,ZEBRA,0
tt6614,3008689-T,ZEBRA,0
tt6631,3005878,ZEBRA,0
tt6633,3011576-T,ZEBRA,0
tt6634,3013028,ZEBRA,0
tt6656,3007997-T,ZEBRA,0
tt6657,3011473-T,ZEBRA,0
tt6658,3008906-T,ZEBRA,0
tt6689,86378,ZEBRA,0
tt6821,ZIPZLD3019198,ZEBRA,0
tt6967,56157-00328,HEIPA,0
tt7093,ZIPZLM3019355,ZEBRA,0
tt7099,S00000-130-00190-03,NAKAGAWA,54
tt7207,T67378IO,ARMOR,0
tt7210,T77380IO,ARMOR,0
ttf219,800132-102,ZEBRA,2868
ttf230,05100BK08345,ZEBRA,0
ttf233,04800BK15645,ZEBRA,0
ttf239,05319BK08345,ZEBRA,0
ttf240,03200BK06045,ZEBRA,360
ttf241,02300BK08345,ZEBRA,900
ttf243,02100BK08945,ZEBRA,0
ttf244,04800BK06045,ZEBRA,720
ttf246,02100BK06045,ZEBRA,12
ttf274,03200BK11045,ZEBRA,528
ttf276,02300BK15645,ZEBRA,1080
ttf281,05095GS11007,ZEBRA,1428
ttzc1002ymcko,800300-370EM,ZEBRA,52
ttzc100white,800300-309EM,ZEBRA,0
ttzc100ymcko-2,800300-250EM,ZEBRA,903
ttzc300kdo,800300-320EM,ZEBRA,0
ttzc300kro,800300-321EM,ZEBRA,3
ttzc300rcy,800300-255EM,ZEBRA,379
ttzc300ymckok,800300-360EM,ZEBRA,18
ttzh001,10006995K,ZEBRA,481
ttzh002,10006995-1K,ZEBRA,0
ttzh003,10006999K,ZEBRA,0
ttzh004,10006998K,ZEBRA,0
ttzh007,97032-RED,ZEBRA,0
ttzh008,97032-BLUE,ZEBRA,0
ttzh009,97032-YELLOW,ZEBRA,0
ttzh010,97032-GREEN,ZEBRA,0
ttzh012,10012713-2K,ZEBRA,0
ttzh013,10006995-5K,ZEBRA,0
ttzh016,10012713-1K,ZEBRA,0
ttzh017,10012713-3K,ZEBRA,0
ttzh018,10012713-4K,ZEBRA,0
ttzh019,10012713-5K,ZEBRA,0
ttzh020,10012713-6K,ZEBRA,0
ttzh021,10012713-7K,ZEBRA,0
ttzh022,10006995-7K,ZEBRA,2
ttzh023,10012717-1K,ZEBRA,0
ttzh024,10012717-2K,ZEBRA,0
ttzh025,10012717-3K,ZEBRA,0
ttzh026,10012717-4K,ZEBRA,0
ttzh027,10012717-5K,ZEBRA,0
ttzh028,10012717-6K,ZEBRA,0
ttzh029,10012717-7K,ZEBRA,0
ttzh030,10012712-1,ZEBRA,0
ttzh031,10012712-2,ZEBRA,0
ttzh032,10012712-3,ZEBRA,0
ttzh033,10012712-4,ZEBRA,0
ttzh034,10012712-5,ZEBRA,0
ttzh035,10012712-6,ZEBRA,0
ttzh036,10012712-7,ZEBRA,0
ttzh037,10012718-1,ZEBRA,0
ttzh038,10012718-2,ZEBRA,0
ttzh039,10012718-3,ZEBRA,4
ttzh040,10012718-4,ZEBRA,0
ttzh041,10012718-5,ZEBRA,0
ttzh042,10012718-6,ZEBRA,0
ttzh043,10012718-7,ZEBRA,0
ttzh046,97032-PINK,ZEBRA,0
ttzh048,10006995-4K,ZEBRA,0
ttzh049,10006995-2K,ZEBRA,2
ttzh050,10006995-3K,ZEBRA,0
ttzh051,10015356K,ZEBRA,102
ttzh052,10015358K,ZEBRA,0
ttzh054,10006995-6K,ZEBRA,0
ttzh056,10006999-RK,ZEBRA,0
ttzh057,10006995-RK,ZEBRA,0
ttzh058,10027730K,ZEBRA,0
ttzh059,10027728K,ZEBRA,0
ttzh061,10027729K,ZEBRA,0
ttzp1gold2,800017-206,ZEBRA,0
ttzp3-111,104523-111,ZEBRA,497
ttzp3-210,104523-210,ZEBRA,0
ttzp3-215,104523-215,ZEBRA,0
ttzp34clea,105909-169,ZEBRA,0
ttzp3clelo,105912G-707,ZEBRA,0
ttzp4-107,104524-107,ZEBRA,0
ttzp5-915,800015-915,ZEBRA,0
ttzp8-102,800059-102-01,ZEBRA,0
ttzp8-801,104524-801,ZEBRA,0
ttzt220par,P1037974-002,ZEBRA,0
ttzxp14c,800011-140,ZEBRA,0
ttzxp1black,800011-101,ZEBRA,40
ttzxp34c,800033-840,ZEBRA,226
ttzxp34c2,800033-340,ZEBRA,48
ttzxp34ck,800033-848,ZEBRA,12
ttzxp35c,800033-348,ZEBRA,0
ttzxp3iribbla,800033-850,ZEBRA,5
ukstromkab,16652E,INLINE,1317
usbkabel,34518H,INLINE,0
usbkabel3,34535H,INLINE,108
usbkabel5sw,34555S,INLINE,39
usbkabelsw,34518S,JARLTECH,632
win10iot19ltsce-inst,MUV-00005,MICROSOFT,245
win10iot19ltscv-inst,MUU-00005,MICROSOFT,278
win10iot21ltsce-inst,MUV-00028,MICROSOFT,56
win10iot21ltscv-inst,MUU-00028,MICROSOFT,11
win11iot24ltsce-inst,"MS0 EP2-07328",MICROSOFT,101
win11iot24ltscv-inst,"MS0 EP2-07324",MICROSOFT,22
winembinst64de,"S5C-00065 pre-installed",MICROSOFT,53
winembinst64en,"S5C-00065 pre-installed",MICROSOFT,53
winembinst64fr,"S5C-00065 pre-installed",MICROSOFT,53
winembinst64nl,"S5C-00065 pre-installed",MICROSOFT,53
z01970-058-3,01970-058-3,ZEBRA,15
z1031359,P1031359,ZEBRA,47
z1031365-034,P1031365-034,ZEBRA,22
z1031365-053,P1031365-053,ZEBRA,0
z1037750-006,P1037750-006,ZEBRA,7
z1037974-004,P1037974-004,ZEBRA,0
z104523,104523-010,ZEBRA,29
z104523-113,104523-113,ZEBRA,0
z104523-118,104523-118,ZEBRA,0
z104523-118-1,104523-118-01,ZEBRA,0
z104523-130,104523-130,ZEBRA,0
z104523-131,104523-131,ZEBRA,0
z104523-132,104523-132,ZEBRA,0
z104523-134,104523-134,ZEBRA,0
z104523-135,104523-135,ZEBRA,0
z104523-20,104523-020,ZEBRA,0
z104523117,104523-117,ZEBRA,0
z104524-120,104524-120,ZEBRA,0
z104531-00,104531-001,ZEBRA,0
z105850-001,105850-001,ZEBRA,0
z105909-05,105909G-057,ZEBRA,0
z105910-150,105910-150,ZEBRA,0
z105910-174,105910-174,ZEBRA,0
z105910118,G105910-118,ZEBRA,0
z105912-007,105912-007,ZEBRA,6
z105934-034,105934-034,ZEBRA,4
z105934-053,105934-053,ZEBRA,31
z105999-804,105999-804,ZEBRA,0
z1063406-032,P1063406-032,ZEBRA,4
z1063406-038,P1063406-038,ZEBRA,35
z1079903-026,P1079903-026,ZEBRA,12
z1105147-020,P1105147-020,ZEBRA,8
z15055,15055,ZEBRA,10
z15997,15997,ZEBRA,0
z1retc21xx-1c3,Z1RE-TC21XX-1C03,ZEBRA,9999
z1retc26xx-11,Z1RE-TC26XX-1100,ZEBRA,9999
z1retc26xx-12,Z1RE-TC26XX-1200,ZEBRA,9999
z1retc26xx-1c3,Z1RE-TC26XX-1C03,ZEBRA,9999
z3005220,3005220,ZEBRA,0
z3006295,3006295,ZEBRA,0
z3006320,3006320,ZEBRA,612
z3600stand,STND-AS0036-07,ZEBRA,72
z44902,44902,ZEBRA,1
z47362,47362,ZEBRA,56
z761000t,3007537-T,ZEBRA,0
z79830m,79830M,ZEBRA,0
z79866m,79866M,ZEBRA,102
z79867m,79867M,ZEBRA,115
z800050-158,800050-158,ZEBRA,0
z800050-167,800050-167,ZEBRA,0
z800059-304,800059-304,ZEBRA,25
z86110,86110,ZEBRA,0
z86164,86164,ZEBRA,0
z86186,86186,ZEBRA,0
z86223,86223,ZEBRA,0
za9169798,A9169798,ZEBRA,0
za9183902,A9183902,ZEBRA,0
zael10wxx-5c,Z1AE-L10WXX-5C00,ZEBRA,9999
zak17463-002,AK17463-002,ZEBRA,0
zasl10wxx-3c,Z1AS-L10WXX-3C03,ZEBRA,9999
zasl10wxx-5c,Z1AS-L10WXX-5C03,ZEBRA,9999
zc100,ZC11-0000000EM00,ZEBRA,0
zc100-2,ZC11-000C000EM00,ZEBRA,21
zc100-3,ZC11-0M00000EM00,ZEBRA,0
zc100-4,ZC11-0M0C000EM00,ZEBRA,0
zc100-5,ZC11-0000Q00EM00,ZEBRA,7
zc100cleancard3,105999-311-01,ZEBRA,174
zc100cleanckit,105999-310-01,ZEBRA,117
zc300,ZC31-000C000EM00,ZEBRA,72
zc300-2,ZC31-0M0C000EM00,ZEBRA,0
zc300-3,ZC32-000C000EM00,ZEBRA,28
zc300-4,ZC32-0M0C000EM00,ZEBRA,0
zc300-5,ZC31-000CQ00EM00,ZEBRA,45
zc300-9,ZC32-000CQ00EM00,ZEBRA,12
zcscab2-3,CS-CAB-2-FLTPK-B-EMEA,ZEBRA,0
zcscab3-3,CS-CAB-3-FLTPK-B-EMEA,ZEBRA,4
zcscab4-2,CS-CAB-4-FLTPK-B-EMEA,ZEBRA,0
zcscab5-2,CS-CAB-5-EXT-FLTPK-B-EMEA,ZEBRA,1
zcscab5-4,CS-CAB-5XL-FLTPK-B-EMEA,ZEBRA,0
zdpro3,ZEBRADESIGNER-PRO3,ZEBRA,9999
zg105850,G105850-003,ZEBRA,48
zg10595003,105950-035,ZEBRA,423
zg1112640-061,P1112640-061,ZEBRA,61
zg1112640-062,P1112640-062,ZEBRA,6
zg1112640-063,P1112640-063,ZEBRA,0
zg1112640-064,P1112640-064,ZEBRA,0
zg1112640-216,P1112640-216,ZEBRA,92
zg1112640-217,P1112640-217,ZEBRA,2
zg1112640-238,P1112640-238,ZEBRA,78
zg1112640-251,P1112640-251,ZEBRA,28
zg1112640-252,P1112640-252,ZEBRA,11
zg22101m,G22101M,ZEBRA,14
zg22253m,G22253M,ZEBRA,0
zg32432-1m,G32432-1M,ZEBRA,3
zg41011m,G41011M,ZEBRA,0
zjaemc33xx-5c,ZJAE-MC33XX-5C00,ZEBRA,9999
zjaemc93xx-3c,ZJAE-MC93XX-3C00,ZEBRA,9999
zjaeps20xx-5c3,ZJAE-PS20XX-5C03,ZEBRA,9999
zjaetc21xx-3c,ZJAE-TC21XX-3C00,ZEBRA,9999
zjaetc27xx-3c,ZJAE-TC27XX-3C00,ZEBRA,9999
zjaetc57xx-5c,ZJAE-TC57XX-5C00,ZEBRA,9999
zl10andpkit,KIT-L10A-PWR-01,ZEBRA,0
zm300,TT-30-M300-2,ZEBRA,49
zm300bat,TT-30-0200,ZEBRA,8
zm300p,TT-30-300P-2,ZEBRA,3
zm300ppt,TT-30-0006,ZEBRA,10
zmount,BRKT-MM0099C-04,ZEBRA,0
zp1004236,P1004236,ZEBRA,87
zp1004237,P1004237,ZEBRA,126
zp1004238,P1004238,ZEBRA,13
zp1004239,P1004239,ZEBRA,0
zp1008483,P1008483,ZEBRA,0
zp1014125,P1014125,ZEBRA,33
zp1018257,P1018257,ZEBRA,2
zp1027135-039,P1027135-039,ZEBRA,46
zp1027135-040,P1027135-040,ZEBRA,32
zp1031365-058,P1031365-058,ZEBRA,0
zp1031365-192,P1031365-192,ZEBRA,225
zp1031365028,P1031365-028,ZEBRA,0
zp1031925-149,P1031925-149,ZEBRA,0
zp1037974-005,P1037974-005,ZEBRA,5
zp1037974-006,P1037974-006,ZEBRA,0
zp1037974-008,P1037974-008,ZEBRA,5
zp1037974-028,P1037974-028,ZEBRA,99
zp1037974010,P1037974-010,ZEBRA,149
zp1037974011,P1037974-011,ZEBRA,75
zp1046696-006,P1046696-006,ZEBRA,0
zp1046696-060,P1046696-060,ZEBRA,13
zp1046696-073,P1046696-073,ZEBRA,49
zp1046696-140,P1046696-140,ZEBRA,0
zp1050667-017,P1050667-017,ZEBRA,53
zp1050667-030,P1050667-030,ZEBRA,0
zp1050667-032,P1050667-032,ZEBRA,30
zp1050667-034,P1050667-034,ZEBRA,25
zp1050667-037,P1050667-037,ZEBRA,197
zp1050667-061,P1050667-061,ZEBRA,23
zp1050667-142,P1050667-142,ZEBRA,0
zp1058930-026,P1058930-026,ZEBRA,6
zp1058930-096,P1058930-096,ZEBRA,0
zp1058930-104,P1058930-104,ZEBRA,27
zp1058930-105,P1058930-105,ZEBRA,19
zp1058930-106,P1058930-106,ZEBRA,0
zp1063406-026,P1063406-026,ZEBRA,0
zp1063406-049,P1063406-049,ZEBRA,0
zp1063406-052,P1063406-052,ZEBRA,3
zp1063406-133,P1063406-133,ZEBRA,0
zp1065668-021,P1065668-021,ZEBRA,0
zp1079903-003,P1079903-003,ZEBRA,17
zp1080383,P1080383-417,ZEBRA,0
zp1080383-016,P1080383-016,ZEBRA,0
zp1080383-022,P1080383-022,ZEBRA,13
zp1080383-037,P1080383-037,ZEBRA,0
zp1080383-221,P1080383-221,ZEBRA,0
zp1080383-228,P1080383-228,ZEBRA,146
zp1080383-231,P1080383-231,ZEBRA,65
zp1080383-247,P1080383-247,ZEBRA,0
zp1080383-418,P1080383-418,ZEBRA,531
zp1080383-430,P1080383-430,ZEBRA,0
zp1080383-736d,P1080383-736D,ZEBRA,0
zp1080383-747,P1080383-747,ZEBRA,0
zp1080383-748,P1080383-748,ZEBRA,0
zp1080383-749,P1080383-749,ZEBRA,0
zp1080383-750,P1080383-750,ZEBRA,0
zp1083320,P1083320-033,ZEBRA,27
zp1083320-010,P1083320-010,ZEBRA,27
zp1083320-011,P1083320-011,ZEBRA,123
zp1083320-012,P1083320-012,ZEBRA,12
zp1083320-032,P1083320-032,ZEBRA,0
zp1083320-037c,P1083320-037C,ZEBRA,207
zp1083320-037g,P1083320-037G,ZEBRA,11
zp1083320-038,P1083320-038,ZEBRA,23
zp1083320-039,P1083320-039,ZEBRA,0
zp1083320-040,P1083320-040,ZEBRA,0
zp1083320-084,P1083320-084,ZEBRA,7
zp1083320-127,P1083320-127,ZEBRA,0
zp1083320-134,P1083320-134,ZEBRA,8
zp1083347-005,P1083347-005,ZEBRA,0
zp1083347-012,P1083347-012,ZEBRA,45
zp1083347-016,P1083347-016,ZEBRA,0
zp1083347-036,P1083347-036,ZEBRA,0
zp1086845-001,P1086845-001,ZEBRA,0
zp1094879-020,P1094879-020,ZEBRA,5
zp1094879-110,P1094879-110,ZEBRA,0
zp1094879012,P1094879-012,ZEBRA,0
zp1105147-019,P1105147-019,ZEBRA,71
zp1105147-300,P1105147-300,ZEBRA,0
zp1105147-700,P1105147-700,ZEBRA,0
zp1112640-054,P1112640-054,ZEBRA,11
zp1112640-071,P1112640-071,ZEBRA,0
zp1112640-235,P1112640-235,ZEBRA,0
zp1112750-086,P1112750-086,ZEBRA,1
zp1115687,P1115687,ZEBRA,0
zp1115688,P1115688,ZEBRA,0
zp1115690,P1115690,ZEBRA,32
zp1116110-009,P1116110-009,ZEBRA,0
zp1116110-010,P1116110-010,ZEBRA,0
zp1116110-014,P1116110-014,ZEBRA,0
zp1116110-015,P1116110-015,ZEBRA,56
zp1116110-025,P1116110-025,ZEBRA,0
zp1117258-012,P1117258-012,ZEBRA,0
zp1117258-020,P1117258-020,ZEBRA,0
zp1117258-021,P1117258-021,ZEBRA,0
zp1117258-022,P1117258-022,ZEBRA,0
zp1117258-023,P1117258-023,ZEBRA,0
zp1117258-024,P1117258-024,ZEBRA,0
zp1117258-030,P1117258-030,ZEBRA,29
zp1117258-031,P1117258-031,ZEBRA,53
zp1117258-032,P1117258-032,ZEBRA,0
zp1117258-033,P1117258-033,ZEBRA,0
zp1117258-036,P1117258-036,ZEBRA,1
zp1117258-037,P1117258-037,ZEBRA,0
zp1117258-227,P1117258-227,ZEBRA,0
zp1117258-230,P1117258-230,ZEBRA,8
zp1117258-231,P1117258-231,ZEBRA,0
zp1117258-232,P1117258-232,ZEBRA,0
zp1117258-233,P1117258-233,ZEBRA,0
zp1117258-235,P1117258-235,ZEBRA,0
zp1123335-025,P1123335-025,ZEBRA,0
zp1123335-026c,P1123335-026C,ZEBRA,0
zp1123335-035,P1123335-035,ZEBRA,0
zp1123335-041,P1123335-041,ZEBRA,14
zp1123335-042,P1123335-042,ZEBRA,18
zp1123335-056,P1123335-056,ZEBRA,131
zp1123335-057,P1123335-057,ZEBRA,31
zp1123335-152,P1123335-152,ZEBRA,0
zp1123335-153,P1123335-153,ZEBRA,0
zp1123335-154,P1123335-154,ZEBRA,0
zp1123335-155,P1123335-155,ZEBRA,0
zp1123335-156,P1123335-156,ZEBRA,0
zp1123335-157,P1123335-157,ZEBRA,0
zs400,TT-40-0400-2,ZEBRA,3
zstandgnb,STND-GS00UNC-04,ZEBRA,0
zttp80pguide,01970-080-3,ZEBRA,2
zttp80pguide2,01970-082-3,ZEBRA,89
zwarl10-3c,Z1AE-L10WXX-3C00,ZEBRA,9999
zxp3cleanca,105999-302,ZEBRA,54
zxp7black,800077-701,ZEBRA,45
zxp7black2,800077-711EM,ZEBRA,65
zxp7boxlami,P1037750-089,ZEBRA,9
zxp7clean,105999-701,ZEBRA,25
zxp7clean2,105999-705,ZEBRA,0
zxp7clean3,105999-704,ZEBRA,0
zxp7feed2,P1037750-159,ZEBRA,0
zxp7gold,800077-716EM,ZEBRA,0
zxp7hop,P1037750-100,ZEBRA,0
zxp7kdo,800077-751EM,ZEBRA,132
zxp7white,800077-709EM,ZEBRA,0
zxp7white2,800077-719EM,ZEBRA,0
zxp7ymcko,800077-742EM,ZEBRA,80
zxp7ymcko2,800077-740EM,ZEBRA,0
zxp7ymcko3,800077-747EM,ZEBRA,0
zxp7ymckok,800077-748EM,ZEBRA,0
zxp7ymckok2,800077-749EM,ZEBRA,10
zxp7ymcuvk,800077-770EM,ZEBRA,0
zxplamt,800084-914,ZEBRA,13
zxplamt2,800084-918,ZEBRA,0
